Abstract_Dep_Counts,Generated_Abstract_Dep_Counts
ROOT:8 | advcl:3 | advmod:1 | amod:12 | appos:2 | aux:2 | case:23 | cc:5 | ccomp:1 | conj:6 | cop:1 | csubj:1 | det:6 | expl:1 | fixed:7 | mark:10 | nmod:14 | nmod:poss:4 | nsubj:8 | nsubj:pass:3 | nummod:1 | obj:7 | obl:7 | punct:11 | xcomp:2,ROOT:9 | acl:1 | acl:cleft:2 | acl:relcl:2 | advcl:8 | advmod:10 | amod:22 | appos:2 | aux:8 | case:23 | cc:17 | ccomp:2 | compound:prt:1 | conj:15 | cop:4 | csubj:1 | det:9 | expl:1 | fixed:8 | mark:21 | nmod:11 | nmod:poss:6 | nsubj:20 | nsubj:pass:1 | obj:10 | obl:11 | obl:agent:1 | punct:20 | xcomp:3
ROOT:12 | acl:2 | acl:cleft:1 | acl:relcl:4 | advcl:1 | advmod:7 | amod:16 | aux:1 | case:32 | cc:11 | ccomp:3 | conj:13 | cop:4 | det:6 | expl:1 | fixed:1 | iobj:1 | mark:7 | nmod:18 | nmod:poss:8 | nsubj:15 | nsubj:pass:5 | nummod:7 | obj:7 | obl:15 | obl:agent:1 | parataxis:1 | punct:17 | xcomp:1,ROOT:21 | acl:3 | acl:cleft:1 | acl:relcl:8 | advcl:20 | advmod:37 | amod:21 | appos:1 | aux:16 | case:40 | cc:38 | ccomp:7 | compound:prt:1 | conj:50 | cop:5 | csubj:2 | dep:2 | det:16 | dislocated:2 | expl:1 | fixed:6 | iobj:1 | mark:52 | nmod:15 | nmod:poss:12 | nsubj:38 | nsubj:pass:15 | obj:28 | obl:22 | parataxis:3 | punct:67 | xcomp:8
ROOT:11 | acl:relcl:5 | advcl:6 | advmod:16 | amod:11 | appos:1 | aux:17 | case:32 | cc:11 | ccomp:6 | compound:prt:2 | conj:9 | cop:4 | det:10 | expl:2 | fixed:1 | mark:16 | nmod:9 | nmod:poss:3 | nsubj:24 | nsubj:pass:2 | nummod:2 | obj:12 | obl:22 | obl:agent:1 | parataxis:2 | punct:16 | xcomp:2,ROOT:13 | acl:3 | acl:relcl:1 | advcl:6 | advmod:24 | amod:23 | appos:3 | aux:10 | case:32 | cc:20 | ccomp:6 | compound:prt:2 | conj:26 | cop:1 | det:15 | dislocated:1 | expl:1 | fixed:3 | mark:21 | nmod:11 | nmod:poss:3 | nsubj:19 | nsubj:pass:7 | obj:15 | obl:21 | parataxis:2 | punct:32 | xcomp:5
ROOT:5 | acl:2 | acl:relcl:1 | advcl:1 | advmod:5 | amod:8 | aux:3 | case:14 | cc:10 | conj:7 | cop:1 | dep:1 | det:5 | mark:3 | nmod:3 | nmod:poss:4 | nsubj:8 | nsubj:pass:1 | obj:7 | obl:9 | punct:7,ROOT:15 | acl:4 | acl:relcl:6 | advcl:9 | advmod:27 | amod:39 | appos:2 | aux:4 | case:36 | cc:28 | ccomp:2 | compound:prt:2 | conj:34 | cop:3 | det:24 | fixed:4 | mark:20 | nmod:15 | nmod:poss:14 | nsubj:25 | nsubj:pass:10 | nummod:2 | obj:16 | obl:20 | obl:agent:1 | parataxis:1 | punct:34 | xcomp:5
ROOT:6 | acl:relcl:2 | advcl:2 | advmod:2 | amod:10 | appos:3 | case:18 | cc:8 | ccomp:3 | compound:prt:2 | conj:8 | det:9 | dislocated:1 | fixed:2 | mark:4 | nmod:8 | nmod:poss:2 | nsubj:7 | nsubj:pass:6 | nummod:2 | obj:3 | obl:11 | parataxis:1 | punct:12 | xcomp:2,ROOT:13 | acl:relcl:4 | advcl:5 | advmod:35 | amod:20 | appos:6 | aux:2 | case:30 | cc:36 | ccomp:1 | conj:44 | cop:3 | csubj:3 | dep:2 | det:6 | dislocated:3 | expl:1 | fixed:3 | mark:23 | nmod:10 | nmod:poss:7 | nsubj:18 | nsubj:pass:9 | obj:14 | obl:19 | parataxis:3 | punct:51 | xcomp:9
ROOT:7 | acl:relcl:2 | advcl:1 | advmod:7 | amod:9 | aux:3 | case:9 | cc:2 | ccomp:1 | conj:2 | cop:2 | det:9 | iobj:1 | mark:3 | nmod:6 | nmod:poss:4 | nsubj:11 | obj:8 | obl:6 | punct:9 | xcomp:2,ROOT:26 | acl:6 | acl:relcl:11 | advcl:11 | advmod:69 | amod:34 | appos:3 | aux:11 | case:70 | cc:38 | ccomp:6 | compound:prt:4 | conj:41 | cop:6 | dep:1 | det:27 | dislocated:1 | fixed:11 | flat:name:4 | mark:36 | nmod:27 | nmod:poss:27 | nsubj:49 | nsubj:pass:15 | nummod:3 | obj:22 | obl:45 | obl:agent:2 | parataxis:3 | punct:67 | xcomp:9
ROOT:12 | acl:1 | acl:relcl:4 | advcl:3 | advmod:17 | amod:22 | appos:3 | aux:5 | case:29 | cc:10 | compound:prt:4 | conj:9 | cop:6 | csubj:2 | det:21 | dislocated:2 | expl:3 | fixed:8 | mark:12 | nmod:13 | nmod:poss:6 | nsubj:15 | nsubj:pass:5 | nummod:4 | obj:3 | obl:18 | punct:18,ROOT:10 | acl:2 | acl:relcl:6 | advcl:5 | advmod:23 | amod:28 | appos:3 | aux:4 | case:24 | cc:22 | ccomp:2 | compound:prt:1 | conj:24 | cop:3 | csubj:1 | dep:1 | det:19 | dislocated:1 | fixed:6 | mark:21 | nmod:14 | nmod:poss:6 | nsubj:14 | nsubj:pass:10 | nummod:2 | obj:5 | obl:10 | punct:24 | xcomp:9
ROOT:8 | acl:2 | acl:relcl:1 | advcl:2 | advmod:8 | amod:20 | case:21 | cc:11 | ccomp:1 | compound:prt:1 | conj:12 | cop:4 | csubj:1 | det:11 | expl:1 | fixed:4 | mark:9 | nmod:7 | nmod:poss:1 | nsubj:10 | nsubj:pass:1 | obj:2 | obl:11 | parataxis:1 | punct:10 | xcomp:3,ROOT:14 | acl:relcl:4 | advcl:7 | advmod:20 | amod:33 | appos:3 | aux:3 | case:32 | cc:27 | ccomp:5 | conj:34 | cop:4 | csubj:2 | dep:3 | det:15 | dislocated:1 | expl:1 | fixed:4 | mark:21 | nmod:11 | nmod:poss:8 | nsubj:23 | nsubj:pass:12 | obj:12 | obl:16 | obl:agent:1 | parataxis:1 | punct:34 | xcomp:11
ROOT:11 | acl:1 | advcl:8 | advmod:6 | amod:19 | aux:8 | case:28 | cc:8 | ccomp:1 | compound:prt:4 | conj:6 | cop:2 | csubj:1 | det:17 | expl:1 | fixed:3 | mark:20 | nmod:13 | nmod:poss:4 | nsubj:13 | nsubj:pass:4 | nummod:1 | obj:11 | obl:18 | parataxis:2 | punct:14 | xcomp:2,ROOT:13 | acl:relcl:5 | advcl:11 | advmod:21 | amod:29 | appos:1 | aux:6 | case:34 | cc:20 | ccomp:4 | compound:prt:2 | conj:24 | cop:2 | csubj:1 | dep:1 | det:16 | dislocated:1 | fixed:3 | mark:23 | nmod:20 | nmod:poss:4 | nsubj:20 | nsubj:pass:10 | obj:10 | obl:14 | punct:29 | xcomp:4
ROOT:9 | acl:1 | acl:relcl:3 | advcl:1 | advmod:3 | amod:6 | appos:5 | case:17 | cc:6 | compound:prt:2 | conj:10 | cop:5 | det:5 | mark:3 | nmod:13 | nsubj:10 | nummod:1 | obj:6 | obl:6 | obl:agent:1 | punct:15 | xcomp:2,ROOT:15 | acl:1 | acl:relcl:7 | advcl:9 | advmod:25 | amod:33 | appos:5 | aux:2 | case:30 | cc:27 | ccomp:6 | compound:prt:2 | conj:44 | cop:4 | dep:2 | det:23 | dislocated:2 | fixed:6 | iobj:1 | mark:26 | nmod:17 | nmod:poss:5 | nsubj:21 | nsubj:pass:9 | obj:14 | obl:11 | parataxis:2 | punct:58 | xcomp:3
ROOT:8 | acl:relcl:2 | advcl:2 | advmod:4 | amod:12 | appos:1 | aux:3 | case:17 | cc:4 | ccomp:2 | conj:7 | cop:2 | det:7 | fixed:1 | mark:4 | nmod:7 | nsubj:13 | nsubj:pass:3 | nummod:4 | obj:7 | obl:10 | obl:agent:1 | parataxis:2 | punct:17 | xcomp:1,ROOT:14 | acl:2 | acl:relcl:5 | advcl:7 | advmod:32 | amod:27 | appos:1 | aux:10 | case:29 | cc:24 | ccomp:4 | compound:prt:1 | conj:34 | cop:5 | csubj:1 | dep:1 | det:13 | fixed:6 | mark:22 | nmod:10 | nmod:poss:5 | nsubj:24 | nsubj:pass:10 | obj:15 | obl:18 | obl:agent:1 | punct:36 | xcomp:3
ROOT:13 | acl:4 | acl:relcl:6 | advcl:2 | advmod:14 | amod:29 | appos:3 | aux:6 | case:63 | cc:20 | conj:21 | cop:3 | csubj:1 | det:17 | expl:2 | fixed:5 | mark:11 | nmod:40 | nmod:poss:5 | nsubj:19 | nsubj:pass:5 | nummod:2 | obj:10 | obl:22 | obl:agent:1 | parataxis:3 | punct:31 | xcomp:1,ROOT:14 | acl:4 | acl:relcl:2 | advcl:11 | advmod:27 | amod:22 | appos:3 | aux:5 | case:32 | cc:25 | ccomp:2 | conj:30 | cop:3 | dep:2 | det:13 | dislocated:1 | fixed:3 | mark:29 | nmod:14 | nmod:poss:2 | nsubj:16 | nsubj:pass:10 | obj:16 | obl:16 | obl:agent:1 | punct:31 | xcomp:5
ROOT:13 | acl:3 | acl:relcl:6 | advcl:4 | advmod:15 | amod:17 | aux:5 | case:30 | cc:2 | conj:2 | cop:8 | csubj:2 | dep:1 | det:13 | dislocated:1 | expl:2 | fixed:4 | mark:13 | nmod:11 | nmod:poss:1 | nsubj:13 | nsubj:pass:7 | obj:12 | obl:17 | obl:agent:1 | punct:12 | xcomp:4,ROOT:8 | acl:2 | acl:relcl:1 | advcl:7 | advmod:16 | amod:27 | appos:7 | aux:6 | case:26 | cc:19 | ccomp:3 | conj:21 | cop:2 | dep:1 | det:10 | dislocated:1 | fixed:4 | mark:16 | nmod:10 | nmod:poss:2 | nsubj:18 | nsubj:pass:5 | nummod:1 | obj:11 | obl:16 | punct:25 | xcomp:1
ROOT:5 | acl:relcl:4 | advcl:2 | advmod:4 | amod:10 | appos:3 | aux:1 | case:11 | cc:6 | conj:6 | cop:2 | det:3 | expl:1 | fixed:2 | iobj:1 | mark:5 | nmod:10 | nsubj:6 | nsubj:pass:5 | nummod:3 | obj:5 | obl:3 | punct:12 | xcomp:3,ROOT:12 | acl:1 | acl:relcl:6 | advcl:4 | advmod:13 | amod:38 | appos:6 | aux:4 | case:33 | cc:32 | ccomp:2 | compound:prt:1 | conj:38 | cop:7 | dep:1 | det:13 | dislocated:1 | fixed:8 | mark:15 | nmod:22 | nmod:poss:1 | nsubj:24 | nsubj:pass:3 | obj:12 | obl:17 | parataxis:2 | punct:38 | xcomp:5
ROOT:19 | acl:relcl:4 | advcl:10 | advmod:19 | amod:20 | appos:2 | aux:6 | case:48 | cc:25 | ccomp:1 | compound:prt:1 | conj:19 | cop:7 | det:8 | fixed:2 | mark:10 | nmod:34 | nmod:poss:2 | nsubj:25 | nsubj:pass:6 | nummod:10 | obj:6 | obl:19 | obl:agent:2 | parataxis:2 | punct:33 | xcomp:1,ROOT:19 | acl:4 | acl:cleft:1 | acl:relcl:7 | advcl:7 | advmod:35 | amod:38 | appos:6 | aux:9 | case:48 | cc:34 | ccomp:1 | conj:35 | cop:11 | csubj:2 | det:19 | fixed:13 | mark:16 | nmod:14 | nmod:poss:4 | nsubj:28 | nsubj:pass:10 | nummod:2 | obj:20 | obl:29 | obl:agent:3 | parataxis:1 | punct:51 | xcomp:7
ROOT:14 | advcl:1 | advmod:5 | amod:15 | appos:3 | aux:2 | case:19 | cc:19 | ccomp:2 | compound:prt:1 | conj:22 | cop:3 | det:9 | expl:2 | mark:5 | nmod:17 | nmod:poss:4 | nsubj:15 | nsubj:pass:4 | nummod:19 | obj:15 | obl:15 | parataxis:3 | punct:36,ROOT:15 | acl:5 | acl:relcl:4 | advcl:9 | advmod:33 | amod:40 | appos:2 | aux:10 | case:43 | cc:34 | ccomp:1 | compound:prt:2 | conj:35 | cop:13 | csubj:2 | dep:1 | det:16 | fixed:9 | mark:21 | nmod:11 | nmod:poss:2 | nsubj:31 | nsubj:pass:3 | nummod:1 | obj:22 | obl:29 | punct:35 | xcomp:1
ROOT:13 | acl:relcl:2 | advcl:7 | advmod:13 | amod:21 | appos:2 | aux:5 | case:27 | cc:16 | ccomp:4 | compound:prt:2 | conj:18 | cop:2 | csubj:1 | dep:1 | det:11 | expl:1 | fixed:7 | mark:16 | nmod:14 | nmod:poss:2 | nsubj:10 | nsubj:pass:8 | obj:6 | obl:15 | parataxis:1 | punct:21 | xcomp:2,ROOT:13 | acl:4 | acl:relcl:4 | advcl:11 | advmod:29 | amod:39 | appos:3 | aux:9 | case:29 | cc:41 | ccomp:4 | conj:50 | cop:4 | csubj:2 | dep:1 | det:17 | fixed:8 | mark:23 | nmod:10 | nmod:poss:10 | nsubj:25 | nsubj:pass:11 | obj:15 | obl:18 | punct:40 | xcomp:2
ROOT:17 | acl:3 | acl:cleft:1 | acl:relcl:1 | advcl:4 | advmod:13 | amod:18 | appos:4 | aux:1 | case:34 | cc:12 | ccomp:1 | compound:prt:1 | conj:15 | cop:5 | csubj:2 | dep:1 | det:9 | expl:3 | fixed:2 | flat:name:3 | mark:12 | nmod:23 | nmod:poss:2 | nsubj:9 | nsubj:pass:11 | nummod:6 | obj:12 | obl:16 | punct:21,ROOT:10 | acl:1 | acl:relcl:4 | advcl:5 | advmod:25 | amod:30 | appos:2 | aux:7 | case:29 | cc:13 | compound:prt:1 | conj:13 | cop:5 | csubj:1 | det:10 | dislocated:1 | fixed:5 | mark:11 | nmod:14 | nmod:poss:6 | nsubj:19 | nsubj:pass:5 | obj:7 | obl:17 | parataxis:1 | punct:19 | xcomp:1
ROOT:7 | acl:2 | acl:relcl:3 | advcl:4 | advmod:10 | amod:5 | aux:6 | case:13 | cc:5 | ccomp:1 | compound:prt:2 | conj:5 | cop:1 | dep:1 | det:9 | fixed:3 | flat:name:2 | mark:6 | nmod:3 | nmod:poss:4 | nsubj:11 | nsubj:pass:2 | nummod:1 | obj:8 | obl:10 | parataxis:2 | punct:11,ROOT:10 | acl:2 | acl:relcl:6 | advcl:6 | advmod:22 | amod:19 | appos:1 | aux:7 | case:34 | cc:20 | ccomp:4 | compound:prt:1 | conj:27 | cop:3 | csubj:2 | dep:1 | det:9 | dislocated:1 | fixed:1 | flat:name:1 | iobj:1 | mark:16 | nmod:14 | nmod:poss:11 | nsubj:14 | nsubj:pass:6 | nummod:1 | obj:14 | obl:17 | parataxis:1 | punct:27 | xcomp:3
ROOT:6 | acl:relcl:6 | advcl:2 | advmod:7 | amod:9 | aux:4 | case:17 | cc:5 | ccomp:2 | conj:5 | cop:7 | csubj:2 | det:18 | expl:1 | fixed:3 | mark:8 | nmod:7 | nsubj:12 | nsubj:pass:4 | nummod:4 | obj:7 | obl:7 | punct:8 | xcomp:1,ROOT:11 | acl:1 | acl:relcl:7 | advcl:11 | advmod:28 | amod:28 | appos:4 | aux:9 | case:32 | cc:20 | ccomp:4 | compound:prt:3 | conj:33 | cop:4 | csubj:2 | det:13 | dislocated:1 | expl:1 | fixed:7 | mark:18 | nmod:16 | nmod:poss:3 | nsubj:19 | nsubj:pass:9 | obj:12 | obl:14 | obl:agent:1 | parataxis:1 | punct:46 | xcomp:4
ROOT:4 | acl:relcl:2 | advcl:9 | advmod:12 | amod:7 | aux:4 | case:6 | cc:1 | compound:prt:4 | conj:1 | det:7 | dislocated:1 | mark:16 | nmod:2 | nsubj:5 | nsubj:pass:4 | nummod:1 | obj:8 | obl:5 | parataxis:1 | punct:6 | xcomp:2,ROOT:11 | acl:2 | acl:relcl:5 | advcl:11 | advmod:17 | amod:17 | appos:1 | aux:6 | case:26 | cc:15 | ccomp:3 | compound:prt:3 | conj:18 | cop:3 | csubj:1 | det:28 | expl:1 | fixed:3 | iobj:2 | mark:26 | nmod:12 | nmod:poss:1 | nsubj:15 | nsubj:pass:10 | nummod:1 | obj:19 | obl:15 | parataxis:1 | punct:22 | xcomp:5
ROOT:3 | acl:1 | acl:relcl:2 | advcl:1 | advmod:1 | amod:4 | case:12 | cc:1 | conj:2 | det:2 | fixed:3 | mark:2 | nmod:8 | nsubj:2 | nsubj:pass:2 | obj:1 | obl:5 | punct:3,ROOT:16 | acl:1 | acl:relcl:4 | advcl:10 | advmod:30 | amod:50 | appos:6 | aux:5 | case:41 | cc:20 | ccomp:1 | compound:prt:3 | conj:28 | cop:1 | csubj:1 | dep:1 | det:17 | fixed:4 | mark:17 | nmod:17 | nmod:poss:3 | nsubj:21 | nsubj:pass:14 | nummod:1 | obj:17 | obl:22 | parataxis:1 | punct:39 | xcomp:5
ROOT:11 | acl:3 | acl:relcl:8 | advcl:4 | advmod:5 | amod:14 | appos:2 | aux:6 | case:25 | cc:8 | ccomp:1 | conj:11 | cop:3 | det:17 | expl:1 | mark:13 | nmod:12 | nmod:poss:5 | nsubj:13 | nsubj:pass:9 | nummod:1 | obj:14 | obl:11 | punct:19 | xcomp:2,ROOT:12 | acl:4 | acl:relcl:6 | advcl:4 | advmod:31 | amod:30 | appos:2 | aux:8 | case:37 | cc:27 | ccomp:4 | conj:35 | cop:3 | csubj:2 | det:17 | dislocated:2 | expl:1 | fixed:5 | mark:18 | nmod:11 | nmod:poss:6 | nsubj:23 | nsubj:pass:10 | obj:13 | obl:20 | obl:agent:2 | parataxis:4 | punct:36 | xcomp:5
ROOT:8 | acl:cleft:1 | acl:relcl:1 | advcl:5 | advmod:11 | amod:12 | appos:1 | aux:5 | case:24 | cc:8 | ccomp:3 | conj:10 | cop:4 | csubj:1 | det:7 | expl:2 | mark:10 | nmod:16 | nmod:poss:2 | nsubj:13 | nsubj:pass:1 | nummod:3 | obj:10 | obl:9 | parataxis:1 | punct:10 | xcomp:2,ROOT:13 | acl:2 | acl:relcl:5 | advcl:10 | advmod:25 | amod:23 | appos:1 | aux:4 | case:31 | cc:29 | ccomp:5 | compound:prt:3 | conj:35 | cop:2 | csubj:1 | det:14 | dislocated:1 | expl:1 | fixed:7 | mark:29 | nmod:15 | nmod:poss:5 | nsubj:27 | nsubj:pass:6 | obj:14 | obl:18 | parataxis:2 | punct:37 | xcomp:9
ROOT:15 | acl:1 | acl:relcl:2 | advcl:4 | advmod:10 | amod:28 | appos:2 | aux:3 | case:35 | cc:16 | ccomp:1 | compound:prt:2 | conj:16 | cop:2 | csubj:1 | det:13 | expl:1 | fixed:2 | iobj:1 | mark:11 | nmod:15 | nmod:poss:6 | nsubj:13 | nsubj:pass:10 | nummod:1 | obj:13 | obl:18 | punct:23 | xcomp:5,ROOT:16 | acl:5 | acl:relcl:9 | advcl:9 | advmod:28 | amod:28 | aux:7 | case:34 | cc:31 | ccomp:2 | compound:prt:1 | conj:37 | cop:2 | csubj:1 | det:19 | dislocated:2 | fixed:5 | iobj:1 | mark:29 | nmod:11 | nmod:poss:10 | nsubj:28 | nsubj:pass:10 | obj:26 | obl:18 | obl:agent:2 | parataxis:1 | punct:46 | xcomp:7
ROOT:61 | acl:9 | acl:relcl:22 | advcl:19 | advmod:42 | amod:72 | appos:12 | aux:11 | case:107 | cc:61 | ccomp:13 | compound:prt:4 | conj:91 | cop:24 | csubj:3 | dep:1 | det:58 | dislocated:4 | expl:2 | fixed:14 | flat:name:4 | iobj:2 | mark:55 | nmod:57 | nmod:poss:49 | nsubj:82 | nsubj:pass:28 | nummod:6 | obj:45 | obl:61 | obl:agent:1 | parataxis:7 | punct:118 | xcomp:6,ROOT:15 | acl:2 | acl:relcl:4 | advcl:7 | advmod:27 | amod:38 | appos:3 | aux:6 | case:35 | cc:34 | ccomp:2 | compound:prt:2 | conj:39 | dep:1 | det:11 | fixed:2 | mark:17 | nmod:16 | nmod:poss:10 | nsubj:14 | nsubj:pass:12 | nummod:1 | obj:14 | obl:15 | parataxis:1 | punct:35 | xcomp:5
ROOT:4 | acl:relcl:2 | advmod:2 | amod:8 | case:11 | cc:9 | ccomp:1 | compound:prt:2 | conj:10 | cop:1 | det:1 | nmod:5 | nmod:poss:1 | nsubj:6 | nsubj:pass:1 | nummod:1 | obj:4 | obl:6 | punct:4,ROOT:17 | acl:5 | acl:relcl:6 | advcl:7 | advmod:25 | amod:38 | appos:6 | aux:9 | case:47 | cc:33 | ccomp:6 | compound:prt:1 | conj:39 | cop:5 | det:14 | dislocated:1 | fixed:6 | flat:name:1 | iobj:1 | mark:28 | nmod:24 | nmod:poss:12 | nsubj:29 | nsubj:pass:11 | obj:17 | obl:24 | obl:agent:2 | parataxis:3 | punct:44 | xcomp:5
ROOT:7 | acl:2 | acl:relcl:3 | advcl:4 | advmod:10 | amod:3 | aux:5 | case:16 | cc:5 | ccomp:2 | conj:2 | cop:2 | csubj:2 | dep:1 | det:11 | expl:2 | fixed:2 | mark:10 | nmod:8 | nsubj:11 | nsubj:pass:4 | nummod:1 | obj:8 | obl:6 | obl:agent:1 | parataxis:1 | punct:10 | xcomp:1,ROOT:20 | acl:2 | acl:relcl:9 | advcl:8 | advmod:39 | amod:27 | appos:4 | aux:6 | case:55 | cc:31 | ccomp:4 | compound:prt:1 | conj:39 | cop:2 | dep:2 | det:25 | dislocated:2 | fixed:7 | mark:24 | nmod:28 | nmod:poss:7 | nsubj:21 | nsubj:pass:23 | nummod:1 | obj:11 | obl:23 | parataxis:1 | punct:51 | xcomp:13
ROOT:15 | acl:1 | acl:relcl:4 | advcl:6 | advmod:7 | amod:27 | appos:2 | aux:2 | case:32 | cc:7 | compound:prt:1 | conj:6 | cop:1 | dep:1 | det:22 | expl:2 | fixed:5 | mark:13 | nmod:11 | nmod:poss:3 | nsubj:12 | nsubj:pass:6 | nummod:5 | obj:8 | obl:20 | obl:agent:2 | parataxis:1 | punct:19 | xcomp:3,ROOT:11 | acl:1 | acl:relcl:4 | advcl:8 | advmod:27 | amod:28 | appos:1 | aux:4 | case:37 | cc:35 | ccomp:2 | conj:43 | cop:5 | csubj:1 | det:15 | fixed:9 | mark:23 | nmod:19 | nmod:poss:5 | nsubj:21 | nsubj:pass:4 | obj:10 | obl:16 | parataxis:5 | punct:34 | xcomp:8
ROOT:9 | acl:relcl:2 | advcl:7 | advmod:9 | amod:9 | aux:8 | case:21 | cc:9 | ccomp:9 | compound:prt:1 | conj:9 | cop:1 | det:16 | expl:1 | fixed:1 | iobj:1 | mark:23 | nmod:11 | nmod:poss:5 | nsubj:16 | nsubj:pass:6 | nummod:2 | obj:11 | obl:9 | punct:9 | xcomp:2,ROOT:13 | acl:4 | acl:relcl:4 | advcl:8 | advmod:21 | amod:37 | appos:2 | aux:6 | case:40 | cc:27 | ccomp:6 | conj:32 | cop:2 | det:15 | fixed:2 | mark:31 | nmod:21 | nmod:poss:10 | nsubj:27 | nsubj:pass:3 | obj:14 | obl:17 | obl:agent:2 | punct:31 | xcomp:7
ROOT:13 | acl:1 | acl:relcl:4 | advcl:4 | advmod:20 | amod:18 | appos:1 | aux:7 | case:37 | cc:19 | ccomp:2 | compound:prt:1 | conj:17 | cop:4 | csubj:2 | dep:1 | det:8 | expl:2 | fixed:3 | mark:10 | nmod:16 | nmod:poss:5 | nsubj:23 | nsubj:pass:7 | nummod:1 | obj:9 | obl:20 | parataxis:4 | punct:20 | xcomp:5,ROOT:20 | acl:8 | acl:relcl:6 | advcl:15 | advmod:45 | amod:46 | appos:1 | aux:11 | case:45 | cc:37 | ccomp:8 | compound:prt:4 | conj:50 | cop:3 | csubj:2 | det:24 | dislocated:4 | expl:1 | fixed:4 | mark:40 | nmod:17 | nmod:poss:8 | nsubj:38 | nsubj:pass:14 | obj:28 | obl:30 | obl:agent:1 | punct:52 | xcomp:13
ROOT:4 | advcl:3 | advmod:4 | amod:3 | aux:5 | case:10 | cc:4 | ccomp:3 | conj:5 | cop:3 | csubj:1 | det:3 | mark:6 | nmod:7 | nmod:poss:2 | nsubj:6 | nsubj:pass:1 | obj:7 | obl:5 | punct:4,ROOT:13 | acl:3 | acl:relcl:4 | advcl:7 | advmod:30 | amod:17 | appos:2 | aux:3 | case:35 | cc:26 | ccomp:5 | conj:32 | cop:3 | csubj:1 | dep:2 | det:12 | dislocated:2 | fixed:3 | mark:29 | nmod:18 | nmod:poss:10 | nsubj:23 | nsubj:pass:13 | obj:16 | obl:24 | obl:agent:2 | parataxis:1 | punct:34 | xcomp:7
ROOT:11 | acl:relcl:5 | advcl:6 | advmod:16 | amod:11 | appos:1 | aux:17 | case:32 | cc:11 | ccomp:6 | compound:prt:2 | conj:9 | cop:4 | det:10 | expl:2 | fixed:1 | mark:16 | nmod:9 | nmod:poss:3 | nsubj:24 | nsubj:pass:2 | nummod:2 | obj:12 | obl:22 | obl:agent:1 | parataxis:2 | punct:16 | xcomp:2,ROOT:13 | acl:4 | acl:cleft:1 | acl:relcl:7 | advcl:7 | advmod:24 | amod:24 | appos:1 | aux:8 | case:25 | cc:19 | ccomp:6 | conj:28 | cop:2 | csubj:1 | det:24 | dislocated:3 | fixed:2 | mark:19 | nmod:11 | nmod:poss:6 | nsubj:24 | nsubj:pass:6 | obj:17 | obl:17 | obl:agent:1 | parataxis:2 | punct:30 | xcomp:5
ROOT:13 | acl:relcl:5 | advcl:5 | advmod:12 | amod:9 | aux:2 | case:29 | cc:7 | ccomp:4 | compound:prt:4 | conj:7 | cop:6 | dep:1 | det:13 | dislocated:1 | expl:2 | fixed:4 | mark:14 | nmod:11 | nmod:poss:1 | nsubj:21 | nsubj:pass:4 | obj:9 | obl:20 | punct:16 | xcomp:4,ROOT:14 | acl:6 | acl:relcl:4 | advcl:8 | advmod:31 | amod:27 | aux:13 | case:39 | cc:31 | ccomp:3 | compound:prt:3 | conj:38 | cop:2 | csubj:2 | dep:3 | det:13 | dislocated:2 | expl:1 | fixed:4 | mark:23 | nmod:15 | nmod:poss:4 | nsubj:24 | nsubj:pass:8 | obj:22 | obl:22 | obl:agent:1 | parataxis:1 | punct:38 | xcomp:3
ROOT:11 | acl:2 | acl:relcl:2 | advcl:3 | advmod:4 | amod:10 | aux:6 | case:24 | cc:14 | ccomp:2 | conj:16 | cop:5 | csubj:2 | det:15 | expl:4 | fixed:2 | mark:12 | nmod:9 | nmod:poss:5 | nsubj:12 | nsubj:pass:4 | nummod:1 | obj:10 | obl:10 | obl:agent:1 | parataxis:1 | punct:18,ROOT:14 | acl:1 | acl:relcl:5 | advcl:8 | advmod:25 | amod:21 | appos:1 | aux:15 | case:32 | cc:35 | ccomp:4 | compound:prt:1 | conj:40 | cop:3 | csubj:1 | det:12 | dislocated:1 | expl:1 | fixed:7 | mark:22 | nmod:7 | nmod:poss:2 | nsubj:25 | nsubj:pass:8 | nummod:1 | obj:24 | obl:23 | obl:agent:2 | punct:31 | xcomp:10
ROOT:3 | acl:1 | acl:relcl:1 | advcl:5 | advmod:6 | amod:5 | aux:3 | case:7 | cc:5 | compound:prt:4 | conj:5 | det:4 | fixed:2 | mark:10 | nmod:3 | nsubj:5 | nsubj:pass:2 | obj:6 | obl:4 | punct:5 | xcomp:2,ROOT:9 | acl:3 | acl:relcl:4 | advcl:7 | advmod:26 | amod:20 | appos:2 | aux:5 | case:30 | cc:24 | ccomp:2 | compound:prt:3 | conj:28 | cop:1 | dep:1 | det:17 | fixed:6 | mark:25 | nmod:12 | nmod:poss:8 | nsubj:15 | nsubj:pass:8 | obj:12 | obl:16 | obl:agent:1 | parataxis:1 | punct:26 | xcomp:9
ROOT:19 | acl:4 | acl:cleft:2 | acl:relcl:5 | advcl:5 | advmod:22 | amod:30 | appos:1 | aux:9 | case:47 | cc:21 | ccomp:5 | compound:prt:1 | conj:19 | cop:12 | csubj:3 | det:24 | expl:4 | fixed:7 | mark:28 | nmod:18 | nmod:poss:13 | nsubj:33 | nsubj:pass:3 | obj:29 | obl:26 | parataxis:3 | punct:22 | xcomp:8,ROOT:20 | acl:8 | acl:relcl:4 | advcl:6 | advmod:45 | amod:47 | appos:4 | aux:7 | case:52 | cc:40 | ccomp:5 | compound:prt:2 | conj:43 | cop:3 | csubj:1 | det:17 | dislocated:2 | expl:1 | fixed:5 | mark:38 | nmod:19 | nmod:poss:4 | nsubj:31 | nsubj:pass:11 | obj:25 | obl:25 | obl:agent:3 | parataxis:1 | punct:40 | xcomp:10
ROOT:8 | acl:2 | acl:relcl:4 | advcl:3 | advmod:10 | amod:12 | appos:2 | aux:7 | case:19 | cc:5 | ccomp:4 | compound:prt:1 | conj:6 | cop:4 | csubj:2 | det:16 | expl:2 | fixed:6 | iobj:1 | mark:14 | nmod:4 | nmod:poss:4 | nsubj:15 | nsubj:pass:6 | nummod:5 | obj:10 | obl:16 | parataxis:1 | punct:9 | xcomp:7,ROOT:12 | acl:3 | acl:relcl:7 | advcl:7 | advmod:25 | amod:16 | appos:1 | aux:9 | case:31 | cc:16 | ccomp:1 | compound:prt:1 | conj:20 | cop:5 | csubj:2 | det:10 | expl:1 | fixed:4 | mark:19 | nmod:9 | nmod:poss:12 | nsubj:21 | nsubj:pass:8 | nummod:1 | obj:17 | obl:20 | punct:23 | xcomp:5
ROOT:26 | acl:1 | acl:relcl:4 | advcl:4 | advmod:16 | amod:31 | appos:9 | aux:4 | case:70 | cc:26 | ccomp:2 | compound:prt:3 | conj:24 | cop:5 | csubj:1 | dep:4 | det:10 | dislocated:1 | fixed:5 | mark:13 | nmod:48 | nmod:poss:4 | nsubj:21 | nsubj:pass:16 | nummod:4 | obj:13 | obl:40 | parataxis:7 | punct:50 | xcomp:6,ROOT:15 | acl:2 | acl:relcl:3 | advcl:12 | advmod:27 | amod:30 | appos:6 | aux:9 | case:45 | cc:32 | ccomp:1 | conj:37 | cop:5 | dep:2 | det:12 | fixed:6 | flat:name:2 | mark:29 | nmod:19 | nmod:poss:14 | nsubj:20 | nsubj:pass:14 | obj:21 | obl:22 | obl:agent:2 | parataxis:3 | punct:47 | xcomp:7
ROOT:9 | acl:relcl:2 | advcl:1 | advmod:8 | amod:13 | appos:1 | aux:3 | case:15 | cc:3 | conj:3 | cop:3 | csubj:2 | dep:1 | det:12 | expl:2 | fixed:2 | mark:4 | nmod:10 | nmod:poss:1 | nsubj:7 | nsubj:pass:4 | nummod:5 | obj:6 | obl:7 | obl:agent:1 | parataxis:1 | punct:11 | xcomp:3,ROOT:15 | acl:relcl:6 | advcl:4 | advmod:29 | amod:36 | appos:6 | aux:6 | case:28 | cc:26 | ccomp:3 | compound:prt:1 | conj:33 | cop:3 | det:16 | fixed:11 | mark:14 | nmod:11 | nmod:poss:1 | nsubj:23 | nsubj:pass:4 | obj:16 | obl:17 | obl:agent:1 | parataxis:1 | punct:37 | xcomp:3
ROOT:12 | acl:3 | acl:relcl:4 | advcl:3 | advmod:12 | amod:13 | aux:2 | case:19 | cc:8 | ccomp:3 | conj:6 | cop:4 | csubj:4 | det:11 | dislocated:1 | expl:6 | fixed:5 | mark:18 | nmod:5 | nmod:poss:1 | nsubj:13 | nsubj:pass:2 | nummod:2 | obj:14 | obl:13 | parataxis:1 | punct:12 | xcomp:1,ROOT:12 | acl:1 | acl:relcl:9 | advcl:8 | advmod:23 | amod:33 | appos:1 | aux:8 | case:37 | cc:16 | ccomp:4 | compound:prt:1 | conj:23 | cop:4 | det:12 | fixed:4 | mark:18 | nmod:14 | nmod:poss:2 | nsubj:23 | nsubj:pass:9 | nummod:1 | obj:15 | obl:16 | obl:agent:2 | punct:27 | xcomp:4
ROOT:10 | acl:2 | acl:relcl:3 | advcl:2 | advmod:9 | amod:15 | appos:2 | aux:4 | case:19 | cc:10 | compound:prt:2 | conj:10 | cop:1 | csubj:1 | det:8 | mark:6 | nmod:11 | nmod:poss:1 | nsubj:8 | nsubj:pass:5 | nummod:2 | obj:4 | obl:7 | obl:agent:1 | parataxis:1 | punct:14 | xcomp:1,ROOT:12 | acl:3 | acl:relcl:4 | advcl:7 | advmod:33 | amod:21 | appos:1 | aux:2 | case:26 | cc:26 | ccomp:7 | compound:prt:1 | conj:34 | cop:2 | csubj:1 | dep:1 | det:11 | dislocated:1 | fixed:6 | iobj:1 | mark:25 | nmod:9 | nmod:poss:16 | nsubj:25 | nsubj:pass:10 | nummod:1 | obj:19 | obl:15 | parataxis:3 | punct:44 | xcomp:10
ROOT:9 | acl:1 | acl:relcl:4 | advcl:5 | advmod:4 | amod:14 | case:32 | cc:13 | ccomp:1 | compound:prt:3 | conj:12 | cop:5 | det:12 | fixed:3 | mark:10 | nmod:22 | nmod:poss:11 | nsubj:13 | nsubj:pass:4 | nummod:1 | obj:5 | obl:8 | obl:agent:1 | parataxis:2 | punct:12 | xcomp:1,ROOT:10 | acl:4 | acl:relcl:3 | advcl:8 | advmod:21 | amod:21 | appos:2 | aux:2 | case:24 | cc:24 | ccomp:4 | compound:prt:1 | conj:36 | cop:4 | csubj:1 | det:14 | fixed:9 | mark:25 | nmod:12 | nmod:poss:5 | nsubj:20 | nsubj:pass:3 | obj:18 | obl:11 | parataxis:2 | punct:38 | xcomp:7
ROOT:14 | acl:relcl:1 | advcl:3 | advmod:3 | amod:3 | aux:4 | case:11 | cc:13 | ccomp:2 | compound:prt:1 | conj:16 | cop:3 | det:2 | mark:10 | nmod:6 | nmod:poss:1 | nsubj:7 | nsubj:pass:4 | nummod:2 | obj:12 | obl:6 | punct:22 | xcomp:6,ROOT:26 | acl:4 | acl:relcl:10 | advcl:15 | advmod:35 | amod:23 | appos:1 | aux:23 | case:52 | cc:39 | ccomp:1 | compound:prt:3 | conj:53 | cop:7 | csubj:2 | det:26 | dislocated:1 | expl:2 | fixed:6 | mark:38 | nmod:16 | nmod:poss:7 | nsubj:40 | nsubj:pass:7 | obj:28 | obl:32 | obl:agent:1 | parataxis:1 | punct:56 | xcomp:9
ROOT:10 | acl:1 | advcl:2 | advmod:3 | amod:18 | appos:2 | aux:1 | case:31 | cc:14 | ccomp:2 | conj:23 | cop:5 | csubj:1 | det:13 | fixed:3 | mark:9 | nmod:19 | nmod:poss:8 | nsubj:10 | nsubj:pass:4 | nummod:2 | obj:7 | obl:9 | obl:agent:1 | punct:21 | xcomp:3,ROOT:13 | acl:7 | acl:relcl:5 | advcl:9 | advmod:24 | amod:33 | appos:1 | aux:7 | case:30 | cc:22 | ccomp:2 | compound:prt:1 | conj:26 | cop:5 | dep:1 | det:16 | fixed:8 | iobj:1 | mark:39 | nmod:11 | nmod:poss:5 | nsubj:29 | nsubj:pass:7 | obj:17 | obl:16 | punct:26 | xcomp:5
ROOT:8 | acl:1 | acl:relcl:3 | advmod:6 | amod:8 | appos:4 | aux:8 | case:19 | cc:8 | ccomp:1 | conj:10 | cop:3 | csubj:1 | det:13 | fixed:2 | mark:6 | nmod:13 | nmod:poss:9 | nsubj:12 | nummod:2 | obj:6 | obl:7 | parataxis:1 | punct:13,ROOT:15 | acl:2 | acl:relcl:9 | advcl:9 | advmod:21 | amod:29 | appos:1 | aux:7 | case:48 | cc:23 | ccomp:6 | compound:prt:2 | conj:26 | cop:5 | csubj:2 | det:19 | expl:1 | fixed:6 | iobj:1 | mark:28 | nmod:24 | nmod:poss:15 | nsubj:33 | nsubj:pass:3 | obj:16 | obl:20 | obl:agent:1 | parataxis:2 | punct:25 | xcomp:6
ROOT:10 | acl:1 | advcl:3 | advmod:5 | amod:9 | appos:1 | aux:5 | case:19 | cc:5 | compound:prt:2 | conj:8 | cop:1 | csubj:1 | det:10 | dislocated:1 | fixed:1 | iobj:1 | mark:5 | nmod:6 | nmod:poss:5 | nsubj:10 | nsubj:pass:4 | nummod:3 | obj:8 | obl:12 | punct:14,ROOT:17 | acl:7 | acl:relcl:7 | advcl:14 | advmod:37 | amod:32 | appos:1 | aux:10 | case:51 | cc:33 | ccomp:5 | conj:40 | cop:6 | csubj:2 | dep:1 | det:24 | dislocated:3 | fixed:8 | mark:41 | nmod:26 | nmod:poss:14 | nsubj:32 | nsubj:pass:16 | obj:15 | obl:25 | obl:agent:1 | parataxis:4 | punct:49 | xcomp:15
ROOT:6 | acl:1 | acl:relcl:3 | advcl:2 | advmod:3 | amod:10 | aux:1 | case:15 | cc:8 | ccomp:1 | conj:9 | cop:3 | csubj:1 | det:4 | fixed:1 | mark:8 | nmod:4 | nmod:poss:4 | nsubj:9 | nsubj:pass:4 | nummod:1 | obj:9 | obl:8 | obl:agent:1 | punct:7,ROOT:14 | acl:3 | acl:relcl:4 | advcl:9 | advmod:30 | amod:23 | appos:4 | aux:5 | case:38 | cc:26 | ccomp:2 | conj:45 | cop:2 | dep:3 | det:11 | dislocated:1 | expl:1 | fixed:4 | mark:17 | nmod:19 | nmod:poss:11 | nsubj:26 | nsubj:pass:11 | obj:11 | obl:17 | obl:agent:2 | parataxis:2 | punct:51 | xcomp:3
ROOT:18 | acl:2 | acl:cleft:1 | acl:relcl:7 | advcl:3 | advmod:13 | amod:13 | appos:6 | aux:5 | case:36 | cc:12 | ccomp:2 | compound:prt:4 | conj:14 | cop:9 | csubj:3 | dep:2 | det:19 | expl:2 | fixed:7 | mark:14 | nmod:17 | nmod:poss:15 | nsubj:21 | nsubj:pass:2 | nummod:7 | obj:13 | obl:19 | obl:agent:1 | punct:39 | xcomp:1,ROOT:16 | acl:3 | acl:relcl:2 | advcl:6 | advmod:25 | amod:31 | appos:5 | aux:7 | case:37 | cc:40 | ccomp:5 | compound:prt:3 | conj:45 | cop:4 | dep:1 | det:11 | dislocated:1 | fixed:2 | mark:20 | nmod:19 | nmod:poss:6 | nsubj:27 | nsubj:pass:6 | nummod:2 | obj:17 | obl:19 | parataxis:1 | punct:85 | xcomp:3
ROOT:5 | advcl:5 | advmod:3 | amod:6 | aux:pass:1 | case:11 | cc:6 | ccomp:3 | conj:7 | det:4 | fixed:4 | mark:11 | nmod:4 | nmod:poss:3 | nsubj:9 | nsubj:pass:3 | nummod:1 | obj:6 | obl:7 | punct:6 | xcomp:3,ROOT:17 | acl:6 | acl:relcl:2 | advcl:18 | advmod:29 | amod:34 | appos:1 | aux:16 | case:37 | cc:29 | ccomp:1 | compound:prt:1 | conj:33 | cop:3 | det:17 | fixed:9 | mark:37 | nmod:6 | nmod:poss:5 | nsubj:28 | nsubj:pass:10 | nummod:1 | obj:17 | obl:27 | parataxis:2 | punct:39 | xcomp:8
ROOT:9 | acl:1 | acl:relcl:6 | advcl:4 | advmod:8 | amod:9 | aux:7 | case:14 | cc:5 | compound:prt:1 | conj:4 | cop:1 | det:14 | fixed:2 | mark:6 | nmod:5 | nmod:poss:3 | nsubj:14 | nsubj:pass:4 | nummod:1 | obj:9 | obl:8 | punct:9 | xcomp:1,ROOT:14 | acl:1 | acl:relcl:3 | advcl:10 | advmod:25 | amod:35 | aux:8 | case:41 | cc:27 | ccomp:4 | compound:prt:1 | conj:32 | cop:2 | det:12 | dislocated:2 | fixed:4 | mark:26 | nmod:23 | nmod:poss:7 | nsubj:21 | nsubj:pass:7 | obj:22 | obl:18 | obl:agent:1 | parataxis:1 | punct:30 | xcomp:6
ROOT:12 | acl:1 | acl:cleft:2 | acl:relcl:6 | advcl:5 | advmod:14 | amod:15 | appos:1 | aux:5 | case:16 | cc:9 | ccomp:3 | compound:prt:4 | conj:15 | cop:6 | csubj:1 | det:20 | expl:5 | fixed:4 | mark:13 | nmod:3 | nmod:poss:4 | nsubj:24 | nsubj:pass:1 | nummod:2 | obj:15 | obl:12 | obl:agent:1 | parataxis:1 | punct:19 | xcomp:3,ROOT:10 | acl:3 | acl:cleft:1 | acl:relcl:4 | advcl:7 | advmod:18 | amod:21 | aux:9 | case:22 | cc:15 | ccomp:4 | compound:prt:1 | conj:15 | cop:2 | det:12 | expl:1 | fixed:3 | iobj:1 | mark:19 | nmod:12 | nmod:poss:9 | nsubj:18 | nsubj:pass:5 | obj:16 | obl:10 | parataxis:1 | punct:16 | xcomp:6
ROOT:5 | acl:1 | advcl:1 | advmod:5 | amod:8 | aux:5 | case:17 | cc:13 | ccomp:1 | compound:prt:1 | conj:20 | det:4 | expl:2 | flat:name:1 | mark:3 | nmod:10 | nmod:poss:6 | nsubj:7 | nsubj:pass:2 | nummod:2 | obj:4 | obl:8 | punct:13 | xcomp:1,ROOT:13 | acl:6 | acl:relcl:5 | advcl:11 | advmod:30 | amod:25 | appos:1 | aux:5 | case:29 | cc:31 | ccomp:8 | conj:33 | cop:1 | dep:1 | det:11 | fixed:3 | mark:27 | nmod:12 | nmod:poss:9 | nsubj:25 | nsubj:pass:6 | obj:23 | obl:17 | obl:agent:1 | punct:35 | xcomp:3
ROOT:9 | acl:1 | acl:relcl:3 | advcl:2 | advmod:3 | amod:7 | aux:1 | case:18 | cc:4 | ccomp:3 | conj:5 | cop:2 | det:5 | fixed:2 | mark:10 | nmod:9 | nmod:poss:4 | nsubj:11 | nsubj:pass:4 | nummod:1 | obj:7 | obl:11 | obl:agent:1 | punct:11 | xcomp:1,ROOT:15 | acl:relcl:3 | advcl:3 | advmod:21 | amod:19 | appos:3 | aux:5 | case:26 | cc:25 | ccomp:4 | compound:prt:1 | conj:33 | cop:2 | det:14 | fixed:1 | mark:18 | nmod:12 | nmod:poss:10 | nsubj:12 | nsubj:pass:10 | obj:13 | obl:14 | parataxis:1 | punct:27 | xcomp:4
ROOT:12 | acl:3 | acl:relcl:3 | advcl:2 | advmod:10 | amod:13 | appos:2 | aux:9 | case:23 | cc:18 | compound:prt:3 | conj:21 | cop:4 | dep:1 | det:5 | expl:2 | fixed:7 | mark:6 | nmod:13 | nmod:poss:8 | nsubj:10 | nsubj:pass:9 | obj:4 | obl:11 | parataxis:1 | punct:17 | xcomp:3,ROOT:10 | acl:2 | acl:relcl:6 | advcl:4 | advmod:24 | amod:28 | appos:2 | aux:8 | case:31 | cc:17 | ccomp:4 | compound:prt:1 | conj:29 | cop:1 | dep:1 | det:15 | fixed:3 | mark:23 | nmod:15 | nmod:poss:6 | nsubj:20 | nsubj:pass:5 | obj:13 | obl:18 | parataxis:1 | punct:31 | xcomp:6
ROOT:8 | acl:1 | acl:relcl:4 | advcl:2 | advmod:4 | amod:5 | appos:1 | aux:5 | case:19 | cc:7 | ccomp:1 | conj:7 | cop:3 | csubj:1 | det:8 | expl:2 | fixed:1 | iobj:1 | mark:9 | nmod:6 | nmod:poss:2 | nsubj:13 | nsubj:pass:2 | nummod:5 | obj:9 | obl:11 | punct:9 | xcomp:5,ROOT:15 | acl:1 | acl:relcl:8 | advcl:6 | advmod:31 | amod:39 | appos:2 | aux:7 | case:38 | cc:40 | ccomp:2 | compound:prt:1 | conj:48 | cop:2 | csubj:1 | dep:1 | det:15 | fixed:9 | mark:24 | nmod:14 | nmod:poss:11 | nsubj:23 | nsubj:pass:9 | nummod:2 | obj:8 | obl:20 | obl:agent:1 | punct:43 | xcomp:9
ROOT:10 | acl:1 | acl:relcl:7 | advcl:3 | advmod:10 | amod:17 | appos:1 | aux:7 | case:26 | cc:12 | ccomp:5 | compound:prt:1 | conj:15 | cop:2 | csubj:1 | dep:1 | det:14 | expl:2 | fixed:3 | mark:13 | nmod:11 | nmod:poss:5 | nsubj:19 | nsubj:pass:6 | obj:18 | obl:13 | punct:28,ROOT:13 | acl:4 | acl:cleft:1 | acl:relcl:7 | advcl:5 | advmod:36 | amod:27 | appos:3 | aux:6 | case:33 | cc:30 | ccomp:2 | compound:prt:4 | conj:40 | csubj:1 | dep:2 | det:19 | dislocated:1 | fixed:8 | mark:18 | nmod:12 | nmod:poss:12 | nsubj:24 | nsubj:pass:10 | obj:12 | obl:23 | punct:36 | xcomp:3
ROOT:5 | acl:1 | acl:cleft:1 | advmod:1 | amod:7 | aux:1 | case:3 | cc:2 | compound:prt:2 | conj:2 | cop:1 | det:4 | mark:1 | nmod:2 | nmod:poss:2 | nsubj:4 | nsubj:pass:3 | nummod:1 | obj:2 | obl:1 | punct:4,ROOT:20 | acl:4 | acl:relcl:4 | advcl:8 | advmod:30 | amod:41 | appos:3 | aux:5 | case:31 | cc:35 | ccomp:4 | compound:prt:1 | conj:46 | cop:4 | csubj:1 | dep:1 | det:18 | expl:1 | fixed:4 | flat:name:1 | mark:21 | nmod:19 | nmod:poss:15 | nsubj:22 | nsubj:pass:9 | obj:14 | obl:15 | punct:47 | xcomp:6
ROOT:12 | acl:1 | acl:relcl:6 | advcl:9 | advmod:8 | amod:16 | appos:1 | aux:9 | case:20 | cc:3 | ccomp:1 | compound:prt:4 | conj:4 | cop:4 | csubj:2 | det:15 | expl:2 | fixed:2 | mark:18 | nmod:11 | nmod:poss:5 | nsubj:8 | nsubj:pass:11 | nummod:3 | obj:11 | obl:8 | punct:16 | xcomp:1,ROOT:17 | acl:1 | acl:relcl:9 | advcl:16 | advmod:25 | amod:29 | appos:2 | aux:8 | case:39 | cc:30 | ccomp:2 | compound:prt:5 | conj:47 | cop:2 | csubj:2 | det:25 | dislocated:3 | expl:1 | fixed:3 | mark:30 | nmod:19 | nmod:poss:2 | nsubj:30 | nsubj:pass:10 | obj:22 | obl:18 | obl:agent:1 | parataxis:3 | punct:53 | xcomp:6
ROOT:6 | acl:1 | acl:relcl:3 | advcl:4 | advmod:8 | amod:8 | appos:1 | aux:3 | case:11 | cc:6 | compound:prt:1 | conj:5 | cop:4 | csubj:1 | det:8 | expl:2 | fixed:1 | mark:7 | nmod:4 | nsubj:11 | nsubj:pass:2 | obj:7 | obl:6 | parataxis:1 | punct:6 | xcomp:3,ROOT:12 | acl:5 | acl:relcl:2 | advcl:11 | advmod:32 | amod:36 | appos:3 | aux:7 | case:27 | cc:26 | ccomp:4 | compound:prt:2 | conj:33 | cop:4 | csubj:2 | det:10 | expl:1 | fixed:1 | mark:39 | nmod:11 | nmod:poss:4 | nsubj:20 | nsubj:pass:9 | obj:16 | obl:16 | obl:agent:1 | parataxis:2 | punct:33 | xcomp:6
ROOT:10 | acl:cleft:1 | acl:relcl:1 | advcl:8 | advmod:10 | amod:10 | appos:1 | aux:6 | case:13 | cc:5 | ccomp:2 | compound:prt:1 | conj:11 | cop:1 | csubj:1 | det:9 | expl:1 | fixed:1 | mark:16 | nmod:5 | nsubj:11 | nsubj:pass:9 | obj:10 | obl:7 | obl:agent:1 | punct:14 | xcomp:3,ROOT:8 | advcl:7 | advmod:14 | amod:12 | appos:2 | aux:7 | case:20 | cc:21 | ccomp:6 | compound:prt:2 | conj:28 | cop:3 | dep:1 | det:6 | dislocated:1 | fixed:3 | mark:19 | nmod:7 | nmod:poss:2 | nsubj:17 | nsubj:pass:5 | obj:16 | obl:12 | parataxis:1 | punct:29 | xcomp:2
ROOT:2 | acl:1 | advmod:2 | amod:3 | case:5 | cc:1 | conj:1 | det:2 | dislocated:1 | fixed:1 | mark:1 | nmod:2 | nmod:poss:1 | nsubj:2 | obj:5 | obl:3 | punct:2 | xcomp:1,ROOT:17 | acl:3 | acl:relcl:7 | advcl:11 | advmod:37 | amod:13 | appos:1 | aux:12 | case:23 | cc:24 | ccomp:2 | compound:prt:2 | conj:35 | cop:3 | dep:1 | det:10 | dislocated:1 | fixed:6 | mark:20 | nmod:10 | nmod:poss:6 | nsubj:33 | nsubj:pass:6 | nummod:4 | obj:21 | obl:12 | parataxis:1 | punct:80 | xcomp:3
ROOT:8 | acl:2 | acl:relcl:2 | advcl:2 | advmod:4 | amod:13 | appos:2 | aux:1 | case:11 | cc:2 | ccomp:2 | conj:3 | cop:2 | det:9 | fixed:5 | mark:6 | nmod:5 | nmod:poss:2 | nsubj:14 | nsubj:pass:2 | nummod:3 | obj:8 | obl:5 | obl:agent:1 | punct:13 | xcomp:2,ROOT:10 | acl:1 | acl:relcl:4 | advcl:10 | advmod:18 | amod:22 | appos:5 | aux:5 | case:26 | cc:12 | ccomp:2 | compound:prt:1 | conj:16 | cop:2 | csubj:1 | det:13 | expl:2 | fixed:8 | mark:21 | nmod:9 | nmod:poss:7 | nsubj:15 | nsubj:pass:8 | obj:8 | obl:18 | obl:agent:1 | punct:24 | xcomp:3
ROOT:10 | acl:1 | acl:relcl:4 | advcl:3 | advmod:14 | amod:17 | aux:4 | case:25 | cc:8 | ccomp:2 | compound:prt:2 | conj:7 | cop:3 | det:19 | expl:1 | fixed:1 | flat:name:1 | mark:10 | nmod:7 | nmod:poss:9 | nsubj:19 | nsubj:pass:4 | nummod:5 | obj:7 | obl:19 | parataxis:1 | punct:15,ROOT:14 | acl:3 | acl:cleft:1 | acl:relcl:2 | advcl:12 | advmod:25 | amod:26 | appos:1 | aux:5 | case:26 | cc:25 | ccomp:4 | compound:prt:1 | conj:26 | cop:4 | csubj:1 | det:13 | dislocated:2 | expl:2 | fixed:6 | flat:name:1 | mark:28 | nmod:12 | nmod:poss:7 | nsubj:24 | nsubj:pass:12 | nummod:1 | obj:13 | obl:18 | punct:23 | xcomp:3
ROOT:6 | acl:relcl:5 | advmod:2 | amod:11 | aux:3 | case:15 | cc:4 | ccomp:2 | compound:prt:2 | conj:5 | cop:1 | det:9 | fixed:2 | mark:3 | nmod:10 | nmod:poss:3 | nsubj:12 | nsubj:pass:1 | nummod:4 | obj:7 | obl:5 | punct:6 | xcomp:1,ROOT:19 | acl:1 | acl:relcl:5 | advcl:5 | advmod:35 | amod:43 | appos:2 | aux:10 | case:35 | cc:27 | ccomp:6 | compound:prt:3 | conj:38 | cop:2 | csubj:3 | det:19 | expl:1 | fixed:5 | mark:15 | nmod:15 | nmod:poss:4 | nsubj:29 | nsubj:pass:8 | obj:19 | obl:19 | obl:agent:1 | punct:42 | xcomp:9
ROOT:10 | acl:1 | acl:relcl:5 | advcl:1 | advmod:14 | amod:14 | aux:3 | case:27 | cc:9 | ccomp:2 | conj:9 | cop:4 | dep:1 | det:11 | expl:2 | fixed:9 | mark:6 | nmod:13 | nmod:poss:4 | nsubj:10 | nsubj:pass:8 | nummod:5 | obj:8 | obl:14 | parataxis:1 | punct:9 | xcomp:2,ROOT:15 | acl:3 | acl:relcl:4 | advcl:8 | advmod:27 | amod:23 | appos:4 | aux:6 | case:28 | cc:28 | ccomp:3 | conj:39 | cop:4 | csubj:1 | det:12 | dislocated:2 | mark:17 | nmod:14 | nmod:poss:4 | nsubj:26 | nsubj:pass:3 | nummod:6 | obj:20 | obl:15 | parataxis:4 | punct:84 | xcomp:1
ROOT:8 | acl:1 | advcl:8 | advmod:9 | amod:18 | appos:1 | aux:5 | case:28 | cc:10 | ccomp:1 | compound:prt:5 | conj:12 | cop:4 | csubj:1 | dep:2 | det:12 | fixed:7 | mark:13 | nmod:10 | nmod:poss:1 | nsubj:17 | nsubj:pass:1 | nummod:1 | obj:8 | obl:18 | punct:13 | xcomp:2,ROOT:12 | acl:2 | acl:relcl:6 | advcl:5 | advmod:33 | amod:39 | appos:3 | aux:6 | case:36 | cc:26 | compound:prt:3 | conj:34 | dep:1 | det:22 | expl:1 | fixed:8 | mark:18 | nmod:17 | nmod:poss:12 | nsubj:15 | nsubj:pass:13 | nummod:3 | obj:10 | obl:19 | parataxis:3 | punct:36 | xcomp:6
ROOT:8 | acl:cleft:1 | acl:relcl:4 | advcl:1 | advmod:4 | amod:15 | appos:2 | case:14 | cc:5 | ccomp:2 | compound:prt:1 | conj:7 | cop:3 | csubj:1 | dep:2 | det:12 | dislocated:1 | expl:1 | fixed:1 | mark:6 | nmod:4 | nmod:poss:1 | nsubj:9 | nsubj:pass:2 | nummod:3 | obj:8 | obl:9 | obl:agent:1 | punct:15 | xcomp:5,ROOT:26 | acl:3 | acl:relcl:8 | advcl:21 | advmod:54 | amod:41 | appos:5 | aux:14 | aux:pass:1 | case:37 | cc:41 | ccomp:4 | compound:prt:1 | conj:54 | cop:6 | csubj:1 | dep:1 | det:26 | dislocated:5 | expl:1 | fixed:5 | mark:33 | nmod:11 | nmod:poss:4 | nsubj:45 | nsubj:pass:11 | obj:27 | obl:26 | obl:agent:3 | parataxis:2 | punct:76 | xcomp:12
ROOT:8 | acl:relcl:4 | advcl:2 | advmod:11 | amod:10 | aux:1 | case:16 | cc:4 | ccomp:4 | compound:prt:1 | conj:4 | csubj:1 | det:11 | fixed:2 | mark:6 | nmod:8 | nmod:poss:6 | nsubj:17 | nsubj:pass:2 | nummod:2 | obj:8 | obl:11 | parataxis:1 | punct:13,ROOT:13 | acl:3 | acl:relcl:7 | advcl:7 | advmod:31 | amod:31 | appos:1 | aux:7 | case:33 | cc:25 | ccomp:3 | conj:32 | cop:2 | csubj:1 | dep:2 | det:13 | dislocated:3 | expl:1 | fixed:4 | iobj:1 | mark:19 | nmod:10 | nmod:poss:6 | nsubj:25 | nsubj:pass:10 | obj:16 | obl:19 | obl:agent:2 | parataxis:1 | punct:33 | xcomp:2
ROOT:13 | acl:2 | acl:relcl:7 | advcl:2 | advmod:9 | amod:21 | appos:1 | aux:2 | case:33 | cc:18 | ccomp:3 | conj:20 | cop:5 | det:12 | fixed:12 | mark:7 | nmod:8 | nmod:poss:11 | nsubj:24 | nsubj:pass:5 | nummod:2 | obj:13 | obl:20 | obl:agent:3 | punct:18 | xcomp:1,ROOT:19 | acl:9 | acl:relcl:13 | advcl:7 | advmod:45 | amod:37 | appos:2 | aux:3 | case:48 | cc:29 | ccomp:5 | compound:prt:1 | conj:37 | cop:6 | det:24 | fixed:3 | mark:29 | nmod:24 | nmod:poss:13 | nsubj:34 | nsubj:pass:11 | nummod:2 | obj:24 | obl:25 | obl:agent:3 | punct:51 | xcomp:2
ROOT:10 | acl:3 | acl:relcl:6 | advcl:7 | advmod:17 | amod:25 | appos:1 | aux:7 | case:33 | cc:11 | ccomp:4 | compound:prt:3 | conj:15 | cop:4 | csubj:1 | det:22 | expl:2 | fixed:3 | mark:23 | nmod:15 | nmod:poss:7 | nsubj:19 | nsubj:pass:6 | obj:12 | obl:18 | punct:23 | xcomp:5,ROOT:17 | acl:7 | acl:relcl:3 | advcl:8 | advmod:25 | amod:34 | appos:2 | aux:5 | case:34 | cc:23 | ccomp:1 | compound:prt:1 | conj:33 | cop:1 | det:18 | expl:1 | fixed:2 | iobj:1 | mark:27 | nmod:17 | nmod:poss:5 | nsubj:23 | nsubj:pass:10 | obj:18 | obl:19 | punct:45 | xcomp:9
ROOT:7 | acl:relcl:2 | advcl:1 | advmod:4 | amod:9 | appos:1 | aux:4 | case:14 | cc:5 | ccomp:6 | compound:prt:1 | conj:4 | cop:1 | dep:1 | det:8 | expl:1 | fixed:1 | mark:8 | nmod:6 | nsubj:9 | nsubj:pass:3 | obj:5 | obl:8 | obl:agent:1 | punct:6 | xcomp:1,ROOT:9 | acl:2 | acl:relcl:5 | advcl:4 | advmod:21 | amod:10 | appos:1 | aux:9 | case:23 | cc:19 | ccomp:5 | conj:21 | cop:1 | csubj:2 | det:11 | dislocated:1 | expl:1 | fixed:5 | mark:15 | nmod:12 | nmod:poss:4 | nsubj:23 | nsubj:pass:3 | obj:16 | obl:12 | punct:16 | xcomp:5
ROOT:6 | acl:relcl:3 | advcl:2 | advmod:3 | amod:12 | appos:1 | aux:1 | case:15 | cc:6 | ccomp:1 | conj:9 | cop:1 | det:4 | dislocated:1 | expl:1 | fixed:3 | mark:5 | nmod:4 | nmod:poss:7 | nsubj:5 | nsubj:pass:3 | obj:4 | obl:11 | punct:15,ROOT:13 | acl:2 | acl:relcl:7 | advcl:7 | advmod:24 | amod:29 | appos:1 | aux:12 | case:20 | cc:24 | ccomp:2 | compound:prt:1 | conj:34 | cop:5 | csubj:1 | det:13 | dislocated:1 | fixed:3 | mark:22 | nmod:8 | nmod:poss:6 | nsubj:26 | nsubj:pass:4 | obj:15 | obl:12 | obl:agent:1 | parataxis:1 | punct:35 | xcomp:4
ROOT:22 | acl:relcl:4 | advcl:4 | advmod:8 | amod:10 | appos:1 | aux:5 | case:17 | cc:13 | ccomp:2 | compound:prt:1 | conj:14 | cop:2 | det:11 | expl:2 | fixed:1 | flat:name:5 | iobj:1 | mark:11 | nmod:11 | nmod:poss:5 | nsubj:13 | nsubj:pass:2 | nummod:3 | obj:12 | obl:6 | obl:agent:1 | punct:25 | xcomp:2,ROOT:14 | acl:2 | acl:relcl:2 | advcl:9 | advmod:25 | amod:18 | appos:1 | aux:7 | case:28 | cc:22 | ccomp:2 | compound:prt:1 | conj:32 | cop:5 | csubj:1 | dep:1 | det:13 | fixed:7 | mark:30 | nmod:17 | nmod:poss:7 | nsubj:14 | nsubj:pass:12 | obj:14 | obl:13 | obl:agent:1 | parataxis:1 | punct:30 | xcomp:9
ROOT:15 | acl:4 | acl:relcl:5 | advcl:5 | advmod:12 | amod:26 | appos:1 | aux:10 | case:38 | cc:10 | ccomp:3 | compound:prt:8 | conj:11 | cop:3 | det:11 | fixed:4 | mark:17 | nmod:17 | nmod:poss:10 | nsubj:20 | nummod:4 | obj:12 | obl:23 | punct:28 | xcomp:3,ROOT:20 | acl:3 | acl:relcl:7 | advcl:4 | advmod:34 | amod:31 | appos:4 | aux:4 | case:32 | cc:24 | ccomp:2 | compound:prt:4 | conj:34 | cop:3 | dep:1 | det:21 | fixed:7 | flat:name:1 | mark:16 | nmod:15 | nmod:poss:2 | nsubj:26 | nsubj:pass:4 | obj:14 | obl:19 | obl:agent:1 | parataxis:1 | punct:42 | xcomp:6
ROOT:6 | acl:relcl:3 | advcl:3 | advmod:6 | amod:8 | aux:3 | case:14 | cc:6 | ccomp:1 | conj:6 | cop:1 | csubj:1 | det:7 | mark:5 | nmod:9 | nmod:poss:4 | nsubj:12 | nsubj:pass:1 | obj:10 | obl:6 | punct:6,ROOT:17 | acl:1 | acl:relcl:4 | advcl:14 | advmod:31 | amod:53 | appos:2 | aux:9 | case:30 | cc:27 | ccomp:4 | conj:36 | cop:3 | csubj:1 | dep:3 | det:24 | dislocated:2 | fixed:2 | mark:33 | nmod:5 | nmod:poss:7 | nsubj:26 | nsubj:pass:13 | nummod:2 | obj:18 | obl:24 | obl:agent:3 | parataxis:2 | punct:42 | xcomp:7
ROOT:11 | acl:3 | acl:relcl:8 | advcl:2 | advmod:18 | amod:16 | appos:2 | aux:4 | case:16 | cc:6 | ccomp:1 | compound:prt:4 | conj:10 | cop:5 | csubj:1 | det:17 | expl:4 | fixed:3 | mark:15 | nmod:10 | nmod:poss:4 | nsubj:22 | nsubj:pass:3 | obj:10 | obl:10 | parataxis:2 | punct:16 | xcomp:3,ROOT:18 | acl:3 | acl:relcl:6 | advcl:12 | advmod:36 | amod:33 | appos:5 | aux:7 | case:47 | cc:29 | ccomp:4 | conj:36 | cop:3 | csubj:1 | dep:4 | det:29 | dislocated:1 | expl:1 | fixed:3 | iobj:1 | mark:37 | nmod:17 | nmod:poss:5 | nsubj:31 | nsubj:pass:19 | obj:17 | obl:35 | parataxis:6 | punct:47 | xcomp:9
ROOT:7 | acl:1 | acl:relcl:3 | advcl:5 | advmod:9 | amod:9 | appos:1 | aux:4 | case:17 | cc:10 | ccomp:3 | compound:prt:4 | conj:11 | cop:2 | det:3 | expl:2 | flat:name:1 | mark:15 | nmod:6 | nmod:poss:7 | nsubj:13 | nsubj:pass:4 | nummod:1 | obj:4 | obl:10 | punct:10 | xcomp:1,ROOT:15 | acl:3 | acl:relcl:5 | advcl:8 | advmod:24 | amod:35 | appos:3 | aux:7 | case:31 | cc:29 | ccomp:6 | compound:prt:2 | conj:32 | cop:3 | csubj:3 | det:11 | expl:1 | fixed:4 | iobj:2 | mark:31 | nmod:9 | nmod:poss:12 | nsubj:29 | nsubj:pass:7 | obj:26 | obl:24 | obl:agent:1 | parataxis:1 | punct:35 | xcomp:4
ROOT:7 | acl:1 | acl:relcl:1 | advmod:2 | amod:11 | case:11 | cc:5 | ccomp:1 | conj:4 | cop:2 | det:3 | fixed:2 | mark:2 | nmod:6 | nmod:poss:4 | nsubj:7 | nsubj:pass:4 | nummod:2 | obj:3 | obl:3 | punct:8,ROOT:14 | acl:3 | acl:relcl:4 | advcl:9 | advmod:19 | amod:28 | appos:2 | aux:7 | case:32 | cc:25 | ccomp:3 | compound:prt:1 | conj:29 | cop:2 | csubj:2 | det:10 | fixed:1 | mark:27 | nmod:16 | nmod:poss:11 | nsubj:18 | nsubj:pass:6 | obj:20 | obl:13 | obl:agent:2 | parataxis:1 | punct:28 | xcomp:5
ROOT:23 | acl:2 | acl:relcl:3 | advcl:7 | advmod:15 | amod:18 | appos:1 | aux:4 | case:34 | cc:13 | ccomp:3 | compound:prt:2 | conj:16 | cop:3 | csubj:1 | dep:1 | det:20 | expl:2 | fixed:9 | mark:18 | nmod:13 | nmod:poss:1 | nsubj:28 | nsubj:pass:11 | nummod:6 | obj:14 | obl:22 | obl:agent:1 | punct:29 | xcomp:1,ROOT:12 | acl:1 | acl:relcl:4 | advcl:8 | advmod:22 | amod:16 | appos:3 | aux:9 | case:28 | cc:22 | ccomp:3 | conj:30 | cop:3 | det:18 | dislocated:1 | fixed:4 | mark:19 | nmod:10 | nmod:poss:5 | nsubj:25 | nsubj:pass:6 | obj:15 | obl:18 | obl:agent:1 | punct:33 | xcomp:6
ROOT:15 | acl:1 | acl:relcl:5 | advcl:9 | advmod:14 | amod:16 | appos:4 | aux:3 | case:34 | cc:16 | ccomp:3 | compound:prt:3 | conj:14 | cop:2 | csubj:1 | dep:1 | det:13 | expl:2 | fixed:6 | iobj:1 | mark:15 | nmod:15 | nmod:poss:10 | nsubj:30 | nsubj:pass:4 | nummod:3 | obj:16 | obl:22 | punct:24 | xcomp:4,ROOT:14 | acl:5 | acl:relcl:5 | advcl:14 | advmod:32 | amod:29 | appos:4 | aux:4 | case:35 | cc:24 | ccomp:3 | compound:prt:2 | conj:30 | cop:4 | csubj:2 | dep:1 | det:20 | dislocated:1 | expl:2 | fixed:4 | mark:32 | nmod:17 | nmod:poss:10 | nsubj:25 | nsubj:pass:8 | nummod:1 | obj:14 | obl:19 | obl:agent:2 | parataxis:2 | punct:40 | xcomp:14
ROOT:9 | acl:1 | acl:relcl:4 | advcl:7 | advmod:10 | amod:11 | appos:1 | aux:3 | case:25 | cc:17 | ccomp:3 | conj:17 | cop:6 | csubj:1 | det:4 | fixed:1 | iobj:1 | mark:17 | nmod:9 | nmod:poss:6 | nsubj:16 | nsubj:pass:4 | obj:13 | obl:14 | punct:11 | xcomp:1,ROOT:15 | acl:3 | acl:relcl:6 | advcl:3 | advmod:28 | amod:35 | appos:1 | aux:8 | case:37 | cc:38 | ccomp:2 | compound:prt:1 | conj:44 | cop:4 | csubj:2 | dep:1 | det:14 | expl:3 | fixed:1 | mark:21 | nmod:20 | nmod:poss:9 | nsubj:22 | nsubj:pass:8 | obj:12 | obl:20 | obl:agent:1 | parataxis:3 | punct:47 | xcomp:10
ROOT:8 | acl:1 | acl:relcl:1 | advmod:6 | amod:3 | aux:4 | aux:pass:1 | case:14 | cc:11 | ccomp:5 | conj:11 | cop:3 | det:3 | fixed:1 | mark:10 | nmod:6 | nmod:poss:8 | nsubj:14 | nsubj:pass:3 | nummod:1 | obj:9 | obl:6 | obl:agent:1 | punct:11 | xcomp:2,ROOT:11 | acl:2 | acl:relcl:7 | advcl:8 | advmod:30 | amod:13 | appos:2 | aux:5 | aux:pass:1 | case:34 | cc:28 | ccomp:4 | compound:prt:1 | conj:32 | cop:3 | det:11 | dislocated:1 | expl:1 | fixed:3 | mark:20 | nmod:15 | nmod:poss:6 | nsubj:23 | nsubj:pass:3 | nummod:1 | obj:15 | obl:20 | punct:26 | xcomp:3
ROOT:15 | acl:relcl:7 | advcl:3 | advmod:10 | amod:13 | appos:3 | aux:1 | case:24 | cc:17 | ccomp:1 | compound:prt:4 | conj:20 | cop:5 | det:12 | expl:3 | fixed:5 | flat:name:2 | mark:10 | nmod:8 | nmod:poss:11 | nsubj:22 | nsubj:pass:5 | nummod:4 | obj:6 | obl:12 | obl:agent:3 | punct:25 | xcomp:2,ROOT:10 | acl:2 | acl:relcl:3 | advcl:2 | advmod:11 | amod:17 | appos:5 | aux:3 | case:28 | cc:16 | ccomp:3 | compound:prt:6 | conj:26 | csubj:1 | det:15 | dislocated:2 | expl:1 | fixed:5 | mark:10 | nmod:14 | nmod:poss:2 | nsubj:13 | nsubj:pass:12 | nummod:1 | obj:7 | obl:12 | obl:agent:2 | parataxis:1 | punct:30 | xcomp:5
ROOT:8 | acl:1 | acl:relcl:1 | advcl:2 | advmod:3 | amod:9 | appos:1 | aux:1 | case:18 | cc:10 | ccomp:3 | conj:12 | cop:3 | csubj:1 | det:4 | expl:1 | flat:name:1 | mark:9 | nmod:13 | nmod:poss:3 | nsubj:8 | nsubj:pass:2 | nummod:1 | obj:10 | obl:7 | punct:13,ROOT:12 | acl:cleft:1 | acl:relcl:4 | advcl:10 | advmod:19 | amod:24 | appos:2 | aux:6 | case:30 | cc:23 | ccomp:2 | compound:prt:3 | conj:28 | cop:1 | dep:2 | det:8 | fixed:1 | mark:24 | nmod:16 | nmod:poss:3 | nsubj:13 | nsubj:pass:9 | obj:14 | obl:16 | parataxis:2 | punct:27 | xcomp:2
ROOT:23 | acl:2 | acl:relcl:5 | advcl:5 | advmod:18 | amod:25 | appos:2 | aux:11 | case:33 | cc:13 | ccomp:5 | compound:prt:3 | conj:14 | cop:11 | csubj:1 | det:19 | dislocated:1 | expl:4 | mark:20 | nmod:18 | nmod:poss:7 | nsubj:22 | nsubj:pass:5 | obj:17 | obl:21 | punct:27 | xcomp:3,ROOT:14 | acl:1 | acl:relcl:2 | advcl:7 | advmod:21 | amod:26 | appos:2 | aux:7 | case:35 | cc:22 | ccomp:4 | compound:prt:1 | conj:26 | cop:3 | csubj:1 | dep:1 | det:12 | dislocated:1 | expl:1 | fixed:4 | mark:19 | nmod:12 | nmod:poss:5 | nsubj:19 | nsubj:pass:5 | obj:10 | obl:18 | parataxis:2 | punct:22 | xcomp:8
ROOT:15 | acl:2 | acl:relcl:2 | advcl:3 | advmod:6 | amod:8 | aux:10 | case:25 | cc:14 | ccomp:2 | compound:prt:1 | conj:16 | cop:7 | csubj:4 | det:5 | expl:1 | fixed:1 | mark:11 | nmod:8 | nmod:poss:1 | nsubj:10 | nsubj:pass:6 | nummod:1 | obj:11 | obl:11 | punct:16 | xcomp:1,ROOT:20 | acl:5 | acl:relcl:6 | advcl:11 | advmod:20 | amod:39 | appos:6 | aux:14 | aux:pass:1 | case:32 | cc:35 | ccomp:3 | compound:prt:3 | conj:51 | cop:4 | csubj:1 | dep:1 | det:25 | fixed:9 | mark:36 | nmod:11 | nmod:poss:10 | nsubj:33 | nsubj:pass:8 | nummod:1 | obj:29 | obl:23 | obl:agent:1 | parataxis:2 | punct:58 | xcomp:8
ROOT:6 | acl:1 | acl:relcl:1 | advcl:4 | advmod:5 | amod:11 | aux:4 | case:15 | cc:6 | ccomp:3 | conj:6 | cop:7 | csubj:3 | det:11 | expl:3 | fixed:3 | mark:15 | nmod:7 | nmod:poss:2 | nsubj:10 | nsubj:pass:2 | nummod:1 | obj:7 | obl:7 | punct:5 | xcomp:1,ROOT:15 | acl:7 | acl:relcl:8 | advcl:8 | advmod:41 | amod:37 | appos:2 | aux:9 | aux:pass:2 | case:41 | cc:40 | ccomp:6 | compound:prt:1 | conj:48 | cop:6 | csubj:2 | dep:2 | det:19 | expl:2 | fixed:3 | mark:38 | nmod:21 | nmod:poss:9 | nsubj:30 | nsubj:pass:9 | obj:17 | obl:21 | parataxis:1 | punct:46 | xcomp:7
ROOT:22 | acl:1 | acl:cleft:1 | advcl:11 | advmod:16 | amod:11 | aux:18 | case:18 | cc:8 | ccomp:4 | conj:9 | cop:2 | csubj:1 | det:10 | expl:4 | fixed:4 | mark:20 | nmod:8 | nmod:poss:5 | nsubj:27 | nsubj:pass:7 | obj:14 | obl:10 | obl:agent:1 | punct:23 | xcomp:1,ROOT:13 | acl:4 | acl:relcl:4 | advcl:6 | advmod:20 | amod:28 | appos:1 | aux:7 | case:35 | cc:30 | ccomp:1 | compound:prt:1 | conj:40 | cop:2 | csubj:2 | dep:4 | det:12 | fixed:5 | mark:17 | nmod:8 | nmod:poss:6 | nsubj:17 | nsubj:pass:11 | obj:11 | obl:23 | obl:agent:1 | punct:29 | xcomp:2
ROOT:12 | acl:1 | acl:relcl:6 | advcl:6 | advmod:8 | amod:8 | appos:4 | aux:7 | case:24 | cc:12 | ccomp:4 | compound:prt:1 | conj:14 | cop:5 | csubj:2 | det:7 | expl:1 | fixed:6 | mark:21 | nmod:11 | nmod:poss:8 | nsubj:15 | nsubj:pass:5 | nummod:1 | obj:11 | obl:12 | obl:agent:1 | punct:15 | xcomp:2,ROOT:12 | acl:3 | acl:relcl:9 | advcl:10 | advmod:24 | amod:25 | aux:7 | case:21 | cc:19 | ccomp:4 | compound:prt:2 | conj:31 | cop:2 | dep:2 | det:14 | fixed:4 | mark:23 | nmod:9 | nmod:poss:2 | nsubj:29 | nsubj:pass:8 | obj:14 | obl:14 | punct:30 | xcomp:1
ROOT:23 | acl:3 | advcl:4 | advmod:22 | amod:41 | aux:2 | case:33 | cc:20 | compound:prt:3 | conj:30 | cop:1 | dep:8 | det:19 | expl:1 | fixed:9 | flat:name:2 | iobj:1 | mark:9 | nmod:18 | nmod:poss:14 | nsubj:14 | nsubj:pass:6 | nummod:3 | obj:15 | obl:30 | punct:27 | xcomp:2,ROOT:13 | acl:4 | acl:relcl:5 | advcl:8 | advmod:26 | amod:29 | aux:7 | case:25 | cc:21 | ccomp:5 | compound:prt:4 | conj:27 | cop:3 | csubj:1 | det:17 | dislocated:1 | expl:1 | fixed:4 | iobj:1 | mark:22 | nmod:14 | nmod:poss:6 | nsubj:26 | nsubj:pass:8 | obj:18 | obl:9 | punct:28 | xcomp:4
ROOT:15 | acl:2 | acl:relcl:3 | advcl:5 | advmod:8 | amod:13 | appos:2 | aux:8 | case:25 | cc:6 | ccomp:2 | compound:prt:4 | conj:14 | cop:2 | csubj:2 | dep:1 | det:10 | dislocated:1 | fixed:3 | flat:name:4 | mark:14 | nmod:13 | nmod:poss:2 | nsubj:17 | nsubj:pass:3 | nummod:1 | obj:12 | obl:14 | obl:agent:1 | parataxis:1 | punct:31 | xcomp:1,ROOT:14 | acl:2 | acl:relcl:4 | advcl:15 | advmod:28 | amod:22 | appos:4 | aux:7 | aux:pass:1 | case:34 | cc:25 | ccomp:11 | compound:prt:4 | conj:31 | cop:3 | det:20 | dislocated:4 | expl:2 | fixed:3 | mark:37 | nmod:12 | nmod:poss:6 | nsubj:28 | nsubj:pass:12 | nummod:2 | obj:24 | obl:23 | parataxis:3 | punct:40 | xcomp:7
ROOT:14 | acl:1 | acl:relcl:4 | advcl:2 | advmod:5 | amod:13 | aux:2 | case:31 | cc:13 | ccomp:2 | conj:20 | cop:4 | csubj:2 | det:9 | expl:2 | fixed:2 | mark:7 | nmod:18 | nmod:poss:5 | nsubj:15 | nsubj:pass:5 | nummod:6 | obj:7 | obl:13 | punct:21 | xcomp:2,ROOT:17 | acl:7 | acl:cleft:1 | acl:relcl:2 | advcl:12 | advmod:31 | amod:36 | appos:3 | aux:11 | case:38 | cc:33 | ccomp:7 | compound:prt:1 | conj:41 | cop:3 | csubj:1 | det:20 | dislocated:1 | expl:1 | fixed:3 | mark:46 | nmod:16 | nmod:poss:3 | nsubj:34 | nsubj:pass:9 | obj:26 | obl:22 | obl:agent:1 | punct:36 | xcomp:5
ROOT:9 | acl:1 | acl:relcl:1 | advcl:2 | advmod:3 | amod:17 | appos:3 | aux:3 | case:21 | cc:11 | ccomp:1 | compound:prt:1 | conj:12 | cop:5 | csubj:1 | dep:1 | det:5 | fixed:1 | flat:name:4 | mark:10 | nmod:16 | nmod:poss:2 | nsubj:7 | nsubj:pass:7 | nummod:3 | obj:3 | obl:8 | obl:agent:1 | punct:15 | xcomp:1,ROOT:13 | acl:2 | acl:relcl:6 | advcl:9 | advmod:25 | amod:38 | appos:2 | aux:6 | case:25 | cc:24 | ccomp:6 | compound:prt:1 | conj:33 | cop:4 | dep:1 | det:16 | dislocated:4 | fixed:13 | mark:20 | nmod:8 | nmod:poss:5 | nsubj:25 | nsubj:pass:12 | obj:10 | obl:11 | obl:agent:2 | punct:35 | xcomp:8
ROOT:20 | acl:7 | acl:relcl:4 | advcl:8 | advmod:28 | amod:53 | appos:12 | aux:1 | case:74 | cc:14 | ccomp:2 | compound:prt:8 | conj:21 | cop:4 | csubj:1 | dep:2 | det:34 | fixed:9 | iobj:1 | mark:22 | nmod:43 | nmod:poss:4 | nsubj:31 | nsubj:pass:6 | nummod:7 | obj:15 | obl:27 | obl:agent:1 | parataxis:3 | punct:79 | xcomp:8,ROOT:17 | acl:4 | acl:relcl:8 | advcl:7 | advmod:32 | amod:29 | appos:5 | aux:16 | case:28 | cc:30 | ccomp:2 | conj:40 | cop:3 | csubj:1 | dep:1 | det:15 | dislocated:2 | fixed:9 | mark:24 | nmod:9 | nmod:poss:6 | nsubj:30 | nsubj:pass:7 | nummod:1 | obj:21 | obl:20 | parataxis:2 | punct:66 | xcomp:7
ROOT:10 | acl:1 | acl:relcl:2 | advcl:2 | advmod:1 | amod:14 | aux:5 | case:18 | cc:5 | ccomp:1 | conj:6 | det:4 | mark:6 | nmod:5 | nmod:poss:3 | nsubj:7 | nsubj:pass:2 | nummod:5 | obj:3 | obl:14 | punct:15,ROOT:16 | acl:3 | acl:relcl:5 | advcl:6 | advmod:13 | amod:30 | appos:1 | aux:9 | case:36 | cc:25 | ccomp:1 | conj:29 | csubj:2 | det:10 | dislocated:1 | fixed:3 | mark:17 | nmod:25 | nmod:poss:5 | nsubj:21 | nsubj:pass:4 | obj:21 | obl:14 | punct:29 | xcomp:3
ROOT:11 | acl:2 | acl:relcl:1 | advcl:5 | advmod:8 | amod:5 | aux:6 | case:20 | cc:13 | ccomp:3 | compound:prt:1 | conj:14 | cop:3 | csubj:1 | det:5 | dislocated:1 | expl:1 | fixed:2 | mark:13 | nmod:9 | nmod:poss:1 | nsubj:17 | nsubj:pass:4 | obj:12 | obl:11 | punct:12 | xcomp:5,ROOT:10 | acl:4 | acl:relcl:2 | advcl:7 | advmod:17 | amod:21 | appos:1 | aux:7 | case:17 | cc:24 | ccomp:2 | conj:27 | cop:4 | det:8 | fixed:4 | mark:15 | nmod:8 | nmod:poss:6 | nsubj:23 | nsubj:pass:2 | obj:15 | obl:8 | parataxis:1 | punct:26 | xcomp:1
ROOT:13 | acl:1 | acl:relcl:4 | advcl:4 | advmod:12 | amod:12 | appos:1 | aux:11 | case:26 | cc:8 | ccomp:3 | compound:prt:2 | conj:14 | cop:5 | csubj:2 | dep:1 | det:12 | expl:3 | fixed:2 | mark:18 | nmod:13 | nmod:poss:7 | nsubj:18 | nsubj:pass:4 | nummod:1 | obj:10 | obl:16 | obl:agent:1 | punct:19 | xcomp:2,ROOT:15 | acl:2 | acl:relcl:5 | advcl:4 | advmod:25 | amod:22 | appos:3 | aux:7 | case:28 | cc:27 | ccomp:4 | compound:prt:2 | conj:36 | cop:4 | dep:2 | det:15 | dislocated:3 | fixed:10 | mark:15 | nmod:14 | nmod:poss:4 | nsubj:27 | nsubj:pass:4 | obj:12 | obl:17 | obl:agent:1 | parataxis:3 | punct:42 | xcomp:1
ROOT:14 | acl:relcl:4 | advcl:2 | advmod:11 | amod:11 | appos:5 | aux:10 | case:25 | cc:13 | ccomp:4 | conj:18 | cop:11 | csubj:1 | det:10 | expl:1 | fixed:2 | mark:11 | nmod:9 | nmod:poss:3 | nsubj:17 | nsubj:pass:2 | nummod:1 | obj:6 | obl:15 | punct:27 | xcomp:2,ROOT:15 | acl:2 | acl:cleft:1 | acl:relcl:4 | advcl:9 | advmod:27 | amod:42 | appos:1 | aux:8 | case:32 | cc:23 | ccomp:1 | compound:prt:1 | conj:28 | cop:4 | csubj:1 | dep:1 | det:16 | fixed:9 | mark:21 | nmod:11 | nmod:poss:3 | nsubj:19 | nsubj:pass:15 | obj:11 | obl:20 | punct:34 | xcomp:7
ROOT:17 | acl:1 | acl:relcl:5 | advcl:6 | advmod:17 | amod:12 | aux:12 | case:26 | cc:10 | ccomp:2 | compound:prt:3 | conj:11 | cop:8 | csubj:1 | det:16 | fixed:9 | mark:13 | nmod:8 | nmod:poss:6 | nsubj:23 | nsubj:pass:7 | nummod:1 | obj:14 | obl:16 | obl:agent:1 | punct:17 | xcomp:5,ROOT:11 | acl:1 | acl:relcl:4 | advcl:8 | advmod:22 | amod:21 | appos:1 | aux:6 | case:26 | cc:19 | ccomp:5 | compound:prt:2 | conj:24 | cop:3 | csubj:2 | dep:1 | det:17 | dislocated:1 | expl:1 | fixed:5 | mark:25 | nmod:14 | nmod:poss:8 | nsubj:23 | nsubj:pass:5 | obj:16 | obl:13 | punct:24 | xcomp:6
ROOT:14 | acl:cleft:1 | acl:relcl:2 | advcl:3 | advmod:10 | amod:9 | aux:6 | case:33 | cc:10 | ccomp:5 | compound:prt:1 | conj:16 | cop:6 | det:8 | expl:3 | fixed:5 | mark:10 | nmod:21 | nmod:poss:5 | nsubj:18 | nsubj:pass:3 | nummod:2 | obj:10 | obl:13 | punct:21,ROOT:5 | acl:relcl:1 | advcl:3 | advmod:9 | amod:4 | appos:1 | aux:2 | case:6 | cc:5 | conj:12 | det:2 | mark:7 | nmod:6 | nsubj:8 | nummod:3 | obj:6 | obl:4 | parataxis:1 | punct:40
ROOT:16 | acl:1 | acl:relcl:6 | advcl:4 | advmod:20 | amod:28 | appos:1 | case:42 | cc:18 | ccomp:4 | compound:prt:1 | conj:20 | cop:7 | csubj:1 | dep:1 | det:27 | dislocated:1 | fixed:3 | flat:name:1 | mark:9 | nmod:17 | nmod:poss:8 | nsubj:24 | nsubj:pass:9 | obj:17 | obl:19 | obl:agent:2 | parataxis:3 | punct:33,ROOT:14 | acl:7 | acl:relcl:4 | advcl:12 | advmod:34 | amod:21 | appos:2 | aux:8 | case:27 | cc:28 | ccomp:5 | compound:prt:1 | conj:42 | cop:3 | det:16 | dislocated:1 | expl:1 | fixed:6 | mark:34 | nmod:6 | nmod:poss:6 | nsubj:23 | nsubj:pass:12 | nummod:1 | obj:15 | obl:19 | obl:agent:1 | parataxis:2 | punct:43 | xcomp:8
ROOT:6 | acl:relcl:3 | advcl:4 | advmod:3 | amod:1 | aux:5 | case:16 | cc:9 | ccomp:4 | compound:prt:3 | conj:9 | cop:4 | det:5 | mark:9 | nmod:6 | nmod:poss:4 | nsubj:16 | nsubj:pass:2 | nummod:1 | obj:5 | obl:12 | punct:7 | xcomp:3,ROOT:12 | acl:7 | acl:relcl:5 | advcl:8 | advmod:31 | amod:20 | appos:1 | aux:10 | case:34 | cc:24 | ccomp:4 | conj:32 | cop:5 | csubj:1 | det:12 | dislocated:1 | fixed:5 | mark:22 | nmod:12 | nmod:poss:13 | nsubj:29 | nsubj:pass:7 | obj:7 | obl:21 | parataxis:1 | punct:38 | xcomp:7
ROOT:9 | acl:1 | acl:relcl:1 | advcl:1 | advmod:2 | amod:10 | aux:5 | case:14 | cc:8 | ccomp:2 | conj:8 | cop:1 | det:4 | fixed:2 | mark:4 | nmod:5 | nmod:poss:7 | nsubj:10 | nsubj:pass:5 | nummod:3 | obj:6 | obl:8 | obl:agent:1 | punct:12 | xcomp:1,ROOT:15 | acl:3 | acl:relcl:6 | advcl:6 | advmod:20 | amod:23 | appos:2 | aux:12 | case:41 | cc:28 | ccomp:2 | conj:36 | cop:4 | csubj:1 | det:17 | dislocated:1 | fixed:2 | mark:14 | nmod:19 | nmod:poss:6 | nsubj:25 | nsubj:pass:5 | obj:12 | obl:18 | obl:agent:3 | parataxis:2 | punct:36 | xcomp:6
ROOT:7 | advcl:1 | amod:10 | aux:4 | case:26 | cc:9 | ccomp:2 | conj:8 | cop:1 | csubj:1 | det:8 | mark:4 | nmod:11 | nmod:poss:10 | nsubj:8 | nsubj:pass:2 | obj:7 | obl:14 | punct:6,ROOT:12 | acl:3 | acl:relcl:8 | advcl:9 | advmod:27 | amod:16 | appos:2 | aux:7 | case:33 | cc:27 | ccomp:3 | compound:prt:1 | conj:27 | cop:2 | csubj:1 | det:15 | dislocated:1 | fixed:6 | mark:25 | nmod:13 | nmod:poss:19 | nsubj:27 | nsubj:pass:9 | obj:19 | obl:21 | obl:agent:1 | parataxis:3 | punct:28 | xcomp:8
ROOT:10 | acl:3 | acl:relcl:8 | advcl:2 | advmod:16 | amod:20 | aux:4 | case:22 | cc:11 | ccomp:1 | conj:12 | cop:3 | det:14 | expl:2 | fixed:1 | mark:8 | nmod:6 | nmod:poss:8 | nsubj:17 | nsubj:pass:4 | obj:15 | obl:16 | punct:13 | xcomp:2,ROOT:11 | acl:3 | acl:relcl:4 | advcl:10 | advmod:21 | amod:20 | appos:4 | aux:10 | case:21 | cc:17 | ccomp:1 | compound:prt:2 | conj:21 | cop:3 | det:11 | dislocated:1 | fixed:2 | mark:24 | nmod:9 | nmod:poss:4 | nsubj:22 | nsubj:pass:6 | nummod:2 | obj:18 | obl:15 | punct:39 | xcomp:2
ROOT:11 | acl:2 | acl:relcl:3 | advcl:4 | advmod:7 | amod:11 | appos:4 | aux:2 | case:22 | cc:4 | ccomp:3 | compound:prt:1 | conj:4 | cop:3 | det:12 | dislocated:1 | mark:6 | nmod:11 | nmod:poss:2 | nsubj:11 | nsubj:pass:5 | obj:8 | obl:11 | obl:agent:1 | punct:17 | xcomp:2,ROOT:15 | acl:4 | acl:relcl:3 | advcl:8 | advmod:25 | amod:33 | appos:2 | aux:5 | case:37 | cc:29 | ccomp:5 | compound:prt:3 | conj:44 | cop:3 | dep:2 | det:16 | dislocated:1 | expl:1 | fixed:3 | mark:27 | nmod:17 | nmod:poss:9 | nsubj:25 | nsubj:pass:6 | nummod:2 | obj:15 | obl:18 | obl:agent:2 | punct:39 | xcomp:5
ROOT:17 | acl:cleft:2 | acl:relcl:3 | advcl:4 | advmod:18 | amod:14 | aux:11 | aux:pass:1 | case:27 | cc:14 | ccomp:3 | conj:16 | cop:8 | csubj:1 | dep:1 | det:13 | fixed:2 | mark:6 | nmod:11 | nmod:poss:4 | nsubj:22 | nsubj:pass:7 | nummod:5 | obj:12 | obl:15 | obl:agent:1 | parataxis:3 | punct:23 | xcomp:5,ROOT:23 | acl:4 | acl:cleft:1 | acl:relcl:6 | advcl:9 | advmod:36 | amod:33 | appos:4 | aux:18 | case:65 | cc:34 | ccomp:6 | compound:prt:1 | conj:35 | cop:7 | csubj:1 | dep:2 | det:27 | dislocated:3 | expl:1 | fixed:13 | iobj:1 | mark:30 | nmod:25 | nmod:poss:11 | nsubj:38 | nsubj:pass:14 | nummod:1 | obj:19 | obl:36 | obl:agent:1 | parataxis:3 | punct:43 | xcomp:6
ROOT:21 | acl:relcl:8 | advcl:2 | advmod:10 | amod:20 | appos:1 | aux:9 | case:45 | cc:20 | ccomp:1 | compound:prt:2 | conj:24 | cop:3 | det:16 | fixed:10 | mark:8 | nmod:25 | nmod:poss:10 | nsubj:21 | nsubj:pass:7 | nummod:1 | obj:9 | obl:21 | punct:32 | xcomp:6,ROOT:18 | acl:2 | acl:relcl:4 | advcl:10 | advmod:33 | amod:26 | aux:14 | case:32 | cc:32 | ccomp:4 | compound:prt:2 | conj:43 | cop:4 | csubj:2 | det:14 | fixed:6 | mark:31 | nmod:9 | nmod:poss:7 | nsubj:27 | nsubj:pass:10 | nummod:1 | obj:18 | obl:25 | punct:40 | xcomp:10
ROOT:24 | acl:4 | acl:cleft:2 | acl:relcl:11 | advcl:9 | advmod:18 | amod:38 | aux:13 | case:58 | cc:23 | ccomp:4 | compound:prt:4 | conj:21 | cop:7 | det:31 | expl:8 | fixed:5 | mark:24 | nmod:23 | nmod:poss:4 | nsubj:48 | nsubj:pass:1 | nummod:5 | obj:23 | obl:32 | obl:agent:1 | parataxis:2 | punct:29 | xcomp:2,ROOT:18 | acl:1 | acl:relcl:7 | advcl:8 | advmod:34 | amod:53 | appos:6 | aux:13 | case:44 | cc:41 | ccomp:2 | compound:prt:1 | conj:55 | cop:3 | csubj:2 | det:21 | dislocated:1 | expl:1 | fixed:7 | mark:14 | nmod:25 | nmod:poss:4 | nsubj:22 | nsubj:pass:11 | nummod:1 | obj:25 | obl:16 | obl:agent:2 | punct:47 | xcomp:6
ROOT:5 | acl:1 | acl:relcl:6 | advmod:4 | amod:6 | aux:3 | case:15 | ccomp:2 | conj:2 | cop:2 | det:14 | flat:name:3 | iobj:1 | mark:4 | nmod:5 | nmod:poss:1 | nsubj:7 | nsubj:pass:3 | obj:4 | obl:8 | obl:agent:2 | punct:8 | xcomp:1,ROOT:12 | acl:3 | acl:relcl:10 | advcl:6 | advmod:18 | amod:31 | appos:7 | aux:6 | case:39 | cc:20 | ccomp:3 | conj:28 | cop:2 | dep:1 | det:16 | fixed:9 | mark:18 | nmod:12 | nmod:poss:6 | nsubj:17 | nsubj:pass:11 | obj:17 | obl:24 | punct:36 | xcomp:1
ROOT:10 | acl:1 | acl:relcl:3 | advmod:2 | amod:14 | appos:1 | aux:2 | case:19 | cc:5 | ccomp:1 | conj:11 | cop:2 | det:9 | mark:3 | nmod:12 | nmod:poss:4 | nsubj:9 | nsubj:pass:6 | nummod:1 | obj:5 | obl:5 | obl:agent:1 | punct:17 | xcomp:1,ROOT:14 | acl:3 | acl:cleft:1 | acl:relcl:2 | advcl:7 | advmod:19 | amod:34 | appos:4 | aux:10 | case:32 | cc:26 | compound:prt:1 | conj:36 | cop:4 | csubj:2 | dep:3 | det:12 | fixed:4 | iobj:1 | mark:24 | nmod:15 | nmod:poss:6 | nsubj:22 | nsubj:pass:5 | obj:20 | obl:15 | obl:agent:3 | punct:30 | xcomp:3
ROOT:20 | acl:1 | acl:relcl:5 | advcl:7 | advmod:11 | amod:25 | aux:5 | case:41 | cc:11 | ccomp:2 | compound:prt:3 | conj:12 | cop:8 | csubj:1 | det:26 | expl:3 | fixed:7 | mark:12 | nmod:19 | nmod:poss:7 | nsubj:23 | nsubj:pass:8 | nummod:4 | obj:13 | obl:22 | obl:agent:1 | parataxis:1 | punct:24 | xcomp:3,ROOT:9 | acl:3 | acl:relcl:2 | advcl:5 | advmod:20 | amod:25 | appos:1 | aux:2 | case:34 | cc:16 | ccomp:2 | compound:prt:1 | conj:24 | cop:3 | csubj:1 | det:9 | expl:1 | fixed:2 | mark:20 | nmod:16 | nmod:poss:9 | nsubj:12 | nsubj:pass:5 | nummod:2 | obj:14 | obl:18 | parataxis:3 | punct:23 | xcomp:5
ROOT:16 | acl:2 | acl:relcl:2 | advcl:1 | advmod:11 | amod:11 | appos:1 | aux:5 | case:27 | cc:9 | ccomp:5 | compound:prt:2 | conj:11 | cop:6 | csubj:1 | det:8 | expl:1 | fixed:3 | mark:11 | nmod:20 | nmod:poss:2 | nsubj:16 | nsubj:pass:2 | nummod:1 | obj:13 | obl:10 | parataxis:1 | punct:17 | xcomp:1,ROOT:9 | acl:2 | advcl:3 | advmod:23 | amod:28 | appos:2 | aux:4 | case:23 | cc:18 | ccomp:3 | compound:prt:2 | conj:22 | cop:1 | csubj:1 | det:11 | fixed:3 | mark:16 | nmod:11 | nmod:poss:3 | nsubj:15 | nsubj:pass:7 | nummod:3 | obj:9 | obl:16 | punct:22 | xcomp:4
ROOT:9 | acl:1 | acl:cleft:1 | acl:relcl:6 | advcl:1 | advmod:12 | amod:13 | appos:2 | aux:6 | case:18 | cc:4 | compound:prt:1 | conj:4 | cop:4 | csubj:2 | dep:1 | det:16 | expl:1 | fixed:4 | mark:6 | nmod:5 | nmod:poss:1 | nsubj:13 | nsubj:pass:9 | obj:9 | obl:11 | obl:agent:1 | parataxis:1 | punct:13 | xcomp:2,ROOT:17 | acl:4 | acl:relcl:5 | advcl:11 | advmod:34 | amod:53 | appos:5 | aux:11 | case:41 | cc:40 | ccomp:4 | compound:prt:4 | conj:45 | cop:9 | dep:1 | det:12 | expl:1 | fixed:5 | iobj:1 | mark:22 | nmod:18 | nmod:poss:1 | nsubj:25 | nsubj:pass:18 | obj:16 | obl:29 | parataxis:2 | punct:41 | xcomp:4
ROOT:6 | acl:relcl:1 | advcl:4 | advmod:9 | amod:7 | aux:2 | case:29 | cc:8 | ccomp:2 | compound:prt:1 | conj:10 | cop:2 | det:10 | dislocated:1 | fixed:2 | mark:6 | nmod:11 | nmod:poss:5 | nsubj:13 | nsubj:pass:1 | nummod:1 | obj:4 | obl:16 | parataxis:1 | punct:10,ROOT:6 | acl:relcl:1 | advcl:4 | advmod:8 | amod:3 | aux:4 | case:6 | cc:7 | compound:prt:3 | conj:14 | cop:2 | det:3 | dislocated:1 | mark:5 | nmod:4 | nsubj:12 | nummod:2 | obj:5 | obl:6 | punct:47 | xcomp:1
ROOT:21 | acl:3 | acl:relcl:1 | advcl:2 | advmod:5 | amod:16 | appos:2 | aux:6 | case:26 | cc:14 | ccomp:5 | compound:prt:5 | conj:13 | cop:7 | csubj:1 | dep:1 | det:6 | expl:3 | mark:10 | nmod:11 | nmod:poss:5 | nsubj:22 | nsubj:pass:4 | nummod:5 | obj:8 | obl:16 | parataxis:1 | punct:25,ROOT:19 | acl:5 | advcl:11 | advmod:27 | amod:42 | aux:14 | case:45 | cc:30 | ccomp:1 | compound:prt:3 | conj:42 | cop:4 | dep:1 | det:26 | expl:1 | fixed:3 | mark:25 | nmod:24 | nmod:poss:13 | nsubj:22 | nsubj:pass:4 | obj:22 | obl:22 | parataxis:1 | punct:45 | xcomp:5
ROOT:13 | acl:5 | acl:cleft:1 | acl:relcl:5 | advcl:2 | advmod:14 | amod:27 | appos:1 | aux:4 | case:22 | cc:9 | ccomp:3 | compound:prt:1 | conj:11 | cop:7 | det:17 | expl:1 | fixed:1 | mark:12 | nmod:10 | nmod:poss:5 | nsubj:21 | nsubj:pass:3 | nummod:1 | obj:12 | obl:12 | punct:18 | xcomp:2,ROOT:16 | acl:2 | acl:relcl:2 | advcl:9 | advmod:31 | amod:43 | appos:1 | aux:5 | case:40 | cc:28 | ccomp:4 | compound:prt:1 | conj:34 | cop:9 | csubj:1 | dep:1 | det:11 | dislocated:1 | fixed:7 | mark:20 | nmod:20 | nmod:poss:4 | nsubj:28 | nsubj:pass:9 | obj:16 | obl:21 | obl:agent:1 | parataxis:2 | punct:43 | xcomp:3
ROOT:10 | acl:relcl:2 | advcl:1 | advmod:8 | amod:9 | appos:1 | aux:2 | case:12 | cc:6 | ccomp:4 | conj:7 | cop:4 | det:9 | fixed:4 | mark:6 | nmod:8 | nmod:poss:6 | nsubj:14 | nsubj:pass:2 | obj:5 | obl:5 | obl:agent:1 | punct:11,ROOT:21 | acl:2 | acl:relcl:7 | advcl:12 | advmod:32 | amod:39 | aux:19 | aux:pass:1 | case:42 | cc:34 | ccomp:3 | compound:prt:2 | conj:44 | cop:5 | csubj:4 | dep:1 | det:20 | dislocated:1 | expl:2 | fixed:4 | mark:30 | nmod:17 | nmod:poss:11 | nsubj:33 | nsubj:pass:7 | obj:29 | obl:25 | parataxis:1 | punct:46 | xcomp:7
ROOT:4 | acl:1 | acl:relcl:4 | advcl:3 | advmod:8 | amod:8 | aux:8 | case:12 | cc:6 | ccomp:2 | conj:6 | det:8 | mark:8 | nmod:3 | nmod:poss:4 | nsubj:12 | obj:13 | obl:9 | punct:7 | xcomp:2,ROOT:12 | acl:3 | acl:relcl:4 | advcl:3 | advmod:25 | amod:27 | appos:4 | aux:3 | case:28 | cc:25 | ccomp:3 | compound:prt:1 | conj:34 | cop:1 | csubj:1 | det:18 | dislocated:2 | expl:1 | fixed:3 | mark:15 | nmod:9 | nmod:poss:7 | nsubj:17 | nsubj:pass:14 | obj:13 | obl:13 | obl:agent:1 | punct:36 | xcomp:5
ROOT:14 | acl:2 | acl:relcl:3 | advcl:2 | advmod:4 | amod:10 | aux:1 | case:11 | cc:8 | ccomp:5 | conj:9 | cop:2 | det:4 | fixed:5 | mark:11 | nmod:2 | nmod:poss:4 | nsubj:15 | nsubj:pass:3 | nummod:3 | obj:4 | obl:9 | punct:14 | xcomp:2,ROOT:17 | acl:2 | acl:relcl:9 | advcl:5 | advmod:34 | amod:43 | appos:2 | aux:12 | case:46 | cc:33 | ccomp:2 | compound:prt:1 | conj:33 | cop:2 | csubj:2 | dep:3 | det:19 | expl:1 | fixed:12 | mark:27 | nmod:14 | nmod:poss:9 | nsubj:18 | nsubj:pass:15 | obj:10 | obl:27 | obl:agent:2 | parataxis:3 | punct:39 | xcomp:5
ROOT:14 | acl:2 | acl:cleft:1 | acl:relcl:3 | advcl:7 | advmod:18 | amod:29 | appos:2 | aux:9 | case:35 | cc:7 | conj:11 | cop:5 | csubj:1 | det:21 | expl:3 | fixed:4 | mark:9 | nmod:11 | nmod:poss:3 | nsubj:17 | nsubj:pass:4 | obj:10 | obl:24 | punct:24 | xcomp:1,ROOT:15 | acl:2 | acl:cleft:1 | acl:relcl:6 | advcl:7 | advmod:30 | amod:40 | aux:7 | case:42 | cc:36 | ccomp:5 | compound:prt:1 | conj:41 | cop:5 | csubj:2 | dep:1 | det:21 | dislocated:1 | fixed:5 | mark:22 | nmod:18 | nmod:poss:8 | nsubj:27 | nsubj:pass:10 | obj:13 | obl:22 | obl:agent:1 | parataxis:2 | punct:44 | xcomp:9
ROOT:8 | acl:4 | acl:relcl:2 | advcl:5 | advmod:11 | amod:18 | appos:2 | aux:7 | case:20 | cc:10 | compound:prt:1 | conj:12 | cop:4 | det:19 | expl:1 | fixed:2 | mark:14 | nmod:11 | nmod:poss:8 | nsubj:10 | nsubj:pass:5 | obj:14 | obl:12 | parataxis:1 | punct:14 | xcomp:1,ROOT:19 | acl:10 | acl:relcl:4 | advcl:12 | advmod:35 | amod:39 | aux:10 | case:50 | cc:32 | ccomp:3 | compound:prt:2 | conj:50 | cop:6 | csubj:2 | det:20 | dislocated:1 | fixed:10 | iobj:1 | mark:32 | nmod:20 | nmod:poss:10 | nsubj:28 | nsubj:pass:6 | obj:28 | obl:25 | obl:agent:1 | parataxis:1 | punct:45 | xcomp:6
ROOT:17 | acl:5 | acl:relcl:4 | advcl:7 | advmod:9 | amod:25 | aux:11 | case:30 | cc:14 | ccomp:3 | compound:prt:1 | conj:14 | cop:8 | dep:1 | det:18 | dislocated:1 | expl:4 | fixed:6 | mark:23 | nmod:18 | nmod:poss:7 | nsubj:22 | nsubj:pass:8 | obj:11 | obl:15 | obl:agent:3 | parataxis:2 | punct:16 | xcomp:2,ROOT:19 | acl:7 | acl:relcl:5 | advcl:9 | advmod:38 | amod:38 | appos:4 | aux:9 | case:58 | cc:33 | ccomp:2 | conj:46 | cop:4 | dep:4 | det:24 | dislocated:1 | expl:1 | fixed:5 | mark:38 | nmod:30 | nmod:poss:9 | nsubj:32 | nsubj:pass:11 | obj:26 | obl:28 | obl:agent:2 | parataxis:1 | punct:52 | xcomp:3
ROOT:12 | acl:1 | acl:relcl:2 | advcl:6 | advmod:6 | amod:13 | aux:11 | case:18 | cc:5 | ccomp:3 | compound:prt:2 | conj:4 | cop:3 | det:17 | fixed:5 | mark:6 | nmod:10 | nmod:poss:4 | nsubj:15 | nsubj:pass:6 | nummod:4 | obj:10 | obl:15 | punct:17 | xcomp:1,ROOT:10 | acl:relcl:3 | advcl:7 | advmod:19 | amod:23 | appos:1 | aux:3 | case:24 | cc:28 | ccomp:4 | compound:prt:1 | conj:34 | cop:1 | det:9 | dislocated:1 | fixed:4 | mark:20 | nmod:10 | nmod:poss:3 | nsubj:19 | nsubj:pass:11 | nummod:1 | obj:11 | obl:12 | parataxis:1 | punct:26 | xcomp:7
ROOT:9 | acl:relcl:4 | advcl:5 | advmod:3 | amod:11 | aux:1 | case:22 | cc:6 | ccomp:2 | compound:prt:2 | conj:8 | cop:1 | dep:1 | det:5 | mark:13 | nmod:10 | nmod:poss:8 | nsubj:13 | nsubj:pass:4 | nummod:5 | obj:16 | obl:10 | obl:agent:1 | punct:10 | xcomp:1,ROOT:16 | acl:4 | acl:relcl:4 | advcl:10 | advmod:22 | amod:22 | appos:4 | aux:8 | case:36 | cc:33 | ccomp:2 | conj:37 | cop:7 | det:14 | fixed:9 | flat:name:1 | mark:31 | nmod:16 | nmod:poss:13 | nsubj:31 | nsubj:pass:6 | obj:15 | obl:21 | obl:agent:1 | parataxis:2 | punct:32 | xcomp:6
ROOT:7 | acl:2 | acl:relcl:3 | advcl:1 | advmod:4 | amod:12 | appos:1 | aux:1 | case:18 | cc:8 | conj:10 | cop:3 | csubj:1 | det:8 | expl:1 | fixed:1 | mark:7 | nmod:10 | nmod:poss:2 | nsubj:10 | nsubj:pass:2 | nummod:2 | obj:8 | obl:8 | punct:11,ROOT:12 | acl:3 | acl:relcl:6 | advcl:12 | advmod:31 | amod:19 | aux:11 | aux:pass:1 | case:21 | cc:23 | ccomp:4 | compound:prt:2 | conj:27 | cop:2 | csubj:2 | dep:1 | det:13 | dislocated:2 | expl:2 | fixed:4 | mark:30 | nmod:11 | nmod:poss:8 | nsubj:23 | nsubj:pass:16 | obj:15 | obl:8 | obl:agent:2 | parataxis:1 | punct:26 | xcomp:11
ROOT:11 | acl:relcl:2 | advcl:8 | advmod:10 | amod:17 | appos:1 | aux:4 | case:27 | cc:7 | ccomp:5 | compound:prt:3 | conj:10 | cop:3 | csubj:1 | det:7 | expl:1 | fixed:6 | iobj:1 | mark:20 | nmod:12 | nmod:poss:5 | nsubj:18 | nsubj:pass:3 | nummod:2 | obj:11 | obl:14 | punct:17 | xcomp:1,ROOT:17 | acl:4 | acl:relcl:4 | advcl:14 | advmod:23 | amod:36 | appos:5 | aux:10 | case:28 | cc:29 | ccomp:1 | compound:prt:5 | conj:39 | cop:6 | csubj:1 | dep:1 | det:13 | dislocated:1 | fixed:3 | mark:30 | nmod:15 | nmod:poss:9 | nsubj:33 | nsubj:pass:7 | nummod:8 | obj:23 | obl:13 | parataxis:1 | punct:49 | xcomp:11
ROOT:9 | acl:1 | acl:relcl:5 | advcl:2 | advmod:9 | amod:15 | appos:1 | aux:2 | case:20 | cc:5 | ccomp:1 | compound:prt:1 | conj:5 | cop:5 | csubj:1 | dep:1 | det:9 | expl:1 | mark:3 | nmod:8 | nmod:poss:2 | nsubj:15 | nsubj:pass:1 | nummod:1 | obj:5 | obl:10 | punct:11 | xcomp:2,ROOT:21 | acl:4 | acl:relcl:9 | advcl:13 | advmod:45 | amod:48 | appos:2 | aux:4 | case:44 | cc:29 | ccomp:3 | compound:prt:4 | conj:41 | cop:3 | csubj:3 | dep:1 | det:22 | expl:4 | fixed:5 | mark:37 | nmod:18 | nmod:poss:5 | nsubj:38 | nsubj:pass:10 | obj:24 | obl:27 | obl:agent:3 | parataxis:2 | punct:54 | xcomp:9
ROOT:7 | acl:3 | acl:relcl:1 | advcl:2 | advmod:5 | amod:16 | appos:3 | aux:3 | case:19 | cc:9 | ccomp:2 | conj:6 | cop:3 | det:9 | dislocated:1 | fixed:7 | mark:11 | nmod:15 | nmod:poss:3 | nsubj:9 | nsubj:pass:6 | nummod:1 | obj:8 | obl:6 | parataxis:1 | punct:12 | xcomp:3,ROOT:21 | acl:3 | acl:relcl:9 | advcl:16 | advmod:51 | amod:52 | appos:1 | aux:13 | case:40 | cc:44 | ccomp:4 | compound:prt:1 | conj:49 | cop:7 | csubj:2 | det:22 | dislocated:3 | expl:2 | fixed:3 | mark:44 | nmod:16 | nmod:poss:11 | nsubj:39 | nsubj:pass:23 | obj:31 | obl:16 | obl:agent:3 | parataxis:2 | punct:50 | xcomp:12
ROOT:4 | acl:relcl:1 | advcl:2 | advmod:5 | amod:6 | appos:1 | aux:3 | case:8 | cc:4 | ccomp:1 | conj:3 | det:6 | mark:3 | nmod:1 | nsubj:5 | nsubj:pass:2 | obj:1 | obl:6 | punct:4 | xcomp:1,ROOT:9 | acl:relcl:7 | advcl:6 | advmod:26 | amod:16 | appos:2 | aux:5 | case:27 | cc:22 | ccomp:5 | conj:25 | cop:3 | dep:2 | det:13 | fixed:4 | mark:17 | nmod:13 | nmod:poss:5 | nsubj:23 | nsubj:pass:5 | obj:10 | obl:12 | obl:agent:2 | punct:23 | xcomp:4
ROOT:42 | acl:3 | acl:relcl:17 | advcl:14 | advmod:41 | amod:48 | appos:8 | aux:24 | case:91 | cc:19 | ccomp:2 | compound:prt:3 | conj:20 | cop:16 | dep:1 | det:44 | expl:1 | fixed:8 | flat:name:3 | iobj:1 | mark:31 | nmod:43 | nmod:poss:21 | nsubj:59 | nsubj:pass:12 | nummod:3 | obj:29 | obl:56 | obl:agent:1 | parataxis:5 | punct:56 | xcomp:5,ROOT:13 | acl:4 | acl:relcl:4 | advcl:6 | advmod:26 | amod:32 | appos:2 | aux:6 | case:32 | cc:18 | ccomp:5 | compound:prt:3 | conj:24 | cop:1 | csubj:1 | det:16 | dislocated:2 | fixed:2 | mark:18 | nmod:15 | nmod:poss:6 | nsubj:24 | nsubj:pass:5 | nummod:1 | obj:15 | obl:17 | obl:agent:1 | punct:30 | xcomp:4
ROOT:10 | acl:3 | acl:relcl:5 | advcl:8 | advmod:9 | amod:15 | aux:6 | case:22 | cc:6 | ccomp:3 | compound:prt:1 | conj:5 | cop:6 | csubj:1 | det:20 | expl:2 | fixed:1 | mark:19 | nmod:8 | nmod:poss:5 | nsubj:24 | obj:15 | obl:14 | punct:13 | xcomp:1,ROOT:12 | acl:3 | acl:relcl:11 | advcl:10 | advmod:31 | amod:39 | appos:1 | aux:8 | case:36 | cc:29 | ccomp:4 | compound:prt:1 | conj:43 | cop:3 | csubj:1 | dep:1 | det:17 | expl:2 | fixed:6 | mark:29 | nmod:15 | nmod:poss:4 | nsubj:29 | nsubj:pass:6 | nummod:1 | obj:18 | obl:18 | parataxis:2 | punct:53 | xcomp:13
ROOT:7 | acl:2 | acl:relcl:5 | advcl:4 | advmod:4 | amod:3 | aux:3 | case:15 | cc:7 | ccomp:1 | conj:8 | cop:3 | det:7 | fixed:4 | mark:14 | nmod:1 | nmod:poss:6 | nsubj:14 | nsubj:pass:2 | obj:9 | obl:13 | punct:6 | xcomp:1,ROOT:15 | acl:3 | acl:relcl:6 | advcl:9 | advmod:17 | amod:30 | aux:12 | case:25 | cc:27 | ccomp:4 | conj:31 | cop:6 | csubj:1 | det:16 | dislocated:1 | fixed:3 | mark:26 | nmod:12 | nmod:poss:5 | nsubj:27 | nsubj:pass:2 | obj:27 | obl:16 | parataxis:1 | punct:26 | xcomp:4
ROOT:7 | acl:3 | acl:relcl:4 | advcl:5 | advmod:6 | amod:10 | case:14 | ccomp:1 | compound:prt:2 | cop:7 | csubj:2 | det:9 | expl:1 | fixed:1 | mark:15 | nmod:6 | nsubj:10 | nsubj:pass:1 | obj:10 | obl:7 | punct:6,ROOT:8 | acl:2 | acl:relcl:4 | advcl:6 | advmod:16 | amod:22 | appos:3 | aux:4 | case:22 | cc:16 | ccomp:3 | compound:prt:1 | conj:24 | det:8 | fixed:7 | mark:20 | nmod:10 | nmod:poss:4 | nsubj:9 | nsubj:pass:11 | obj:10 | obl:12 | parataxis:1 | punct:23 | xcomp:1
ROOT:13 | acl:cleft:1 | acl:relcl:2 | advcl:11 | advmod:16 | amod:21 | appos:2 | aux:14 | aux:pass:1 | case:24 | cc:9 | ccomp:7 | compound:prt:5 | conj:11 | cop:3 | csubj:1 | det:10 | dislocated:1 | expl:2 | fixed:5 | flat:name:2 | iobj:1 | mark:28 | nmod:13 | nmod:poss:9 | nsubj:26 | nsubj:pass:5 | obj:11 | obl:18 | parataxis:1 | punct:17 | xcomp:4,ROOT:8 | acl:2 | acl:relcl:2 | advcl:3 | advmod:12 | amod:9 | aux:5 | case:6 | cc:9 | compound:prt:1 | conj:14 | cop:1 | det:6 | mark:9 | nmod:3 | nsubj:14 | nummod:3 | obj:9 | obl:4 | parataxis:2 | punct:46 | xcomp:2
ROOT:20 | acl:6 | acl:cleft:1 | acl:relcl:4 | advmod:20 | amod:21 | appos:1 | aux:5 | case:31 | cc:17 | conj:25 | cop:9 | csubj:1 | dep:2 | det:13 | expl:1 | fixed:7 | flat:name:5 | mark:8 | nmod:18 | nmod:poss:4 | nsubj:18 | nsubj:pass:5 | nummod:3 | obj:9 | obl:17 | obl:agent:2 | parataxis:2 | punct:30 | xcomp:1,ROOT:11 | acl:2 | acl:relcl:5 | advcl:3 | advmod:23 | amod:26 | appos:5 | aux:3 | case:33 | cc:18 | conj:22 | cop:3 | csubj:1 | det:8 | fixed:4 | flat:name:1 | mark:13 | nmod:24 | nmod:poss:2 | nsubj:18 | nsubj:pass:5 | obj:10 | obl:13 | punct:29 | xcomp:3
ROOT:4 | acl:1 | acl:relcl:2 | advcl:2 | advmod:4 | amod:6 | aux:3 | case:11 | cc:2 | ccomp:3 | conj:1 | cop:1 | det:8 | expl:1 | fixed:3 | mark:8 | nmod:6 | nmod:poss:2 | nsubj:9 | nummod:2 | obj:7 | obl:6 | punct:3 | xcomp:1,ROOT:12 | acl:4 | acl:relcl:5 | advcl:9 | advmod:21 | amod:25 | appos:2 | aux:6 | case:31 | cc:22 | compound:prt:1 | conj:33 | cop:2 | dep:4 | det:14 | dislocated:1 | fixed:5 | mark:24 | nmod:14 | nmod:poss:5 | nsubj:12 | nsubj:pass:12 | obj:22 | obl:16 | obl:agent:1 | parataxis:1 | punct:31 | xcomp:8
ROOT:9 | acl:1 | acl:relcl:3 | advcl:2 | advmod:3 | amod:7 | aux:1 | case:18 | cc:4 | ccomp:3 | conj:5 | cop:2 | det:5 | fixed:2 | mark:10 | nmod:9 | nmod:poss:4 | nsubj:11 | nsubj:pass:4 | nummod:1 | obj:7 | obl:11 | obl:agent:1 | punct:12 | xcomp:1,ROOT:10 | acl:relcl:3 | advcl:6 | advmod:14 | amod:13 | appos:2 | aux:5 | case:26 | cc:17 | compound:prt:1 | conj:25 | cop:1 | det:6 | fixed:4 | mark:15 | nmod:13 | nmod:poss:12 | nsubj:11 | nsubj:pass:8 | obj:16 | obl:14 | punct:24 | xcomp:4
ROOT:12 | acl:3 | acl:relcl:3 | advcl:2 | advmod:10 | amod:13 | appos:2 | aux:9 | case:23 | cc:18 | compound:prt:3 | conj:21 | cop:4 | dep:1 | det:5 | expl:2 | fixed:7 | mark:6 | nmod:13 | nmod:poss:8 | nsubj:10 | nsubj:pass:9 | obj:4 | obl:11 | parataxis:1 | punct:18 | xcomp:3,ROOT:20 | acl:5 | acl:cleft:1 | acl:relcl:4 | advcl:7 | advmod:33 | amod:46 | appos:2 | aux:10 | case:40 | cc:34 | ccomp:2 | compound:prt:1 | conj:50 | cop:2 | csubj:2 | det:30 | expl:2 | fixed:3 | mark:29 | nmod:22 | nmod:poss:12 | nsubj:26 | nsubj:pass:8 | obj:17 | obl:19 | parataxis:2 | punct:49 | xcomp:7
ROOT:8 | acl:1 | advcl:8 | advmod:9 | amod:18 | appos:1 | aux:5 | case:28 | cc:10 | ccomp:1 | compound:prt:5 | conj:12 | cop:4 | csubj:1 | dep:2 | det:12 | fixed:7 | mark:13 | nmod:10 | nmod:poss:1 | nsubj:17 | nsubj:pass:1 | nummod:1 | obj:8 | obl:18 | punct:14 | xcomp:2,ROOT:12 | acl:2 | acl:cleft:1 | acl:relcl:4 | advcl:8 | advmod:36 | amod:39 | aux:7 | case:37 | cc:31 | ccomp:1 | compound:prt:1 | conj:32 | cop:2 | dep:2 | det:23 | iobj:1 | mark:18 | nmod:22 | nmod:poss:6 | nsubj:21 | nsubj:pass:5 | nummod:3 | obj:15 | obl:20 | parataxis:3 | punct:27 | xcomp:5
ROOT:10 | acl:3 | acl:relcl:6 | advcl:7 | advmod:17 | amod:25 | appos:1 | aux:7 | case:33 | cc:11 | ccomp:4 | compound:prt:3 | conj:15 | cop:4 | csubj:1 | det:22 | expl:2 | fixed:3 | mark:23 | nmod:16 | nmod:poss:7 | nsubj:19 | nsubj:pass:6 | obj:12 | obl:17 | punct:24 | xcomp:5,ROOT:14 | acl:3 | acl:relcl:3 | advcl:10 | advmod:27 | amod:31 | appos:6 | aux:11 | case:41 | cc:23 | ccomp:2 | conj:36 | cop:4 | det:20 | dislocated:1 | fixed:2 | mark:21 | nmod:20 | nmod:poss:5 | nsubj:29 | nsubj:pass:4 | obj:12 | obl:20 | parataxis:2 | punct:53 | xcomp:8
ROOT:7 | acl:relcl:2 | advcl:1 | advmod:4 | amod:9 | appos:1 | aux:4 | case:14 | cc:5 | ccomp:6 | compound:prt:1 | conj:4 | cop:1 | dep:1 | det:8 | expl:1 | fixed:1 | mark:8 | nmod:6 | nsubj:9 | nsubj:pass:3 | obj:5 | obl:8 | obl:agent:1 | punct:7 | xcomp:1,ROOT:8 | acl:6 | acl:relcl:2 | advcl:10 | advmod:26 | amod:11 | aux:3 | case:17 | cc:18 | ccomp:2 | compound:prt:1 | conj:20 | cop:2 | dep:1 | det:7 | fixed:8 | mark:22 | nmod:8 | nmod:poss:4 | nsubj:24 | nsubj:pass:3 | obj:16 | obl:13 | punct:24 | xcomp:2
ROOT:15 | acl:2 | acl:relcl:2 | advcl:2 | advmod:6 | amod:8 | aux:10 | case:25 | cc:14 | ccomp:2 | compound:prt:1 | conj:16 | cop:7 | csubj:4 | det:5 | expl:1 | fixed:1 | mark:11 | nmod:7 | nmod:poss:1 | nsubj:11 | nsubj:pass:6 | nummod:1 | obj:11 | obl:11 | punct:17 | xcomp:2,ROOT:14 | acl:4 | acl:relcl:2 | advcl:11 | advmod:23 | amod:25 | appos:1 | aux:10 | case:29 | cc:23 | ccomp:3 | compound:prt:1 | conj:33 | cop:2 | dep:1 | det:16 | fixed:8 | mark:24 | nmod:14 | nmod:poss:3 | nsubj:19 | nsubj:pass:8 | nummod:1 | obj:14 | obl:15 | punct:34 | xcomp:6
ROOT:22 | acl:1 | acl:cleft:1 | advcl:11 | advmod:16 | amod:11 | aux:18 | case:18 | cc:8 | ccomp:4 | conj:9 | cop:2 | csubj:1 | det:10 | expl:4 | fixed:4 | mark:20 | nmod:8 | nmod:poss:5 | nsubj:27 | nsubj:pass:7 | obj:14 | obl:10 | obl:agent:1 | punct:24 | xcomp:1,ROOT:18 | acl:5 | acl:relcl:7 | advcl:12 | advmod:32 | amod:34 | appos:2 | aux:6 | case:33 | cc:24 | ccomp:1 | compound:prt:2 | conj:28 | cop:3 | csubj:2 | det:25 | fixed:4 | mark:31 | nmod:10 | nmod:poss:2 | nsubj:30 | nsubj:pass:12 | nummod:1 | obj:25 | obl:24 | parataxis:2 | punct:34 | xcomp:8
ROOT:15 | acl:2 | acl:relcl:3 | advcl:5 | advmod:8 | amod:13 | appos:2 | aux:8 | case:25 | cc:6 | ccomp:2 | compound:prt:4 | conj:14 | cop:2 | csubj:2 | dep:1 | det:10 | dislocated:1 | fixed:3 | flat:name:4 | mark:14 | nmod:13 | nmod:poss:2 | nsubj:17 | nsubj:pass:3 | nummod:1 | obj:12 | obl:14 | obl:agent:1 | parataxis:1 | punct:32 | xcomp:1,ROOT:12 | acl:2 | acl:relcl:2 | advcl:8 | advmod:20 | amod:24 | appos:2 | aux:5 | case:32 | cc:25 | ccomp:8 | compound:prt:1 | conj:27 | cop:4 | csubj:2 | det:11 | dislocated:1 | expl:2 | fixed:3 | iobj:1 | mark:33 | nmod:10 | nmod:poss:4 | nsubj:23 | nsubj:pass:7 | obj:17 | obl:22 | obl:agent:1 | parataxis:1 | punct:25 | xcomp:8
ROOT:9 | acl:1 | acl:relcl:1 | advcl:2 | advmod:3 | amod:17 | appos:3 | aux:3 | case:21 | cc:11 | ccomp:1 | compound:prt:1 | conj:12 | cop:5 | csubj:1 | dep:1 | det:5 | fixed:1 | flat:name:4 | mark:10 | nmod:16 | nmod:poss:2 | nsubj:7 | nsubj:pass:7 | nummod:3 | obj:3 | obl:8 | obl:agent:1 | punct:16 | xcomp:1,ROOT:16 | acl:4 | acl:relcl:12 | advcl:9 | advmod:29 | amod:56 | appos:3 | aux:4 | case:46 | cc:31 | ccomp:4 | compound:prt:2 | conj:41 | cop:5 | csubj:1 | dep:2 | det:25 | dislocated:2 | expl:1 | fixed:1 | mark:35 | nmod:20 | nmod:poss:6 | nsubj:30 | nsubj:pass:14 | obj:18 | obl:22 | obl:agent:4 | parataxis:3 | punct:44 | xcomp:7
ROOT:20 | acl:7 | acl:relcl:4 | advcl:8 | advmod:28 | amod:53 | appos:12 | aux:1 | case:74 | cc:14 | ccomp:2 | compound:prt:8 | conj:21 | cop:4 | csubj:1 | dep:2 | det:34 | fixed:9 | iobj:1 | mark:22 | nmod:44 | nmod:poss:4 | nsubj:31 | nsubj:pass:6 | nummod:7 | obj:15 | obl:26 | obl:agent:1 | parataxis:3 | punct:80 | xcomp:8,ROOT:13 | acl:3 | acl:relcl:6 | advcl:6 | advmod:32 | amod:26 | appos:2 | aux:8 | case:29 | cc:20 | ccomp:4 | conj:25 | cop:1 | dep:1 | det:14 | dislocated:1 | expl:2 | fixed:7 | mark:27 | nmod:15 | nmod:poss:1 | nsubj:18 | nsubj:pass:8 | obj:17 | obl:14 | obl:agent:1 | parataxis:1 | punct:35 | xcomp:7
ROOT:10 | acl:1 | acl:relcl:2 | advcl:2 | advmod:1 | amod:14 | aux:5 | case:18 | cc:5 | ccomp:1 | conj:6 | det:4 | mark:6 | nmod:5 | nmod:poss:3 | nsubj:7 | nsubj:pass:2 | nummod:5 | obj:3 | obl:14 | punct:16,ROOT:15 | acl:4 | acl:relcl:4 | advcl:5 | advmod:19 | amod:29 | appos:1 | aux:12 | case:42 | cc:25 | ccomp:4 | compound:prt:1 | conj:36 | cop:3 | det:9 | dislocated:1 | fixed:5 | mark:21 | nmod:21 | nmod:poss:4 | nsubj:23 | nsubj:pass:7 | obj:15 | obl:22 | parataxis:1 | punct:35 | xcomp:5
ROOT:14 | acl:relcl:4 | advcl:2 | advmod:11 | amod:11 | appos:5 | aux:10 | case:25 | cc:13 | ccomp:4 | conj:18 | cop:11 | csubj:1 | det:10 | expl:1 | fixed:2 | mark:11 | nmod:9 | nmod:poss:3 | nsubj:17 | nsubj:pass:2 | nummod:1 | obj:6 | obl:15 | punct:28 | xcomp:2,ROOT:11 | acl:relcl:3 | advcl:10 | advmod:20 | amod:31 | appos:2 | aux:11 | case:31 | cc:22 | ccomp:1 | conj:37 | cop:4 | det:9 | fixed:2 | mark:17 | nmod:7 | nmod:poss:5 | nsubj:20 | nsubj:pass:3 | obj:13 | obl:24 | obl:agent:1 | parataxis:3 | punct:28 | xcomp:7
ROOT:14 | acl:cleft:1 | acl:relcl:2 | advcl:3 | advmod:10 | amod:9 | aux:6 | case:33 | cc:10 | ccomp:5 | compound:prt:1 | conj:16 | cop:6 | det:8 | expl:3 | fixed:5 | mark:10 | nmod:21 | nmod:poss:5 | nsubj:18 | nsubj:pass:3 | nummod:2 | obj:10 | obl:13 | punct:22,ROOT:17 | acl:7 | acl:relcl:8 | advcl:10 | advmod:24 | amod:26 | appos:6 | aux:8 | case:46 | cc:33 | ccomp:5 | compound:prt:3 | conj:38 | cop:4 | dep:2 | det:23 | fixed:2 | mark:37 | nmod:31 | nmod:poss:11 | nsubj:33 | nsubj:pass:10 | nummod:1 | obj:19 | obl:14 | obl:agent:3 | parataxis:1 | punct:60 | xcomp:5
ROOT:16 | acl:1 | acl:relcl:6 | advcl:4 | advmod:20 | amod:28 | appos:1 | case:42 | cc:18 | ccomp:4 | compound:prt:1 | conj:20 | cop:7 | csubj:1 | dep:1 | det:27 | dislocated:1 | fixed:3 | flat:name:1 | mark:9 | nmod:17 | nmod:poss:8 | nsubj:24 | nsubj:pass:9 | obj:17 | obl:19 | obl:agent:2 | parataxis:3 | punct:34,ROOT:12 | acl:4 | acl:cleft:1 | acl:relcl:6 | advcl:9 | advmod:30 | amod:19 | appos:1 | aux:5 | case:30 | cc:31 | ccomp:7 | conj:38 | cop:2 | dep:1 | det:13 | fixed:4 | mark:30 | nmod:11 | nmod:poss:8 | nsubj:23 | nsubj:pass:14 | obj:13 | obl:17 | obl:agent:1 | punct:35 | xcomp:4
ROOT:9 | acl:1 | acl:relcl:1 | advcl:1 | advmod:2 | amod:10 | aux:5 | case:14 | cc:8 | ccomp:2 | conj:8 | cop:1 | det:4 | fixed:2 | mark:4 | nmod:5 | nmod:poss:7 | nsubj:10 | nsubj:pass:5 | nummod:3 | obj:6 | obl:8 | obl:agent:1 | punct:13 | xcomp:1,ROOT:12 | acl:1 | acl:relcl:6 | advcl:8 | advmod:14 | amod:20 | appos:1 | aux:9 | case:25 | cc:29 | ccomp:3 | compound:prt:1 | conj:32 | cop:1 | csubj:1 | det:12 | expl:1 | fixed:6 | mark:16 | nmod:11 | nmod:poss:5 | nsubj:28 | nsubj:pass:2 | obj:23 | obl:12 | obl:agent:2 | parataxis:1 | punct:25 | xcomp:5
ROOT:7 | advcl:1 | amod:10 | aux:4 | case:26 | cc:9 | ccomp:2 | conj:8 | cop:1 | csubj:1 | det:8 | mark:4 | nmod:11 | nmod:poss:10 | nsubj:8 | nsubj:pass:2 | obj:7 | obl:14 | punct:7,ROOT:14 | acl:9 | acl:relcl:4 | advcl:3 | advmod:28 | amod:16 | appos:1 | aux:6 | case:35 | cc:31 | ccomp:3 | conj:37 | dep:3 | det:19 | dislocated:2 | fixed:4 | mark:29 | nmod:11 | nmod:poss:12 | nsubj:18 | nsubj:pass:11 | obj:17 | obl:23 | parataxis:1 | punct:40 | xcomp:7
ROOT:11 | acl:2 | acl:relcl:3 | advcl:4 | advmod:7 | amod:11 | appos:4 | aux:2 | case:22 | cc:4 | ccomp:3 | compound:prt:1 | conj:4 | cop:3 | det:12 | dislocated:1 | mark:6 | nmod:10 | nmod:poss:2 | nsubj:11 | nsubj:pass:7 | obj:8 | obl:10 | obl:agent:1 | punct:18 | xcomp:2,ROOT:11 | acl:3 | acl:relcl:7 | advcl:5 | advmod:27 | amod:33 | appos:1 | aux:3 | case:25 | cc:25 | ccomp:3 | compound:prt:1 | conj:33 | cop:6 | det:10 | fixed:7 | mark:17 | nmod:12 | nmod:poss:8 | nsubj:21 | nsubj:pass:3 | nummod:1 | obj:19 | obl:11 | obl:agent:1 | parataxis:2 | punct:28 | xcomp:5
ROOT:21 | acl:3 | acl:relcl:1 | advcl:2 | advmod:5 | amod:16 | appos:2 | aux:6 | case:26 | cc:14 | ccomp:5 | compound:prt:5 | conj:13 | cop:7 | csubj:1 | dep:1 | det:6 | expl:3 | mark:10 | nmod:11 | nmod:poss:5 | nsubj:22 | nsubj:pass:4 | nummod:5 | obj:8 | obl:16 | parataxis:1 | punct:26,ROOT:8 | acl:2 | acl:relcl:4 | advcl:3 | advmod:13 | amod:23 | appos:2 | aux:5 | case:20 | cc:15 | ccomp:3 | conj:20 | cop:1 | det:12 | dislocated:1 | fixed:4 | mark:14 | nmod:8 | nmod:poss:8 | nsubj:17 | nsubj:pass:5 | obj:10 | obl:9 | obl:agent:1 | parataxis:1 | punct:20 | xcomp:4
ROOT:10 | acl:relcl:2 | advcl:1 | advmod:8 | amod:9 | appos:1 | aux:2 | case:12 | cc:6 | ccomp:4 | conj:7 | cop:4 | det:9 | fixed:4 | mark:6 | nmod:8 | nmod:poss:6 | nsubj:14 | nsubj:pass:2 | obj:5 | obl:5 | obl:agent:1 | punct:12,ROOT:20 | acl:6 | acl:relcl:6 | advcl:8 | advmod:29 | amod:33 | appos:1 | aux:17 | case:44 | cc:35 | ccomp:3 | compound:prt:1 | conj:38 | cop:1 | dep:1 | det:20 | fixed:8 | iobj:1 | mark:23 | nmod:15 | nmod:poss:5 | nsubj:30 | nsubj:pass:8 | nummod:1 | obj:25 | obl:25 | punct:38 | xcomp:3
ROOT:4 | acl:1 | acl:relcl:4 | advcl:3 | advmod:8 | amod:8 | aux:8 | case:12 | cc:6 | ccomp:2 | conj:6 | det:8 | mark:8 | nmod:3 | nmod:poss:4 | nsubj:12 | obj:13 | obl:9 | punct:8 | xcomp:2,ROOT:16 | acl:3 | acl:relcl:7 | advcl:8 | advmod:27 | amod:25 | appos:2 | aux:4 | case:30 | cc:24 | ccomp:8 | compound:prt:3 | conj:29 | cop:4 | csubj:2 | det:17 | dislocated:2 | fixed:3 | iobj:1 | mark:28 | nmod:12 | nmod:poss:6 | nsubj:30 | nsubj:pass:4 | nummod:1 | obj:24 | obl:16 | obl:agent:1 | parataxis:1 | punct:38 | xcomp:7
ROOT:14 | acl:2 | acl:relcl:3 | advcl:2 | advmod:4 | amod:10 | aux:1 | case:11 | cc:8 | ccomp:5 | conj:9 | cop:2 | det:4 | fixed:5 | mark:11 | nmod:2 | nmod:poss:4 | nsubj:15 | nsubj:pass:3 | nummod:3 | obj:4 | obl:9 | punct:15 | xcomp:2,ROOT:14 | acl:3 | acl:relcl:5 | advcl:3 | advmod:31 | amod:35 | appos:1 | aux:10 | case:35 | cc:29 | ccomp:4 | compound:prt:1 | conj:35 | cop:3 | det:14 | fixed:6 | mark:15 | nmod:12 | nmod:poss:5 | nsubj:19 | nsubj:pass:8 | obj:15 | obl:17 | obl:agent:1 | punct:32 | xcomp:5
ROOT:17 | acl:5 | acl:relcl:4 | advcl:7 | advmod:9 | amod:25 | aux:11 | case:30 | cc:14 | ccomp:3 | compound:prt:1 | conj:14 | cop:8 | dep:1 | det:18 | dislocated:1 | expl:4 | fixed:6 | mark:23 | nmod:18 | nmod:poss:7 | nsubj:22 | nsubj:pass:8 | obj:11 | obl:15 | obl:agent:3 | parataxis:1 | punct:17 | xcomp:3,ROOT:17 | acl:4 | acl:relcl:7 | advcl:16 | advmod:36 | amod:32 | appos:2 | aux:9 | case:38 | cc:26 | ccomp:3 | compound:prt:1 | conj:38 | cop:7 | det:21 | dislocated:1 | fixed:9 | mark:34 | nmod:14 | nmod:poss:4 | nsubj:32 | nsubj:pass:6 | obj:27 | obl:22 | parataxis:2 | punct:42 | xcomp:8
ROOT:9 | acl:relcl:4 | advcl:5 | advmod:3 | amod:11 | aux:1 | case:22 | cc:6 | ccomp:2 | compound:prt:2 | conj:8 | cop:1 | dep:1 | det:5 | mark:13 | nmod:10 | nmod:poss:8 | nsubj:13 | nsubj:pass:4 | nummod:5 | obj:16 | obl:10 | obl:agent:1 | punct:11 | xcomp:1,ROOT:13 | acl:1 | acl:relcl:1 | advcl:7 | advmod:19 | amod:22 | appos:1 | aux:6 | case:26 | cc:26 | ccomp:2 | compound:prt:3 | conj:32 | cop:2 | csubj:2 | dep:1 | det:10 | expl:1 | fixed:6 | iobj:1 | mark:21 | nmod:8 | nmod:poss:10 | nsubj:18 | nsubj:pass:6 | obj:16 | obl:13 | punct:26 | xcomp:3
ROOT:14 | acl:1 | acl:relcl:2 | advcl:2 | amod:8 | aux:1 | case:14 | cc:4 | ccomp:2 | compound:prt:1 | conj:7 | cop:1 | det:4 | flat:name:5 | mark:7 | nmod:11 | nmod:poss:2 | nsubj:5 | nummod:1 | obj:6 | obl:3 | punct:13,ROOT:13 | acl:1 | acl:relcl:1 | advcl:7 | advmod:23 | amod:41 | appos:5 | aux:9 | case:33 | cc:26 | ccomp:2 | compound:prt:2 | conj:31 | cop:3 | csubj:3 | det:16 | dislocated:1 | fixed:11 | mark:19 | nmod:12 | nmod:poss:4 | nsubj:22 | nsubj:pass:6 | obj:15 | obl:18 | parataxis:1 | punct:32 | xcomp:7
ROOT:7 | acl:3 | acl:relcl:1 | advcl:2 | advmod:5 | amod:16 | appos:3 | aux:3 | case:19 | cc:9 | ccomp:2 | conj:6 | cop:3 | det:9 | dislocated:1 | fixed:7 | mark:11 | nmod:16 | nmod:poss:3 | nsubj:9 | nsubj:pass:6 | nummod:1 | obj:8 | obl:5 | parataxis:1 | punct:13 | xcomp:3,ROOT:12 | acl:1 | acl:relcl:7 | advcl:18 | advmod:32 | amod:35 | appos:1 | aux:5 | case:34 | cc:30 | ccomp:3 | compound:prt:2 | conj:34 | cop:5 | det:16 | fixed:2 | mark:36 | nmod:12 | nmod:poss:5 | nsubj:30 | nsubj:pass:6 | obj:28 | obl:21 | obl:agent:1 | parataxis:2 | punct:30 | xcomp:4
ROOT:7 | acl:2 | acl:relcl:5 | advcl:4 | advmod:4 | amod:3 | aux:3 | case:15 | cc:7 | ccomp:1 | conj:7 | cop:3 | det:7 | fixed:4 | mark:14 | nmod:1 | nmod:poss:6 | nsubj:14 | nsubj:pass:2 | obj:9 | obl:13 | parataxis:1 | punct:7 | xcomp:1,ROOT:13 | acl:cleft:1 | acl:relcl:3 | advcl:7 | advmod:10 | amod:14 | aux:10 | case:28 | cc:28 | ccomp:4 | compound:prt:2 | conj:31 | cop:5 | csubj:3 | det:6 | expl:1 | fixed:4 | mark:20 | nmod:11 | nmod:poss:7 | nsubj:22 | nsubj:pass:3 | obj:17 | obl:16 | parataxis:1 | punct:25 | xcomp:7
ROOT:13 | acl:cleft:1 | acl:relcl:2 | advcl:11 | advmod:16 | amod:21 | appos:2 | aux:14 | aux:pass:1 | case:24 | cc:9 | ccomp:7 | compound:prt:5 | conj:11 | cop:3 | csubj:1 | det:10 | dislocated:1 | expl:2 | fixed:5 | flat:name:2 | iobj:1 | mark:28 | nmod:13 | nmod:poss:9 | nsubj:26 | nsubj:pass:5 | obj:12 | obl:17 | parataxis:1 | punct:18 | xcomp:4,ROOT:13 | acl:7 | acl:relcl:4 | advcl:11 | advmod:18 | amod:25 | aux:7 | case:24 | cc:17 | ccomp:2 | compound:prt:1 | conj:19 | cop:9 | csubj:1 | det:20 | dislocated:1 | expl:1 | fixed:7 | mark:28 | nmod:9 | nmod:poss:4 | nsubj:30 | nsubj:pass:8 | obj:22 | obl:16 | parataxis:1 | punct:28 | xcomp:4
ROOT:9 | acl:relcl:6 | advcl:2 | advmod:5 | amod:14 | appos:2 | aux:1 | case:8 | cc:8 | conj:11 | cop:5 | det:6 | fixed:2 | mark:3 | nmod:4 | nmod:poss:1 | nsubj:12 | nsubj:pass:4 | obj:4 | obl:4 | parataxis:2 | punct:14 | xcomp:1,ROOT:11 | acl:1 | acl:relcl:2 | advcl:4 | advmod:16 | amod:26 | appos:5 | aux:3 | case:23 | cc:19 | compound:prt:2 | conj:22 | cop:2 | dep:1 | det:8 | fixed:3 | mark:8 | nmod:14 | nmod:poss:9 | nsubj:21 | nsubj:pass:7 | nummod:1 | obj:15 | obl:9 | obl:agent:2 | parataxis:1 | punct:29 | xcomp:4
ROOT:7 | acl:1 | acl:relcl:3 | advcl:5 | advmod:5 | amod:9 | aux:3 | case:16 | cc:6 | ccomp:4 | compound:prt:2 | conj:5 | cop:1 | det:8 | dislocated:1 | expl:1 | mark:10 | nmod:2 | nsubj:7 | nsubj:pass:6 | nummod:1 | obj:5 | obl:13 | punct:8,ROOT:12 | acl:2 | acl:relcl:2 | advcl:5 | advmod:22 | amod:32 | appos:2 | aux:4 | case:29 | cc:23 | ccomp:4 | compound:prt:1 | conj:31 | cop:5 | det:15 | expl:1 | fixed:4 | mark:13 | nmod:17 | nmod:poss:9 | nsubj:19 | nsubj:pass:5 | nummod:1 | obj:8 | obl:11 | obl:agent:1 | punct:29 | xcomp:4
ROOT:13 | acl:4 | acl:relcl:3 | advcl:8 | advmod:9 | amod:18 | aux:5 | case:22 | cc:16 | ccomp:3 | conj:18 | cop:2 | det:15 | dislocated:1 | fixed:3 | iobj:1 | mark:20 | nmod:14 | nmod:poss:17 | nsubj:19 | nsubj:pass:9 | obj:15 | obl:12 | parataxis:1 | punct:15,ROOT:15 | acl:3 | acl:relcl:11 | advcl:11 | advmod:32 | amod:21 | appos:1 | aux:5 | case:34 | cc:27 | ccomp:7 | compound:prt:1 | conj:32 | cop:3 | dep:1 | det:21 | expl:1 | fixed:7 | mark:24 | nmod:9 | nmod:poss:21 | nsubj:27 | nsubj:pass:9 | nummod:1 | obj:18 | obl:24 | parataxis:3 | punct:50 | xcomp:4
ROOT:5 | acl:1 | acl:relcl:2 | advcl:3 | advmod:5 | amod:13 | appos:1 | case:17 | cc:4 | ccomp:3 | conj:3 | cop:4 | csubj:1 | det:9 | dislocated:1 | fixed:2 | iobj:1 | mark:12 | nmod:6 | nmod:poss:8 | nsubj:9 | nsubj:pass:1 | obj:8 | obl:11 | punct:6 | xcomp:2,ROOT:13 | acl:3 | acl:relcl:9 | advcl:9 | advmod:31 | amod:23 | aux:7 | case:28 | cc:24 | ccomp:1 | compound:prt:1 | conj:23 | cop:1 | csubj:1 | det:21 | expl:1 | fixed:7 | iobj:1 | mark:23 | nmod:12 | nmod:poss:7 | nsubj:29 | nsubj:pass:4 | obj:25 | obl:16 | parataxis:2 | punct:27 | xcomp:6
ROOT:14 | acl:1 | acl:relcl:6 | advcl:1 | advmod:11 | amod:9 | appos:1 | case:28 | cc:9 | ccomp:2 | compound:prt:2 | conj:7 | cop:9 | csubj:2 | det:14 | fixed:6 | flat:name:3 | mark:6 | nmod:10 | nmod:poss:8 | nsubj:22 | nsubj:pass:5 | nummod:3 | obj:4 | obl:17 | obl:agent:1 | parataxis:1 | punct:20 | xcomp:3,ROOT:20 | acl:relcl:10 | advcl:14 | advmod:49 | amod:26 | appos:1 | aux:11 | aux:pass:1 | case:32 | cc:44 | ccomp:3 | compound:prt:5 | conj:51 | cop:8 | csubj:2 | dep:2 | det:23 | expl:1 | fixed:3 | mark:26 | nmod:16 | nmod:poss:5 | nsubj:38 | nsubj:pass:10 | obj:16 | obl:18 | obl:agent:2 | parataxis:3 | punct:63 | xcomp:14
