Abstract_Entities,Generated_Abstract_Entities
,Tove Jansson:PRS
"västerbotten:LOC,östergötland:LOC",Marcus:PRS
,en stund:TME
,"Sara:PRS,Stockholm:LOC"
,"SVT:ORG,Martin:PRS,Midsommarkransen:LOC,Sthlm:LOC"
,
,"Karl XII:PRS,Borås:LOC"
,Sweddit:ORG
Svensson Svensson:PRS,"Svensson Svensson:PRS,Wallace:PRS,Gromit:LOC"
Svensson Svensson:PRS,"Svensson Svensson:PRS,Wallace:PRS,Gromit:LOC,Barnkanalen:LOC"
,Sigge:PRS
,"Jonas:PRS,Emma:PRS"
,Sopranos:PRS
,"Jonas:PRS,Sara:PRS"
,Johan:PRS
,
förra året:TME,"Messenger:LOC,redan vid 18:TME,Signal:ORG,Telia:ORG"
,
riksmongo:LOC,"Audi:OBJ,Volvo:OBJ,Borlänge:LOC"
,"Volvo 740:OBJ,Golf:OBJ,Hisingen:LOC"
,"BMW:OBJ,Audi:OBJ,Volvo:OBJ,volley:LOC"
"norrman:PRS,BMW:OBJ","ICA:ORG,en fredag:TME,Bita:PRS,Volvo 740:OBJ,V70:OBJ,Saab:ORG"
,Dyngrak:LOC
,"Dyngrak:LOC,Karlsson:PRS,Arboga:LOC"
,"Dyngrak:LOC,Fylle-Lasse:PRS"
Anna Sjödin:PRS,Dyngrak:LOC
,"Dyngrak:LOC,T Centralen:ORG"
,"Birk Borkason:PRS,Birk:PRS,Sven Svensson:PRS,Anders Andersson:PRS,Karl Karlsson:PRS,Bengt Johansson:PRS,Volvo:OBJ,Birk Borkason:PRS"
"Bork Birkason:PRS,Edit:PRS,Borkason:PRS","Birk:PRS,Borkason:PRS,Björn Borg:PRS,Astrid Lindgren:PRS,Sven Svensson:PRS,Volvo 740:OBJ,Jan Johansson:PRS,Småland:LOC,Birk:PRS,Borkason:PRS"
Danmark:LOC,Försäkringskassan:ORG
,
,
,
,
"Tyskland:LOC,Stockholm:LOC","Sthlm:LOC,Resident Advisor:ORG,Facebook:ORG,Slakthusområdet:LOC,Patricia:PRS,Söder:LOC,Stockholm:LOC,Stureplan:LOC,Hornstull:LOC,Mariatorget:LOC,Söder:LOC"
"stockholm:LOC,på nyår:TME","Sthlm:LOC,Patricia:PRS,Slussen:LOC,Berlin:LOC,Resident Advisor:ORG,Skinnarviksberget:LOC,Monteliusvägen:LOC,Hornstull:LOC"
Moon:LOC,"Berlin:LOC,Facebook:ORG,samma vecka:TME,Patricia:PRS,Söder:LOC,Skinnarviksberget:LOC,Monteliusvägen:LOC,Max:PRS,Sveavägen:LOC,Sthlm:LOC"
,"Göteborg:LOC,Skansen:LOC,Avenyn:LOC,Kellys:PRS,The Rover:ORG,Järntorget:LOC,Askim:LOC,Saltholmen:LOC,på dagen:TME,Göteborg:LOC"
"http://www.goteborg.com/nyarsfirande-i-goteborg/:PRS,liseberg:PRS,Finland:LOC","Ölrepubliken:LOC,Kellys:PRS,Skansen:LOC,Avenyn:LOC,Saluhallen:LOC"
"Park Lane:LOC,Trädgårn:LOC","Haga:LOC,Skansen Kronan:ORG,Avenyn:LOC,Bergakungen:LOC,Kellys:PRS,Jerntorgets Brygghus:ORG,Ölrepubliken:LOC"
Halmstad:LOC,"Göteborg:LOC,Haga:LOC,Järntorget:LOC,Ringön:LOC,Skansen:LOC,Masthuggskyrkan:ORG,Avenyn:LOC,Slottsskogen:LOC,Oceanen:LOC,Pustervik:LOC,Bergakungen:LOC,tidigare på kvällen:TME,Jinx:PRS,Max:PRS,Brunnsparken:LOC"
USA:LOC,"Sverige:LOC,Sverige:LOC,GU:ORG,Lund:LOC,Uppsala:LOC,Cambridge International:ORG,British Council:ORG,Sverige:LOC,Köpenhamn:LOC,Cambridge International private:ORG,Europa:LOC,Khan Academy:PRS"
,"IBO:ORG,Sverige:LOC,Sverige:LOC,Sverige:LOC"
Khan Academy:PRS,"Sverige:LOC,GU:ORG,Lund:LOC,Uppsala:LOC,LiU:ORG,Chalmers:ORG,Sverige:LOC,Cambridge International:ORG,Europa:LOC,Danmark:LOC,Tyskland:LOC,Nederländerna:LOC,USA:LOC,USA:LOC,Sverige:LOC"
"Sverige:LOC,Skottland:LOC,CSN:ORG","Sverige:LOC,Europa:LOC,Cambridge International:ORG,British Council:ORG"
,"Sverige:LOC,Cambridge International A Levels:ORG,Cambridge:LOC,Pearson:PRS,Sverige:LOC,EU:ORG,KTH:ORG,Chalmers:ORG,Lund:LOC"
,"Bull Tesla:ORG,CSN:ORG,Norrland:LOC"
,
Carolin:PRS,
Afghanistan:LOC,Sverige:LOC
,
,
"Trump:LOC,Åkesson:PRS",
"HAX:PRS,Sverige:LOC,Sverige:LOC","Henrik Alexandersson:PRS,Sverige:LOC,Åkesson:PRS,Löfven:PRS"
,"Sverige:LOC,Alexandersson:PRS"
,"Henrik Alexandersson:PRS,Sverige:LOC,Reinfeldts:PRS,Löfvens:PRS,Facebook:ORG,Alternativmedia:ORG,Tegnell:PRS,Pisa:LOC"
,"Henrik Alexandersson:PRS,SVT:ORG"
,"Henrik Alexandersson:PRS,Samtidigt:TME,Sverige:LOC,Malmö:LOC,Örnsköldsvik:LOC"
,"Sverige:LOC,Tegnell:PRS,Samtidigt:TME,Alexandersson:PRS,Sverige:LOC,Nordkorea:LOC"
,"Sverige:LOC,Skatteverket:ORG,Försäkringskassan:ORG,Sverige:LOC,Stockholm:LOC"
,"Tegnell:PRS,Nu:TME,Nato:ORG,Sverige:LOC,Dagens Nyheter:WRK,SVT:LOC,Almedalen:LOC"
,"Sverige:LOC,Andersson:PRS,Sverige:LOC"
,"DN:WRK,Tegnell:PRS,Södermalm:LOC,Sverige:LOC"
,"Efraim Zuroff:PRS,Sverige:LOC,Socialdemokrater:ORG,Vänsterpartiet:ORG"
,"Antisemitism:WRK,Rabbi Abraham Cooper:PRS,Europa:LOC,Soros:PRS"
hela natten:TME,"Greta Thunberg:PRS,USA:LOC"
"Björn Söder:PRS,Incognito:WRK","FN:ORG,Israel:LOC,Simon Wiesenthal:PRS,Mark Weitzman:PRS,Saudi:LOC,Egypten:LOC,Etiopien:LOC,USA:LOC,Gynnar:PRS"
,"Iran:LOC,Uganda:LOC,Tjetjenien:LOC,Marianne:PRS,MV:ORG"
,"Kristersson:PRS,S. Andersson:PRS,Pehrson:PRS,Romina Pourmokhtari:PRS,Åkesson:PRS"
,"KD:ORG,Andersson:PRS,Lööf:PRS,Pehrson:PRS,Åkesson:PRS"
,"Ulf Kristersson:PRS,Annie Lööf:PRS,Magdalena Andersson:PRS,Ebba Busch:PRS,Nooshi Dadgostar:PRS,Åkesson:PRS"
,"L:ORG,Andersson:PRS,Pehrson:PRS"
,"Kristersson:PRS,Magda:PRS,Nooshi:PRS"
"Sjöstedt:PRS,Åkesson:PRS","Ygeman:PRS,Per Bolund:PRS,Elisabeth Svantesson:PRS,Anna-Karin Hatt:PRS,Ebba:PRS,Jimmie:PRS,Morgan Johansson:PRS,Romina Pourmokhtari:PRS"
"Josefin Utas:PRS,Medborgerlig Samling:WRK","Ygeman:PRS,Emma Wiesner:PRS,Elisabeth Svantesson:PRS,Kalle Olsson:PRS,Karin Rågsjö:PRS"
"Alice Bah Kunke:PRS,Jan Björklund:PRS,Jonas Sjöstedt:PRS","Ygeman:PRS,Elisabeth Svantesson:PRS,Johan Pehrson:PRS,Märta Stenevi:PRS,Daniel Helldén:PRS,Nooshi Dadgostar:PRS,Maria Malmer Stenergard:PRS"
Peter Hultqvist:PRS,"Ygeman:PRS,Elisabeth Svantesson:PRS,Amanda Lind:PRS,Mikael Damberg:PRS,Anna-Karin Hatt:PRS"
Mattias Karlsson:PRS,"Ygeman:PRS,Elisabeth Svantesson:PRS,Johan Pehrson:PRS,Märta Stenevi:PRS,Richard Jomshof:PRS,Karin Karlsbro:PRS,L:LOC,Fredrick Federley:PRS,Anders Wijkman:PRS"
,Försäkringskassan:ORG
,"OECD:ORG,Världsbanken:ORG,Försäkringskassan:ORG"
worldwar2:PRS,
,"Nya Zeeland:LOC,UK:ORG"
,"Amartya:PRS,Martha:PRS,Nussbaum:PRS,Arbetsförmedlingen:ORG,Bentham:PRS,Mill:PRS"
"Copenhagen:LOC,Seattle:LOC,robeph:PRS,Sverige:LOC","USA:LOC,dip:ORG,chew:PRS,Göteborgs Rapé:ORG,Circle:ORG,Minnesota:LOC"
,"Philip Morris:PRS,Swedish Match:ORG,USA:LOC,Texas:LOC"
,"Brorsan:PRS,Leif GW:PRS,Marianne:PRS,Kalle:PRS"
,Henrik Fexeus:PRS
,"Kalle:PRS,Sara:PRS,Janssons:PRS,Anders:PRS"
,"Johan:PRS,Småland:LOC"
,"Ana:PRS,Kalle:PRS,Kalle:PRS"
,"Leif:PRS,Leif:PRS"
Stadsbiblioteket:LOC,"Kungsportsplatsen:LOC,Stadsbiblioteket:LOC,Götaplatsen:LOC,Magasinsgatan:LOC"
"under sin tid:TME,Göran Persson:PRS","Borg:PRS,Olofsson:PRS,Leijonborg:PRS,Borg:PRS,Persson:PRS,Mona Sahlin:PRS,Sverige:LOC,Borg:PRS,Sahlin:PRS,Ohly:PRS,Wetterstrand:PRS,Mälardalen:LOC"
,"Åkesson:PRS,Kristersson:PRS,Ebba Busch:PRS"
"Sverige:LOC,Stefan Löfven:PRS","Jimmie Åkesson:PRS,Kristersson:PRS,Moderaterna:ORG,KD:ORG"
Hanif Bali:PRS,"Magdalena Andersson:PRS,Tobias Billström:PRS,Johan Pehrson:PRS,Karin Karlsbro:PRS,Eli Göndör:PRS"
"Jimmie Åkesson:PRS,Annie Lööf:PRS,Jonas Sjöstedt:PRS","Magdalena Andersson:PRS,Ulf Kristersson:PRS,Jimmie Åkesson:PRS,Johan Pehrson:PRS,Per Bolund:PRS"
Mattias Karlsson:PRS,"Anders Ygeman:PRS,Elisabeth Svantesson:PRS,Daniel Helldén:PRS,Johan Pehrson:PRS,Magda:PRS"
"Porjus vattenkraftverk:ORG,Norrland:LOC",Karlsborg:LOC
,Seebeck:PRS
,"Thermic:ORG,på 90-talet:TME,quartz:PRS"
Siri:PRS,"Seebeck:PRS,Citizen:ORG"
,"Seebeck:PRS,Seiko Thermic:PRS"
,Seiko Thermic:PRS
,"Rinkeby:LOC,Rosengård:LOC,Biskopsgården:LOC"
,"Rinkeby:LOC,Rosengård:LOC,Biskopsgården:LOC"
,
,"Rinkeby:LOC,Rosengård:LOC,Biskopsgården:LOC"
Afghanistan:LOC,"Sverige:LOC,Kristersson:PRS,Magdalena Andersson:PRS,Annie Lööf:PRS"
,"Sergels torg:LOC,Linus Torvalds:PRS"
,Husse:PRS
,Runtime Error:PRS
,Anders:PRS
,Anders:PRS
,
,
,Folien:LOC
,
,Bregottfolien:LOC
HBO Nordic:ORG,HBO:ORG
Seinfeld:LOC,"Marvel:PRS,Star Wars:ORG,Max:PRS,Severance:PRS,Silo:LOC,Max:PRS"
,"Marvel:PRS,Max:PRS"
thåström:PRS,"Petter:PRS,Ken Ring:PRS,Adam Tensta:PRS,Veronica Maggio:PRS,Håkan Hellström:PRS,Oskar Linnros:PRS,Miriam Bryant:PRS,Victor Leksell:PRS,Molly Sandén:PRS,Tove Styrke:PRS,Kent:PRS,Lars Winnerbäck:PRS,Markus Krunegård:PRS,Miss Li:PRS,Laleh:PRS"
"Daniel:PRS,The Tough Alliance:ORG,sveriges:LOC","Petter:PRS,Ken Ring:PRS,Timbuktu:LOC,Ison:PRS,Oskar Linnros:PRS,Veronica Maggio:PRS,Håkan Hellström:PRS,USA:LOC,Kent:PRS,Daniel:PRS,Markus Krunegård:PRS,Norlie:PRS,Robyn:PRS,Tove Lo:PRS,Zara Larsson:PRS,Lykke Li:PRS,Petter:PRS,Ken Ring:PRS,Oskar Linnros:PRS"
"Medina:PRS,Kartellen:PRS","Petter:PRS,Ken Ring:PRS,Timbuktu:LOC,Oskar Linnros:PRS,Seinabo Sey:PRS,Håkan Hellström:PRS,Laleh:PRS,Kent:PRS,Molly Sandén:PRS,Darin:PRS,Miriam Bryant:PRS,Victor Leksell:PRS,Robyn:PRS,Tove Lo:PRS,Zara Larsson:PRS,Icona Pop:WRK,The Knife:ORG,Miike Snow:PRS,First Aid Kit:ORG,Max Martin:PRS"
"Petter:PRS,Sverige:LOC,Lorentz & Sakarias:PRS,Norlie & KKV:PRS,Zacke:PRS,Daniel Adams-Ray:PRS,USA:LOC,Sverige:LOC,Ken Ring:PRS","Petter:PRS,Mikael Wiehe:PRS,Petter Fredriksson:PRS,Ken Ring Eld:PRS,Ison:PRS,Sergels torg:LOC,Håkan Hellström:PRS,Daniela Rathana:PRS,Miriam Bryant:PRS,Molly Sandén:PRS,Oskar Linnros:PRS,Laleh Some:PRS,USA:LOC,UK:ORG,Petter:PRS"
"Petter:PRS,Robyn:PRS,Tove Lo:PRS,Timbuktu:LOC,Kent:PRS,Ken Ring:PRS,Laleh:PRS,Veronica Maggio:PRS,Petra Marklund:PRS,Skandinavien:LOC,Skandinavien:LOC,Tove:PRS,Robyn:PRS,Avicii:PRS,Swedish House Maffia:ORG","Petter:PRS,Petter:PRS,Ken Ring:PRS,Veronica Maggio:PRS,Håkan Hellström:PRS,Oskar Linnros:PRS,Daniel Adams-Ray:PRS,Markus Krunegård:PRS,Kent:PRS,Robyn:PRS"
Google:ORG,"Kumbaya:LOC,Walmart:PRS,Florida:LOC,Texas:LOC,Sverige:LOC,IKEA:ORG,USA:LOC"
Goohs:PRS,"Micra:OBJ,Ben’:PRS"
,Felix/:PRS
,
,Russin:PRS
,Ben’s Original:PRS
,"Mastercardet:OBJ,Handelsbanken Mastercard:ORG,Vancouver:LOC,Kanada:LOC,ex SAS Lufthansa Air Canada:ORG,EU:ORG"
,"Handelsbankens:ORG,Handelsbankens:ORG,Handelsbanken:ORG,Vancouver:LOC,Kanada:LOC"
Vancouver:LOC,"Handelsbanken Mastercard:ORG,If:ORG,ERV:ORG,EU:ORG,Vancouver:LOC"
,"Handelsbanken:ORG,Trygg-Hansa:ORG,ERV:ORG,Handelsbankens:ORG,Ring Handelsbankens:ORG,EU:ORG"
Zurich:LOC,"Handelsbanken:ORG,Mastercard:ORG,Vancouver:LOC,Kanada:LOC"
,"Moderaternas:ORG,Nya Moderaterna:WRK,Sverige:LOC,MP:ORG,Sverige:LOC"
"LO:ORG,Reinfeldt:PRS,Sverige:LOC",Sverige:LOC
"Fukuyamas:PRS,The End of History:WRK,Sovjetunionen:LOC,Kina:LOC,Indien:LOC,Reinfeldt:PRS,Bildt:PRS,Persson:PRS","Sverige:LOC,Bryssel:LOC"
,"Syrien:LOC,Ulf Kristersson:PRS,Anders Borg:PRS"
,"Sverige:LOC,Moderaterna:ORG"
,"Aleppo:LOC,Ryssland:LOC,Nusra:PRS,USA:LOC,EU:ORG,Reinfeldt:PRS,SVT:ORG,DN:ORG,IS:ORG"
,"Aleppo:LOC,USA:LOC,Turkiet:LOC,Sverige:LOC,Carl Bildt:PRS,Margot Wallström:PRS,Ryssland:LOC,Syriens:LOC,Aleppo:LOC,Aleppos:LOC"
Syrien:LOC,"Aleppo:LOC,Ryssland:LOC,Sverige:LOC,Sverige:LOC"
al-Qaeda:ORG,"Aleppo:LOC,Ryssland:LOC,Iran:LOC,Hizbollah:LOC,Reinfeldt:PRS,FSA:ORG,Ahrar al-Sham:PRS,USA:LOC,AP:ORG,Reuters:ORG,Al Jazeera:PRS,Syriska observatoriet:ORG,Nusras:LOC,Sverige:LOC,Syrienkartan:LOC"
Aleppo:LOC,"Qaidas:PRS,Jabhat al Nusra:ORG,Aleppo:LOC,Aleppo:LOC,Ahrar al Sham:PRS,USA:LOC,UK:ORG,Carl Bildt:PRS,Margot Wallström:PRS,SOHR:ORG,London:LOC,guy:PRS"
,"Hitler:PRS,Gamla testamentet:WRK"
"sveriges:LOC,sverige:LOC","Jimmie Åkesson:PRS,Magda Andersson:PRS"
,"Moderaterna:ORG,Miljöpartiet:ORG"
,
"Sverige:LOC,Farage:PRS,Trump:LOC,Orban:PRS,Polen:LOC","Stockholm:LOC,Erlander:PRS,Palme:PRS,Samtidigt:TME,Marx:PRS,mall:PRS,Lenin:PRS,Stalin:PRS,Marx:PRS"
"Venezuela:LOC,Sverige:LOC","Sverige:LOC,Malmö:LOC,Stockholm:LOC,Oslo:LOC,Sverige:LOC,Göteborg:LOC,Stockholm:LOC,Norrmän:LOC,Sverige:LOC"
Facebook:PRS,
,Eniro:LOC
,"t ex Bromma:LOC,Hägersten:LOC,Stockholm:LOC"
,"Stockholm:LOC,El. Värme:PRS,Western Union:ORG"
,"Pressbyrån:ORG,Sergels torg:LOC,City:LOC"
,"Centralen:LOC,Pressbyrån:ORG,Sergels torg:LOC,Centralplan:LOC"
,"Monteliusvägen:LOC,Riddarfjärden:LOC,Skinnarviksberget:LOC,Stockholm:LOC,Globenområdet:LOC,Gamla stan:LOC,Skeppsbron:LOC,Max:PRS"
Frauke:PRS,"Skansen:LOC,Monteliusvägen:LOC,Söder:LOC,Ivar Los:PRS,Berwaldhallen:LOC,Konserthuset:LOC,Stureplan:LOC,Riddarfjärden:LOC"
Slussen:LOC,"Skansen:LOC,Monteliusvägen:LOC,Skinnarviksberget:LOC,Gamla stan:LOC,Skeppsbron:LOC,Vasastan:LOC,Odenplan:LOC,Medborgarplatsen:LOC"
"Stockholmshem:LOC,Kista Studentbostäder:ORG","några år:TME,Forum:ORG,KTH:ORG,Tekniska:ORG,ICA Vanadis:LOC"
,"i några år:TME,Forum:ORG,Kista:LOC,Sthlm:LOC"
,"några år:TME,Forum:ORG,KTH:ORG"
"Forum:ORG,i flera år:TME","några år:TME,Forum:ORG,Jerum:LOC,Kungshamra:LOC,Odenplan:LOC,autogiro:ORG,diskberg:PRS"
"Frigg Sickla:LOC,AMA:ORG","ett par år:TME,Forum:ORG,Jerum:LOC,Kungshamra:LOC,KTH:ORG,Forum:ORG"
"Tele2s:ORG,Telenors:ORG,Telias:ORG,Stockholm:LOC","ett par år:TME,Stockholm:LOC,Söder:LOC,Vasastan:LOC,Kungsholmen:LOC"
,"Tele2:ORG,Stockholm:LOC,ett par år:TME,Slussen:LOC,Skanstull:LOC,NK:ORG,Telia:ORG,Norrtälje:LOC,Telia:ORG"
"Stockholm:LOC,Nynäshamn:LOC,Telias:ORG,Farsta:LOC","ett par år:TME,Stockholm:LOC,Söder:LOC,Kungsholmen:LOC,Vasastan:LOC,Solna:LOC,Sundbyberg:LOC,Nacka:LOC,Telia:ORG,Telia:ORG"
,"Tele2:ORG,Stockholm:LOC,ett par år:TME,Söder:LOC,Kungsholmen:LOC,Vasastan:LOC,Telia:ORG,Telia:ORG,Sundbyberg:LOC,Solna:LOC,Nacka:LOC,Friends:PRS,Globen:LOC,Telia:ORG"
Lasse Hölm:PRS,"Bromma:LOC,Salkhallen:LOC,Alvik:LOC,Brommaplan:LOC,Tellus:ORG,Midsommarkransen:LOC,Mälarhöjdens:LOC,Kungsholmen:LOC"
"Enskede:LOC,Eriksdal, Universitetet:LOC,Östermalm:LOC,Kungliga tennishallen:ORG","Bromma:LOC,Kungsholmen:LOC,Svedmyra:LOC,Stockholm:LOC,Badmintonhall:ORG,Solnahallen:LOC,Solna:LOC,Stora Mossens:LOC,Kristineberg:LOC"
,"Bromma:LOC,Kungsholmen:LOC,Brommahallen:LOC,ibland:TME,Kungsholmens:LOC,Kristinebergshallen:LOC,Sundbyberg:LOC"
,"Grand Hôtel:ORG,Ulla Winbladh:PRS,Djurgården:LOC,Ulla Winbladh:PRS"
"Ulriksdals:LOC,East:ORG","Ulla Winbladh:PRS,Djurgården:LOC,Skansen:LOC"
"Wretman:PRS,Janssons:PRS","Ulla Winbladh:PRS,Djurgården:LOC"
"Hotel Reisen:ORG,Gamla Stan:LOC,Nordsjölax:LOC,Christian Hellberg:PRS,Niklas Ekstedt:PRS,Michelin:PRS,Gamla Riksarkivet:WRK,Carlshälls Gård:ORG,Långholmen:LOC,Stockholm:LOC,Oaxen:LOC,Winterwiken:ORG,Kaknästornet:LOC,Junibacken:LOC","Ulla Winbladh:PRS,Djurgården:LOC,Jansson:PRS"
,"Solna:LOC,Arenastaden:LOC,Telia:ORG,SAS:ORG,SEB:ORG,Swedbank:ORG,Nordea:ORG,Avanza:ORG,Big4:PRS,Region Stockholm:ORG,Stockholms stad:LOC"
Stockholm:LOC,"Academic Work:ORG,Stockholm:LOC,Solna:LOC,Sundbyberg:LOC,Kista:LOC,Nordea:ORG,Solna:LOC,SEB:ORG,Handelsbanken:ORG,Grant Thornton:PRS,Upwork:LOC,Norrsken:LOC,SL:ORG,Rosersberg:LOC"
Sverige:LOC,"Academic Work:ORG,Randstad Finance:ORG,NK:ORG,SEB:ORG,Handelsbanken:ORG,Nordea:ORG,Transaction Services:ORG,Nordnet:LOC,Handels:ORG,Länsförsäkringar:ORG,Trygg Hansa:ORG,Skandia:ORG,Telia:ORG,Vattenfall:ORG"
,"Handelsbanken:ORG,SEB:ORG,Swedbank:ORG,Academic Work:ORG,Grant Thornton:PRS,Almi Invest:ORG,Deloitte:ORG,Accenture:ORG,Stockholm Business:ORG"
,"Stockholm:LOC,Randstad Finance:ORG,SEB:ORG,Handelsbanken:ORG,Swedbank:ORG,Grant Thornton:PRS,till april:TME,Stockholm:LOC"
,"Odenplan:LOC,Sveavägen:LOC"
,Hötorget:LOC
,"Odenplan:LOC,Sveavägen:LOC"
,Odenplan:LOC
,S:t Eriksplan:LOC
Taxi Stockholm:ORG,"Stockholm:LOC,Taxi:ORG,Sverigetaxi:LOC,Centralen:LOC,Arlanda:LOC"
Taxi Stockholm:LOC,"Taxi Stockholm:ORG,Sverigetaxi:LOC"
Stockholm:LOC,Taxi Stockholm:LOC
"Sthlm:LOC,Ubers:ORG,UberX:ORG","Taxi Stockholm:ORG,Bolagsverket:ORG,Stockholm:LOC"
Stockholm:LOC,"Stockholm:LOC,Sverige:LOC"
"Guldheden:LOC,Klippan:LOC","Skansen:LOC,Linné:PRS,Kungsgatan:LOC,Avenyn:LOC,Sten:PRS,Bergakungen:LOC,Slottsskogen:LOC"
,"Eriksbergskranen:LOC,Avenyn:LOC,Bar Centro:LOC,Stigbergstorget:LOC,Magasinsgatan:LOC,Järntorget:LOC,Kellys:PRS,Saltholmen:LOC"
,"Göteborg:LOC,Skansen:LOC,Kronan:LOC,Ramberget:LOC,Avenyn:LOC,Kellys:PRS,Bergakungen:LOC,tidigare på kvällen:TME,Haga:LOC,Järntorget:LOC,Mugworts:PRS,Silvis:PRS"
Kjell & Company:PRS,
,
,Asus ZenWiFi:PRS
Homeplug:LOC,Asus ZenWiFi:PRS
,
kjell:PRS,Devolo Magic:ORG
,Asus ZenWiFi:PRS
,Asus AiMesh:PRS
,
,
,
,
,
,
,
,
,
,
,
,
,
,
,Clas Ohlson:PRS
,
,
,
,
,"Billy:PRS,Billy:PRS,Dolly:PRS,Beetle Bailey:PRS,Billy:PRS"
Billy:PRS,"Billy:PRS,Hemmets Journal:WRK,Billy:PRS,Billy and Buddy:PRS"
,
,Power BI:WRK
,Göteborg:LOC
xperia Z:PRS,"Nexus:OBJ,Xperia Z:PRS,Sony:ORG,S4 Active:OBJ,Nexus:OBJ,S4 Active:OBJ"
"Stieg Larsson:PRS,Dexter:PRS",Allstars Training:ORG
,ICA:ORG
,
,
,
,"Bonnie:PRS,Clyde:PRS"
,
,
,
,
,"Hinge:LOC,Stockholm:LOC,Subspace:ORG,Göteborg:LOC"
,ICA:ORG
,Söder:LOC
,"Nacka:LOC,safe word:PRS"
,Blocket:ORG
,
,
,"BDSM:ORG,Sverige:LOC,Stockholm:LOC,Adam:PRS,LAIR:LOC,S:t Göran:LOC"
,"Kinky Sweden:ORG,Chalmersfetisch:ORG,Göteborg:LOC,Shanghai:LOC,Stockholm:LOC"
,Hinge:LOC
,
,
,"Röda Korset:ORG,Folkuniversitetet:ORG"
,
,
Eliza CT:PRS,
,flera gånger:MSR
,
,
,
,"Benzo:PRS,Sverige:LOC,downers:PRS"
,Benzo:PRS
horset:EVN,
,benzon:PRS
,"från 70-talet:TME,Skatteverket:ORG,Strindberg:PRS,Tegnér:PRS"
,Allan Edwall:PRS
,"DN SvD:WRK,Strindberg:PRS"
,"Strindberg:PRS,Jonas Hassen Khemiri:PRS"
,Strindberg:PRS
,"CSN:ORG,Uppsala:LOC,1890:TME,Rinkeby:LOC"
"Strindberg:PRS,Linda Skugge:PRS","DN:WRK,SvD:ORG,CSN:ORG,Strindberg:PRS,Ica:ORG"
"Povel Ramel:PRS,Darwin:PRS,Povel Ramel:PRS,Carina:PRS","Aftonbladet:WRK,Debatt:WRK,Kerstin Ekman-bok:PRS"
,Haninge:LOC
,"Strindberg:PRS,Lagerlöf:PRS"
,"DN:ORG,GP:ORG,Selma Lagerlöf:PRS"
,
Hitler:PRS,
,"Strindberg:PRS,Knausgård:PRS,HR:ORG"
,"CSN:ORG,Skatteverket:ORG,Strindberg:PRS"
,DN:WRK
,"Svenska Akademien:ORG,Guillou:PRS,Knausgård:PRS"
,"DN:WRK,Knausgård:PRS,Moberg:PRS"
,"DN:s:ORG,Selma Lagerlöf:PRS"
,"DN:WRK,Strindberg:PRS"
Nicke:PRS,"Strindberg:PRS,Södermalm:LOC"
,Strindberg:PRS
,
Harry Martinson:PRS,"Strindberg:PRS,Knausgård:PRS"
"Flashback:LOC,even:PRS","Allan:PRS,Strindberg:PRS,Strindberg:PRS"
,
,"Skatteverket:ORG,DN:WRK,Strindberg:PRS"
,"Allan:PRS,Strindbergfigur:PRS,Ord folk:WRK"
Västerbotten:LOC,"CSN:ORG,Strindberg:PRS"
,
,
,Petechier:PRS
,
,Petechier:PRS
,
"Cannes:LOC,Nice:LOC,St:LOC,Antibes:LOC,Staden:LOC,Cannes:LOC,Nice:LOC,Nice:LOC,Paris:LOC,Marseille:LOC","Strasbourg:LOC,Riquewihr:PRS,Kaysersberg:LOC,Annecy:PRS,Berg:PRS,Rivieran:LOC"
,"Strasbourg:LOC,Riquewihr:PRS,Strasbourg:LOC,Amboise:PRS,Bretagne:PRS,Saint Malo:LOC,Dinan:LOC"
"Provence:LOC,Grasse:LOC,Cannes:LOC","Strasbourg:LOC,Bretagne:PRS,Saint-Malo:LOC,Dinan:LOC,Basel:LOC,Alsace:LOC"
,"Strasbourg:LOC,Riquewihr:PRS,Eguisheim:PRS,Montpellier:LOC,Palavas:LOC,Carnon:LOC,Paris:LOC"
"Nice:LOC,Cannes:LOC,St Tropez:LOC,St Tropez:LOC,Provence:LOC,rivieran:LOC,Provence:LOC","Strasbourg:LOC,Eguisheim:PRS,Riquewihr:PRS,Bretagne:PRS,Saint Malo:LOC,Dinan:LOC,Carnac:PRS"
"Nice:LOC,Sverige:LOC,Nice:LOC,Frankrikes:LOC,100 meter:MSR,Lenval-sjukhuset:ORG,Etap:LOC,Cote d'Azur:LOC,Vence:LOC,Antibes:LOC","Strasbourg:LOC,Riquewihr:PRS,Eguisheim:PRS,Strasbourg:LOC,Rivieran:LOC"
nästa sommar:TME,"Strasbourg:LOC,Eguisheim:PRS,Ribeauvillé:LOC,Provencekusten:LOC,Saint-Raphaël:LOC,Antibes:LOC,Nice:LOC,Cannes:LOC"
,"Basel:LOC,Strasbourg:LOC,Paris:LOC,Montpellier:LOC,Sète:LOC,Aigues Mortes:PRS"
"Thepiratebay:PRS,Thepiratebay:PRS","Vinge:LOC,Setterwalls:PRS,Eskilstuna:LOC,Södertörn:ORG,Göteborgs tingsrätt:ORG"
,"Stockholm:LOC,Vinge:LOC,Gernandt:PRS,Danielsson:PRS"
,"Borlänge:LOC,City:LOC"
Arkies:ORG,"Vinge:LOC,Solna:LOC"
,"Vinge:LOC,Norrköping:LOC"
,"Vinge:LOC,Södertörn:ORG"
,
Arvidsjaur:LOC,Borlänge:LOC
,"Vinge:LOC,Riksenheten:ORG,Malmö:LOC"
,"Borlänge:LOC,Stockholm:LOC,Vinge:LOC,Setterwalls:PRS,Riksenheten:ORG"
,"Sveavägen:LOC,Vinge:LOC,Perry Mason:PRS"
,"Ekobrottsmyndigheten:ORG,Riksenheten:ORG"
,"Vinge:LOC,Gernandt & Danielsson:PRS"
"Anna Lindhs:PRS,Mikael Nilsson:PRS","Sthlm:LOC,Göteborg:LOC,Vinge:LOC,Thomas Bodström:PRS"
Peter Ahltin:PRS,"Leif Silbersky:PRS,Vinge:LOC,Stockholm:LOC,Göteborg:LOC"
,"Vinge:LOC,Stockholm:LOC"
,
,Quick Control Dial bak:WRK
L:ORG,
"RTFM:WRK,DOESN'T MAKE:PRS",
,
,
,
,
,
,
Max Power:PRS,
,
"Filippinerna:LOC,Asien:LOC,Asien:LOC,Australien:LOC,Spanien:LOC","Filippinerna:LOC,Manila:LOC,Cebu:LOC,Argentina:LOC,Buenos Aires:LOC,Chile:LOC"
,"Makati:LOC,BGC:LOC,Manila:LOC,Argentina:LOC,Buenos Aires:LOC,Chile:LOC,Latinamerika:LOC,Argentina:LOC,Chile:LOC"
Polen:LOC,"Cebu:LOC,Iloilo:LOC,BGC:LOC,Manila:LOC,Chile:LOC,Santiago:LOC,Argentina:LOC,Buenos Aires:LOC,Sverige:LOC,Chile:LOC,Argentina:LOC"
"Mindanao:LOC,Mindanao:LOC","Manila:LOC,Chile:LOC,Santiago:LOC,Argentina:LOC,Buenos Aires:LOC,Cebu:LOC,Iloilo:LOC,Manila:LOC,Chile:LOC,Concepción:LOC,Santiago:LOC,Argentina:LOC,CABA:LOC"
,"Makati:LOC,BGC:ORG,Manila:LOC,Dumaguete:ORG,Argentina:LOC,Buenos Aires:LOC,Chile:LOC,Santiago:LOC,Argentina:LOC,Chile:LOC"
Indien:LOC,"Filippinerna:LOC,BGC:LOC,Makati:LOC,Chile:LOC,Argentina:LOC,Chile:LOC,Argentina:LOC,Chile:LOC"
"indien:LOC,Indien:LOC","Manila:LOC,Cebu:LOC,BGC:ORG,Makati:LOC,Argentina:LOC,Buenos Aires:LOC,Chile:LOC,Santiago:LOC,Argentina:LOC"
Polen:LOC,"Manila:LOC,Manila:LOC,Argentina:LOC,Buenos Aires:LOC,Chile:LOC,Santiago:LOC,Filippinerna:LOC,Dumaguete:PRS,Iloilo:LOC,Makati:LOC,Argentina:LOC,Palermo:LOC,Chile Temuco:LOC,Chile:LOC"
Polen:LOC,"BGC:LOC,Makati:LOC,Manila:LOC,Cebu:LOC,Iloilo:LOC,Dumaguete:LOC,Chile:LOC,Santiago:LOC,Argentina:LOC,Buenos Aires:LOC,Filippinerna:LOC,Argentina:LOC,Chile:LOC"
,"Makati:LOC,BGC:LOC,Cebu:LOC,Argentina:LOC,Buenos Aires:LOC,Chile:LOC,Latinamerika:LOC"
thailand:LOC,"Thailand:LOC,Bangkok:LOC,Pattaya:LOC,Phuket:LOC,Boots:PRS,Fascino:PRS,Bangkok Hospital:ORG,Benzo:PRS,Sverige:LOC"
,"Thailand:LOC,Trazodon:PRS,Bumrungrad:LOC,Bangkok:LOC,Thailand:LOC"
Bangkok:LOC,"Thailand:LOC,Bangkok:LOC,Phuket:LOC"
,Thailand:LOC
,Flashback:LOC
,Anders:PRS
,
,
,Anna:PRS
,
,
,
,"Sveriges:LOC,InfoTorg Juridik:ORG,JP Infonet:ORG"
,"Acta Publica:WRK,Svea:LOC"
,"Dagens Juridik:WRK,Lexbase:PRS"
,Sveriges Domstolars:ORG
,T90 Tracer:OBJ
,Nike T90:OBJ
,T90 Tracer:OBJ
,T90 Tracer:OBJ
,T90 Tracer:OBJ
"Guamtanamo:LOC,Harold & Kumar:PRS,Magaluf:LOC,weed:PRS","Spanien:LOC,Magaluf:LOC,Sverige:LOC,Sverige:LOC"
Colombia:LOC,"Palma:LOC,Sverige:LOC"
"sverige:LOC,Sverige:LOC,Sverige:LOC,Finland:LOC,Finland:LOC,Sverige:LOC","Spanien:LOC,Mallorca:LOC,Magaluf:LOC,Sverige:LOC,Arlanda:LOC"
"Harold & Kumar:PRS,weed:PRS","Mallorca:LOC,Sverige:LOC,Sverige:LOC,Spanien:LOC"
weed:PRS,"Magaluf:LOC,Spanien:LOC,EU:ORG,Spanien:LOC,Sverige:LOC"
Magaluf:LOC,"Spanien:LOC,Magaluf:LOC,Mallorca:LOC,Sverige:LOC,EU:ORG"
,"Spanien:LOC,Sverige:LOC"
"weed:PRS,weed:PRS","Palma:LOC,Sverige:LOC"
,Sverige:LOC
,"Palma:LOC,några gram:MSR,Sverige:LOC,Mallis:PRS"
Sverige:LOC,"Magaluf:LOC,Sverige:LOC"
,"Arlanda:LOC,Palma:LOC,Sverige:LOC,Magaluf:LOC"
Arlanda:LOC,"Magaluf:LOC,Sverige:LOC,Sverige:LOC"
"Sverige:LOC,Magaluf:LOC","Sverige:LOC,Spanien:LOC,Sverige:LOC"
Magaluf:LOC,"Sverige:LOC,Arlanda:LOC,Landvetter:LOC"
,"Palma:LOC,Magaluf:LOC,Sverige:LOC"
,"Magaluf:PRS,Sverige:LOC"
,"Magaluf:LOC,Sverige:LOC"
,Downdetector:PRS
,Telia:ORG
,
för några år sedan:TME,Bror:PRS
,
Van:PRS,"Telia:ORG,DNS:ORG"
,
,
,Reddit:LOC
,"Telia:ORG,Bahnhof:ORG"
,Downdetector:PRS
,
,"Bahnhof:ORG,Telia:ORG"
Östermalmspudel:LOC,Telia:ORG
,App Store:WRK
brother:PRS,"Stockholm:LOC,Mikas:PRS,Stockholmsgruppen:LOC,Göteborg:LOC,Avenue Modeller:LOC,Malmö:LOC,Modellink:ORG,Erika Lust:PRS,XConfessions:LOC"
,"Mandy:PRS,Sverige:LOC,Model:ORG"
,
,Google:ORG
,"Angela White:PRS,girl girl:ORG,Abella Danger:PRS,AJ Applegate:PRS"
,Google:ORG
,"Motley Models:ORG,EU:ORG"
,Sweetheart:ORG
,Erika Lust:PRS
,Balabolka:LOC
,"Sam:PRS,Google:ORG,TTS:ORG"
,"Sam:PRS,TTS:ORG,Google:ORG,Balabolka:LOC"
,"Sam:PRS,Win10/11:PRS,TTS:ORG,Sam:PRS"
Acapela-Box:LOC,"TTS:ORG,Microsofts:ORG,Google:ORG"
,TTS:ORG
Edit:PRS,"från 2003:TME,Google:ORG"
,
"ATTNaturalVoices:PRS,TPB:ORG","från 2003:TME,Google Cloud:ORG,Joanna:PRS"
"Edit:PRS,Edit:PRS,i slutet:TME","Sam:PRS,Google:ORG,TTS:ORG,Sam:PRS,so-vits-svc:PRS"
,"TTS:ORG,Sam:PRS,Google:ORG,Polly:PRS"
,"Sam:PRS,Google:ORG"
,Ivona:PRS
,"TTS:ORG,Google:ORG,Sam:PRS"
,Koffein:LOC
,Koffein:LOC
,Koffein:LOC
,varje dag:TME
,Koffein:LOC
,"Koffein:LOC,Max:PRS,tidigt på dagen:TME,Koffein:LOC"
,Koffein:LOC
,Concerta:ORG
,Koffein:LOC
,Koffein:LOC
,"Koffein:LOC,Koffein:LOC"
,"Elvanse:LOC,Koffein:LOC"
,"DC:LOC,Peta:PRS"
,DC:LOC
,
,
,Sony STR-DE:ORG
,DC:ORG
,
,
,
,
,
,
,
flashback:LOC,"Blocket:ORG,efter 13 månader:TME"
,
,
sthlm:LOC,Jonny Johansson:PRS
,
,Sthlm:LOC
,"Andreas Lundin:PRS,reupas:PRS,Ghost Rider:WRK"
tyskland:LOC,Anders Eriksson:PRS
stockholm:LOC,
mr:PRS,"Jonas Karlsson:PRS,STHLM:LOC,Youtube:ORG"
"Patrik Fürstenhoff:PRS,Haninge:LOC,Patrik:PRS,flashback:LOC","street:LOC,Ghost Rider:WRK,Patrik Fürstenhoff:PRS"
"Sthlm-Uppsala:LOC,på under 10min:TME",
"Patrik furstenhoff:PRS,haninge:LOC,Subaru:OBJ,nurnberg:PRS",Johan “Ghost:PRS
,Ghost Rider:WRK
"Norrland:LOC,Danderyd:LOC","Sverige:LOC,ICA:ORG,Piteå:LOC,Dorotea:LOC,Vilhelmina:LOC,Åsele:LOC,Bjurholm:LOC,Burlöv:LOC,Danderyd:LOC,Landskrona:LOC,Helsingborg:LOC,Malmö:LOC,Eslöv:LOC,Trelleborg:LOC,Sölvesborg:LOC,Mattias Karlsson:PRS,Hörby:LOC,Sjöbo:LOC,Borlänge:LOC,Söderhamn:LOC,Gävle:LOC,Stockholm:LOC,Norrlands:LOC,Skåne:LOC,Arjeplog:LOC"
,"Inlandsnorrland:LOC,Bjurholm:LOC,Dorotea:LOC,Åsele:LOC,Vilhelmina:LOC,Storuman:LOC,Norsjö:LOC,Arjeplog:LOC,Ragunda:LOC,ICA:ORG,Kalle:PRS,Piteå:LOC,Danderyd:LOC,Årjäng:LOC,Bjuv:LOC,Klippan:LOC,Åstorp:LOC,Örkelljunga:LOC,Svalöv:LOC,Bromölla:LOC,Osby:LOC,Östra Göinge:LOC,Skåne:LOC,Malmö:LOC,Helsingborg:LOC,Malmö:LOC,Borlänge:LOC,Söderhamn:LOC,Borlänge:LOC,Söderhamn:LOC,Norrlandskust:LOC,Dorotea:LOC"
,"norrlands:LOC,Bjurholm:LOC,Dorotea:LOC,Åsele:LOC,Vilhelmina:LOC,Storuman:LOC,Arjeplog:LOC,Norsjö:LOC,Danderyd:LOC,KD:ORG,Årjäng:LOC,Piteå:LOC,Piteå:LOC,Malmö:LOC,Landskrona:LOC,Skåne:LOC,Helsingborg:LOC,Landskrona:LOC,Malmö:LOC,Sölvesborg:LOC,Blekinge:LOC,Bjuv:LOC,Bromölla:LOC,Klippan:LOC,Örkelljunga:LOC,Östra Göinge:LOC,Borlänge:LOC,Söderhamn:LOC,Borlänge:LOC,Söderhamn:LOC"
Edit:PRS,"Norrbotten:LOC,Västerbotten:LOC,Jämtland:LOC,Bjurholm:LOC,Dorotea:LOC,Åsele:LOC,Storuman:LOC,Vilhelmina:LOC,Norsjö:LOC,Arjeplog:LOC,Ragunda:LOC,Överkalix:LOC,Övertorneå:LOC,Kalle:PRS,Danderyd:LOC,Årjäng:LOC,Piteå:LOC,LO:ORG,Skåne:LOC,Bjuv:LOC,Örkelljunga:LOC,Östra Göinge:LOC,Eslöv:LOC,Hörby:LOC,Sjöbo:LOC,Tomelilla:LOC,Trelleborg:LOC,Svedala:LOC,Skurup:LOC,Burlöv:LOC,Landskrona:LOC,Helsingborg:LOC,Kristianstad:LOC,Hässleholm:LOC,Osby:LOC,Bromölla:LOC,Sölvesborg:LOC,Karlskrona:LOC,Danmark:LOC,Malmö:LOC,Malmö:LOC,Borlänge:LOC,Söderhamn:LOC,Borlänge:LOC,SSAB:ORG,Söderhamn:LOC,Gävleborg:LOC,Norrland:LOC,Skåne:LOC,Ica:ORG,en lördag:TME"
"norrland:LOC,Strömsund:LOC","Bjurholm:LOC,Dorotea:LOC,Åsele:LOC,Vilhelmina:LOC,Storuman:LOC,Norsjö:LOC,Arjeplog:LOC,Karin:PRS,Piteå:LOC,Ragunda:LOC,Årjäng:LOC,Överkalix:LOC,Övertorneå:LOC,Danderyd:LOC,KD:ORG,Skåne:LOC,Malmö:LOC,Helsingborg:LOC,Landskrona:LOC,Kristianstad:LOC,Skåne:LOC,länge:TME,Åstorp:LOC,Klippan:LOC,Örkelljunga:LOC,Östra Göinge:LOC,Bromölla:LOC,Sölvesborg:LOC,Bjuv:LOC,Burlöv:LOC,Eslöv:LOC,Svalöv:LOC,Hörby:LOC,Sjöbo:LOC,Trelleborg:LOC,Skurup:LOC,Svedala:LOC,Tomelilla:LOC,Borlänge:LOC,Söderhamn:LOC,Borlänge:LOC,Söderhamn:LOC"
Överkalix:LOC,"Kalle:PRS,Ica:ORG,Bjurholm:LOC,Dorotea:LOC,Åsele:LOC,Vilhelmina:LOC,Storuman:LOC,Arjeplog:LOC,Ragunda:LOC,Norsjö:LOC,Överkalix:LOC,Övertorneå:LOC,Stockholm:LOC,SD:ORG,Danderyd:LOC,Årjäng:LOC,Piteå:LOC,LO:ORG,Skåne:LOC,Skåne:LOC,Eslöv:LOC,Landskrona:LOC,Helsingborg:LOC,Kristianstad:LOC,Hässleholm:LOC,Sjöbo:LOC,Sölvesborg:LOC,Bromölla:LOC,Osby:LOC,Östra Göinge:LOC,Klippan:LOC,Åstorp:LOC,Örkelljunga:LOC,Borlänge:LOC,Söderhamn:LOC"
,"Karin:PRS,Lasse:PRS,Bjurholm:LOC,Dorotea:LOC,Åsele:LOC,Vilhelmina:LOC,Storuman:LOC,Norsjö:LOC,Arjeplog:LOC,Övertorneå:LOC,Överkalix:LOC,Meänkieli:PRS,Piteå:LOC,Ragunda:LOC,Årjäng:LOC,Danderyd:LOC,Landskrona:LOC,Malmö:LOC,Helsingborg:LOC,Kristianstad:LOC,Trelleborg:LOC,Ica:ORG,Eslöv:LOC,Hörby:LOC,Sjöbo:LOC,Tomelilla:LOC,Svalöv:LOC,Skåne:LOC,Blekinge:LOC,Skåne:LOC,Karlskrona:LOC,Sölvesborg:LOC,Borlänge:LOC,Söderhamn:LOC,Borlänge:LOC,Söderhamn:LOC"
"Staffangymnasiet:ORG,Söderhamn:LOC,Sveigedemokraterna:ORG,32%:MSR,Ljusneskolan:LOC,Söderhamn:LOC,37%:MSR,http://helahalsingland.se/soderhamn/1.2350924-var-fjarde-elev-rostade-pa-sd:LOC","Bjurholm:LOC,Dorotea:LOC,Åsele:LOC,Vilhelmina:LOC,Storuman:LOC,Arjeplog:LOC,Norsjö:LOC,Ragunda:LOC,Överkalix:LOC,Övertorneå:LOC,Kalle:PRS,Facebooksida:ORG,Piteå:LOC,Piteå:LOC,Piteå:LOC,Stockholm:LOC,Danderyd:LOC,Årjäng:LOC,Tanum:LOC,Skåne:LOC,Bjuv:LOC,Klippan:LOC,Åstorp:LOC,Örkelljunga:LOC,Östra Göinge:LOC,Bromölla:LOC,Sölvesborg:LOC,Kristianstad:LOC,Hässleholm:LOC,Hörby:LOC,Höör:LOC,Sjöbo:LOC,Tomelilla:LOC,Trelleborg:LOC,Eslöv:LOC,Svalöv:LOC,Skurup:LOC,Svedala:LOC,Burlöv:LOC,Landskrona:LOC,Helsingborg:LOC,Malmö:LOC,Landskrona:LOC,Malmö:LOC,Helsingborg:LOC,Burlöv:LOC,Stockholm:LOC,Borlänge:LOC,Söderhamn:LOC"
,"Bjurholm:LOC,Dorotea:LOC,Åsele:LOC,Arjeplog:LOC,Storuman:LOC,Piteå:LOC,Sölvesborg:LOC,Bjuv:LOC,Bromölla:LOC,Klippan:LOC,Örkelljunga:LOC,Östra Göinge:LOC,Malmö:LOC,Helsingborg:LOC,Borlänge:LOC,Söderhamn:LOC,Borlänge:LOC,SD:ORG,Söderhamn:LOC,Norrlands:LOC,Skåne:LOC"
"Söderhamn:LOC,norrland:LOC,Sd:LOC,Sverige:LOC,Amerika:LOC","Bjurholm:LOC,Dorotea:LOC,Åsele:LOC,Norsjö:LOC,Storuman:LOC,Vilhelmina:LOC,Arjeplog:LOC,Ragunda:LOC,Överkalix:LOC,Övertorneå:LOC,Dorotea:LOC,tisdag morgon:TME,Piteå:LOC,Danderyd:LOC,Årjäng:LOC,Bjuv:LOC,Bromölla:LOC,Eslöv:LOC,Helsingborg:LOC,Hässleholm:LOC,Hörby:LOC,Höör:LOC,Klippan:LOC,Kristianstad:LOC,Landskrona:LOC,Malmö:LOC,Osby:LOC,Sjöbo:LOC,Skurup:LOC,Svalöv:LOC,Svedala:LOC,Tomelilla:LOC,Trelleborg:LOC,Åstorp:LOC,Örkelljunga:LOC,Östra Göinge:LOC,Skåne:LOC,Sölvesborg:LOC,Karlskrona:LOC,Blekinge:LOC,Borlänge:LOC,Söderhamn:LOC,Norrlands:LOC,Skåne:LOC"
"sverige:LOC,danmark:LOC,sydsverige:LOC,Tyskland:LOC,under andra världskriget:TME,skåne Malmö:LOC,helsingborg:LOC,landskrona:LOC,kristianstad:LOC,skåne:LOC","Bjurholm:LOC,Dorotea:LOC,Åsele:LOC,Norsjö:LOC,Ragunda:LOC,Kalle:PRS,Danderyd:LOC,Årjäng:LOC,Piteå:LOC,Sjöbo:LOC,Svedala:LOC,Trelleborg:LOC,Landskrona:LOC,Blekinge:LOC,Karlskrona:LOC,Sölvesborg:LOC,Bromölla:LOC,Borlänge:LOC,Söderhamn:LOC,Borlänge:LOC,Söderhamn:LOC,Dorotea:LOC,Ica:ORG"
,"norrlands:LOC,Kalle:PRS,Bjurholm:LOC,Dorotea:LOC,Åsele:LOC,Vilhelmina:LOC,Storuman:LOC,Norsjö:LOC,Arjeplog:LOC,Ragunda:LOC,Danderyd:LOC,Tanum:LOC,Årjäng:LOC,Piteå:LOC,Kiruna:LOC,Skåne:LOC,Blekinge:LOC,i åratal:TME,Sjöbo:LOC,Sölvesborg:LOC,Trelleborg:LOC,Kristianstad:LOC,Hörby:LOC,Klippan:LOC,Stockholm:LOC,Borlänge:LOC,Söderhamn:LOC,Borlänge:LOC,Söderhamn:LOC,Bjurholm:LOC,Coop:ORG"
Kronobergs län:LOC,"Kalle:PRS,Kalle:PRS,Bjurholm:LOC,Dorotea:LOC,Åsele:LOC,Vilhelmina:LOC,Storuman:LOC,Norsjö:LOC,Ragunda:LOC,Arjeplog:LOC,ICA:ORG,Piteå:LOC,Överkalix:LOC,Övertorneå:LOC,Skåne-retorik:LOC,Danderyd:LOC,Tanum:LOC,Årjäng:LOC,Landskrona:LOC,Helsingborg:LOC,Malmö:LOC,Kristianstad:LOC,Trelleborg:LOC,Skåne:LOC,i 15 år:TME,Blekinge:LOC,Karlskrona:LOC,Sölvesborg:LOC,Sölvesborg:LOC,Borlänge:LOC,Söderhamn:LOC,Borlänge:LOC,Söderhamn:LOC,Skåne:LOC,Arjeplog:LOC"
,"Sybil:PRS,Sybil Shirley Mason:PRS"
Berny Pålsson:PRS,"Sybil Dorsett:PRS,Cornelia Wilbur:PRS,The Three Faces:WRK"
,"DID:ORG,Youtube:ORG"
Googles:ORG,"DID:ORG,BBC:ORG"
,Shirley Mason:PRS
,Stockholms tingsrätt:ORG
,"Stockholms tingsrätt:ORG,Göteborgs tingsrätt:ORG,Domstolsverkets:ORG"
,Domstolsverkets:ORG
Livsmedelsverkets:ORG,"Östersjön:LOC,Brie:PRS,camembert:PRS"
Sverige:LOC,
,Östersjön:LOC
"Sverige:LOC,Peter Birros:PRS","Östersjön:LOC,Brie:PRS,camembert:PRS"
"Danmark:LOC,Frankrike:LOC,Italien:LOC","Östersjön:LOC,brie:PRS,camembert:PRS"
"Italien:LOC,Italien:LOC,Italien:LOC,sverige:LOC",
,"Östersjön:LOC,brie:PRS,camembert:PRS,Sverige:LOC,Koffein:LOC"
Sverige:LOC,"Östersjön:LOC,Koffein:LOC,Japan:LOC"
brieosten:PRS,"Östersjön:LOC,en gång om året:TME"
,"Östersjön:LOC,Livsmedelsverket:ORG,Koffein:LOC"
,"Östersjön:LOC,Sverige:LOC,Koffein:LOC,brien:PRS"
,"Östersjön:LOC,Koffein:LOC"
,"Östersjön:LOC,Koffein:LOC"
,Östersjön:LOC
,"Östersjön:LOC,Sverige:LOC"
Thailand:LOC,Östersjön:LOC
,"Östersjön:LOC,Koffein:LOC,lotten:PRS"
,"Östersjön:LOC,Brie:PRS,camembert:PRS"
,Salami:PRS
,"Östersjön:LOC,Brie:PRS,camembert:PRS,Koffein:LOC"
,"Östersjön:LOC,brie:PRS,camembert:PRS,Koffein:LOC"
för något år sedan:TME,"Östersjön:LOC,brie:PRS,camembert:PRS"
,"Koffein:LOC,lotten:PRS"
PCB:ORG,Östersjön:LOC
"Sverige:LOC,Livsmedelsverket:ORG,Frankrike:LOC,Livsmedelsverket:ORG",Östersjön:LOC
,"Östersjön:LOC,camembert:PRS,Salami:PRS,Koffein:LOC"
,"Östersjön:LOC,brie:PRS"
,"Östersjön:LOC,Brie:PRS,camembert:PRS,Koffein:LOC"
,"Östersjön:LOC,Brie:PRS,camembert:PRS,gorgonzola:LOC,Sverige:LOC,Koffein:LOC"
USA:LOC,Östersjön:LOC
,"Sara:PRS,på dagen:TME"
,Sofia:PRS
,Anna:PRS
,Sara:PRS
,Anna:PRS
,Lina:PRS
,Lina:PRS
"Albanien:LOC,Sverige:LOC,Sverige:LOC","Europa:LOC,Schweiz:LOC,Lugano:LOC,Österrike:LOC,Portugal:LOC,Lisbon:LOC,Porto:LOC,Spanien:LOC,Valencia:LOC,Malaga:LOC,Italien:LOC,Milano:LOC,Bologna:LOC,Grekland:LOC,Cypern:LOC,Malta:LOC,Portugal:LOC,Sverige:LOC,Schweiz:LOC"
Albanien:LOC,"Sverige:LOC,Holland:LOC,Tyskland:LOC,Schweiz:LOC,Lugano:LOC,Österrike:LOC,Frankrike:LOC,Côte d’Azur:LOC,Nice:LOC,Spanien:LOC,Portugal:LOC,Malaga:LOC,Valencia:LOC,Alicante:LOC,Lissabon:LOC,Porto:LOC"
"Frankrike:LOC,Sverige:LOC,Frankrike:LOC,Martinique:LOC,Guyana:LOC,Tahiti:LOC,Réunion:LOC,Spanien:LOC,Spanien:LOC","EU:ORG,Frankrike:LOC,Nice:LOC,Montpellier:LOC,Portugal:LOC,Spanien:LOC,Europa:LOC,Kanarieöarna:LOC,Malta:LOC,Portugal Madeira:LOC,Kanarieöarna:LOC"
"Spanien:LOC,Frankrike:LOC","Sverige:LOC,Europa:LOC,Schweiz:LOC,Österrike:LOC,Nederländerna:LOC,Irland:LOC,Danmark:LOC,Tyskland:LOC,Portugal:LOC,Lissabon Porto:LOC,Spanien:LOC,Barcelona:LOC,Valencia Malaga:LOC,Frankrike:LOC,Nice Montpellier:LOC,Italien:LOC,Grekland:LOC,Kanarieöarna:LOC,Madeira:LOC"
"Europa:LOC,Sverige:LOC","Sverige:LOC,Europa:LOC,Schweiz:LOC,Österrike:LOC,Nederländerna:LOC,Tyskland:LOC,Danmark:LOC,Frankrike:LOC,Italien:LOC,Spanien:LOC,Valencia:LOC,Málaga:LOC,Portugal:LOC,Lissabon:LOC,Porto:LOC,Algarve:LOC,Frankrike:LOC,Nice:LOC,Montpellier:LOC,Kanarieöarna:LOC,Madeira:LOC,Portugal:LOC,Spanien:LOC"
"Europa:LOC,Spanien:LOC,Andalusien:LOC,GENERELLT:ORG,Sverige:LOC,Fuengirola:LOC","Europa:LOC,Portugal:LOC,Lissabon:LOC,Porto:LOC,Spanien:LOC,Barcelona:LOC,Madrid:LOC,Valencia:LOC,Sverige:LOC,Centraleuropa:LOC,Österrike:LOC,Schweiz:LOC,Tyskland:LOC,Schweiz:LOC,Malta:LOC,Cypern:LOC,Sverige:LOC,Kanarieöarna:LOC,Madeira:LOC"
"Sverige:LOC,Sverige:LOC,Norge:LOC,Kanada:LOC,Sverige:LOC","Europa:LOC,Portugal:LOC,Lisbon:LOC,Porto:LOC,Sverige:LOC,Spanien:LOC,Baskien:LOC,Valencia:LOC,Nederländerna:LOC,Frankrike:LOC,Tyskland:LOC,Österrike:LOC,Portugal:LOC,Spanien:LOC"
"Luxemburg:LOC,Sverige:LOC","Europa:LOC,Schweiz:LOC,Österrike:LOC,Nederländerna:LOC,Tyskland:LOC,Danmark:LOC,Portugal:LOC,Lissabon:LOC,Cascais:LOC,Porto:LOC,Spanien:LOC,Baskien:LOC,Madrid:LOC,Valencia:LOC,Malta:LOC,Kanarieöarna:LOC,Madeira:LOC"
jumpcut:PRS,"Schweiz:LOC,Österrike:LOC,Tyskland:LOC,Frankrike:LOC,Nice:LOC,Montpellier:LOC,Toulouse:LOC,Medelhavet:LOC,Spanien:LOC,Portugal:LOC,Sverige:LOC,Madrid:LOC,Barcelona:LOC,Lissabon:LOC,Italien:LOC,Kanarieöarna:LOC,Spanien:LOC"
"Europa:LOC,Östersjön:LOC,Frankrike:LOC,Peps:PRS,Schweiz:LOC,Medelhavet:LOC","Europa:LOC,Schweiz:LOC,Nederländerna:LOC,Österrike:LOC,Tyskland:LOC,Frankrike:LOC,Spanien:LOC,Baskien:LOC,Navarra:LOC,Galicien:LOC,Sverige:LOC,Portugal:LOC,Lissabon:LOC,Porto:LOC,Malta:LOC,Cypern:LOC,Sverige:LOC,Spanien:LOC,Portugal:LOC"
,"Sverige:LOC,Europa:LOC,Nederländerna:LOC,Tyskland:LOC,Österrike:LOC,Schweiz:LOC,Frankrikes:LOC,Nice:LOC,Montpellier:LOC,Spanien:LOC,Portugal:LOC,Madeira:LOC,Kanarieöarna:LOC,Malta:LOC,Cypern:LOC,Sverige:LOC,Schweiz:LOC,Portugal:LOC"
"Andalusien:LOC,Sverige:LOC,Barcelona:LOC","Europa:LOC,Schweiz:LOC,Österrike:LOC,Tyskland:LOC,Italien:LOC,Trento:LOC,Sverige:LOC,Spanien:LOC,Portugal:LOC,Kanarieöarna:LOC,Madeira:LOC,Málaga:LOC,Valencia:LOC,Lissabon:LOC,Frankrike:LOC,Nice:LOC,Montpellier:LOC"
"IKEA:ORG,IKEA-kök:ORG,Sverige:LOC","EU:ORG,Sverige:LOC,Nederländerna:LOC,Danmark:LOC,Spanien:LOC,Madrid:LOC,Valencia:LOC,Malaga:LOC,Portugal:LOC,Lissabon:LOC,Porto:LOC,Sydfrankrike:LOC,Nice:LOC,Montpellier:LOC,Toulouse:LOC,Schweiz:LOC,Lugano:LOC,Spanien:LOC"
"Holland:LOC,Skandinavien:LOC,München:LOC","Europa:LOC,Thailand:LOC,Schweiz:LOC,Österrike:LOC,Tyskland:LOC,Italien:LOC,Spanien:LOC,Valencia:LOC,Málaga:LOC,Alicante:LOC,Portugal:LOC,Lissabon Porto:LOC,Europa:LOC,Kanarieöarna:LOC,Madeira:LOC,Sverige:LOC,Nederländerna:LOC,Danmark:LOC"
Holland:LOC,"Europa:LOC,Schweiz:LOC,Nederländerna:LOC,Danmark:LOC,Norge:LOC,Tyskland:LOC,Österrike:LOC,Portugal:LOC,Lissabon:LOC,Porto:LOC,Madeira:LOC,Sverige:LOC,Spanien:LOC,Valencia:LOC,Malaga:LOC,Kanarieöarna:LOC,Frankrike:LOC,Italien:LOC,Bolzano:LOC,Trento:LOC,Italien:LOC,Italien:LOC,Schweiz:LOC,med vinter:TME,Kanarieöarna:LOC"
"Tyskland:LOC,Tyskland:LOC,Sverige:LOC,i juli:TME,Berlin:LOC,Sverige:LOC,Berlin:LOC,Sverige:LOC,Göteborg:LOC,Edit:PRS,Nederländerna:LOC,Sverige:LOC,Norden:LOC","Sverige:LOC,Europa:LOC,Schweiz:LOC,Österrike:LOC,Spanien:LOC,Baskien:LOC,Barcelona:LOC,Spanien:LOC,Portugal:LOC,Lissabon:LOC,Porto:LOC,Madeira:LOC,Frankrike:LOC,Montpellier:LOC,Toulouse:LOC,Nice:LOC,Malta:LOC,Cypern:LOC,Spanien:LOC,Portugal:LOC"
"spanien:LOC,sverige:LOC,sverige:LOC,sverige:LOC,Torrevieja:LOC,Dar:LOC,engelskman:PRS,hollandare:PRS,spanien:LOC","Europa:LOC,Spanien:LOC,Spanien:LOC,Teneriffa:LOC,Gran Canaria:LOC,Costa:LOC,Portugal:LOC,Lissabon:LOC,Porto:LOC,Frankrike:LOC,Nice:LOC,Antibes:LOC,Montpellier:LOC,Malta:LOC,Cypern:LOC,Sverige:LOC,småland:LOC,Kanarieöarna:LOC"
"Ang Tyskland:PRS,Holland:LOC,Sverige:LOC,Holland:LOC","Sverige:LOC,Europa:LOC,Schweiz:LOC,Österrike:LOC,Italien:LOC,Nederländerna:LOC,Irland:LOC,Europa:LOC,Spanien:LOC,Portugal:LOC,Malta:LOC,Cypern:LOC,Madeira:LOC,Kanarieöarna:LOC"
,"Stockholm:LOC,Astar:PRS"
,"Nikita:PRS,Cutters:PRS"
,"Cutters:PRS,Nikita:PRS,Studio:ORG"
,"CSN:ORG,Nikita Hair:PRS"
Sverige:LOC,"Arbetsförmedlingen:ORG,Burgården:LOC,på 12 veckor:TME"
borås:LOC,Stockholm:LOC
Borlänge:LOC,"CSN:ORG,Nikita:PRS"
,"CSN:ORG,Nikita Hair:PRS"
,
,
,
,
,
,
,
,VC:PRS
,
,
,
,
Inside Brus:PRS,
,
,
Omeprazol:OBJ,
,
,Omeprzol:PRS
imorgon:TME,
,
Vialerg:PRS,
,
,
,Locobase:PRS
,Novalucol:OBJ
,
,
,
"Omeprazol:OBJ,Johannesört:PRS,Erlotinib:PRS",Gaviscon:LOC
,
,
,
,
,
,
,
,
,
,
,Marock:LOC
,
,
norrland:LOC,
,
,
,Hash:PRS
,
,
,
"Köpenhamn:LOC,chris:PRS,varje dag:TME",
,Marocko:LOC
,
,
,
,
,
,
,
,
,
,"Odenplan:LOC,Grönan:LOC"
,Odenplan:LOC
Östermalms:LOC,"Odenplan:LOC,Grönan:LOC"
,"Odenplan:LOC,Skanstull:LOC,Hässelby:LOC"
,Stockholm Odenplan:LOC
,"Carl:PRS,Nordiska Kompaniet:ORG,Ströms:PRS"
"Stenströms:PRS,Helsingborg:LOC","Carl:PRS,Stenströms:PRS,Maila Stenströms:PRS"
stockholm:LOC,"Stenströms:PRS,Carl:PRS,Stenströms:PRS,NK:ORG,Johnells:PRS,Zalando:PRS,Stenströms:PRS"
,"Nordea SEB:ORG,Skandia:ORG"
,"KALP:LOC,CSN:ORG,SBAB:ORG,SEB:ORG,Swedbank:ORG,Handelsbanken:ORG"
,"Handelsbanken:ORG,SEB:ORG,Swedbank:ORG,Nordea:ORG,SBAB:ORG,CSN:ORG"
,"CSN:ORG,SBAB:ORG"
FI:ORG,"Swedbank:ORG,SEB:ORG,Nordea:ORG,Handelsbanken:ORG,SBAB:ORG,ICA Banken:ORG"
,"SBAB:ORG,SEB:ORG,Swedbank:ORG,Handelsbanken Nordea:ORG,KALP:LOC"
,"CSN:ORG,Handelsbanken:ORG,Swedbank:ORG"
,"CSN:ORG,Swedbank:ORG,SEB:ORG,Handelsbanken:ORG,SBAB:ORG,Nordea:ORG"
,"Ikano:ORG,SEB:ORG,Swedbank:ORG,Nordea:ORG,Handelsbanken:ORG,Länsförsäkringar:ORG"
,"SEB:ORG,Swedbank:ORG,Handelsbanken:ORG,Nordea:ORG,CSN:ORG"
,"CSN:ORG,SBAB:ORG,Skandia:ORG"
Göteborg:LOC,"ex Swedbank:ORG,SEB:ORG,Handelsbanken:ORG"
västerhaninge:LOC,"Swedbank:ORG,Handelsbanken SBAB Nordea:ORG"
,"SEB Swedbank:ORG,Handelsbanken Nordea:ORG"
,"Ikano:ORG,CSN:ORG,SBAB:ORG"
,"Swedbank:ORG,SEB:ORG,Handelsbanken Nordea:ORG"
,"SEB:ORG,Swedbank:ORG,Nordea:ORG,Handelsbanken:ORG,CSN:ORG"
,
,OS:EVN
,OS:EVN
,Google:ORG
,OS:EVN
,"Imovane:PRS,Stilnoct:PRS,Atomoxetin:PRS"
Johan:PRS,"Centralstimulantia:PRS,på dagen:TME,Benzo:PRS,på natten:TME,Stilnoct:PRS"
,"Centralstimulantia:PRS,på dagen:TME,Benzo:PRS,på natten:TME,Ritalinet:PRS,Koffein:LOC,Melatonin:PRS"
Edit:PRS,"Google:ORG,Koffein:LOC"
hittills:TME,Imovane:PRS
,"Imovane:PRS,Stilnoct:PRS"
,Stockholm:LOC
,Stockholm Makerspace:ORG
,"Akademikliniken:ORG,Sthlm:LOC,för två år sen:TME"
"Mvh:PRS,Oddball Moderator:ORG","Akademikliniken:ORG,Stockholm:LOC"
,
,i en vecka:TME
,
,
,
Edit:PRS,Benzo:PRS
,
,
,i en vecka:TME
,
,Benzo:PRS
,
,
Edit:PRS,
Amsterdam:LOC,
,Edibles:PRS
,Edibles:PRS
,några veckor:TME
,
Benzo:PRS,
,
Benzo:PRS,
,
,
,
,
,
,
,
fuck off:PRS,
,"Sverige:LOC,Indiens:LOC,UHR:ORG,Indien:LOC,Sverige:LOC,Indien:LOC,Goa:LOC"
"Sven Svensson:PRS,Ahmed Abdhulla:PRS,Irak:LOC","Sverige:LOC,Indien:LOC,Sverige:LOC"
,"Sverige:LOC,Migrationsverket:ORG,Sverige:LOC,Indien:LOC,Indien:LOC"
,"Blocket:ORG,Sverige:LOC,Indien:LOC,Sverige:LOC,Sverige:LOC"
,"Sverige:LOC,Migrationsverket:ORG,Indien:LOC,Indien:LOC,Sverige:LOC,Sverige:LOC"
"Indien:LOC,Indien:LOC","Sverige:LOC,Indien:LOC,Sverige:LOC,Indien:LOC,Sverige:LOC"
"Liechtenstein:PRS,Bürgergemeinde:LOC,Liechtenstein:PRS,Liechtenstein:PRS,Sverige:LOC","Sverige:LOC,Indien:LOC,Sverige:LOC,Indien:LOC,Sverige:LOC"
,"Östra Storgatan:LOC,P4 Jönköping:LOC,senare:TME"
,Östra Storgatan:LOC
,Bet365:ORG
,"Mac:PRS,Mac:PRS"
,"Mac:PRS,Mac-klient:ORG"
Rich:PRS,"Mac:PRS,Mac:PRS,EU:ORG,Mac:PRS,Mac:PRS,Intel:ORG"
,"Mac:PRS,Mac:PRS"
mac os:PRS,"Mac:PRS,Unibet:ORG"
,"Wine:LOC,Mac:PRS,för ett tag:TME"
,Mac:PRS
,Bet365:ORG
,"Mac-klient:ORG,Mac:PRS,Malta:LOC,Wine:LOC"
barcelona:LOC,"Compass Group:ORG,Fazer:ORG,SSP:ORG"
,"Compass Group:ORG,Sodexo:ORG,IKEA:ORG"
,"Compass Group:ORG,Sodexo:ORG,ISS:ORG"
,"Compass Group:ORG,Fazer:ORG,Martin &:PRS"
,"Compass Group:ORG,Fazer Food Services:ORG"
,"Compass Group:ORG,Fazer Food Services:ORG"
,"Compass Group:ORG,Fazer Food Services:ORG,ISS:ORG"
,"Compass Group:ORG,Sodexo:ORG"
,"Fazer Food Services:ORG,Compass Group:ORG"
,"Fazer Food Services:ORG,Sodexo:ORG,Compass Group:ORG,Coor:ORG"
,"ISS:ORG,Sodexo:ORG,Compass Group:ORG"
,Edibles:PRS
,Lund:LOC
,
,
,Amnesia:WRK
,
,
,
söksöksöksösksksököskösks:ORG,
,Marocko:LOC
,
,
Josef_K:PRS,
,Bambi:PRS
,THC:ORG
,
,
,
,weed:PRS
,
,
,
,
,
,
,Hash:PRS
,
,
,"Örnsberg:LOC,Catan:LOC,Kungsgatan:LOC"
,"Odenplan:LOC,SF:ORG,Gamla stan:LOC,Sergelhuset:LOC,Catan:LOC,Dragons Lair:ORG,Kungsholmen:LOC"
Arcane:PRS,"Högdalen:LOC,Catan:LOC,SF:ORG,Gamla stan:LOC,Kulturhuset:LOC,Sergels torg:LOC,Webhallens:PRS,Catan:LOC"
Arcane:PRS,"Hägersten:LOC,Västerlånggatan:LOC,Sergelgången:PRS,St Eriksgatan:LOC,city:LOC"
"Sturegallerian:LOC,Mariatorget:LOC","Gamla stan:LOC,Västerlånggatan:LOC,Catan:LOC,Akademibokhandeln:LOC,Stureplan:LOC,Gamla stan:LOC"
Games:ORG,"Gamla Brogatan:LOC,Hägersten:LOC,Settlers:PRS,Orvar:PRS,Söder:LOC"
"GBG:LOC,Games:ORG","Gamla stan:LOC,Hägersten:LOC,Webhallen Sveavägen:LOC,Samuelsgatan:LOC,Catan:LOC"
kungsholmen Stockholms:LOC,"Gamla stan:LOC,Catan:LOC,Sveavägen:LOC,Tradera:LOC,Marketplace:ORG"
Stockholm:LOC,"Gamla stan:LOC,Catan:LOC,Odenplan:LOC,Fridhemsplan:LOC"
"Alphaspel:PRS,öppettider:LOC","Hägersten:LOC,SF:ORG,Gamla Stan:LOC,Catan:LOC,Kungsgatan:LOC,city:LOC"
"Gamla Stan:LOC,Västerlånggatan:LOC,USA:LOC,Arcane:PRS,Odenplan:LOC,Kungsholmstorg:LOC,Sveriges:LOC,Sveriges:LOC,Solberga:LOC","Bromma:LOC,Gamla stan:LOC,Catan:LOC,Dragons Lair:ORG,Kungsholmen:LOC,Odenplan:LOC"
,"Catan:LOC,SF:ORG,Gamla stan:LOC"
,"Lars Vilks:PRS,Sverige:LOC,Muhammed:PRS,Charlie Hebdo:PRS,på tid:TME"
,"Lars Vilks:PRS,Muhammed:PRS"
Lars Vilks:PRS,"Lars Vilks:PRS,Vilks:PRS"
,"Arlanda:LOC,Säpo:ORG,Muhammed:PRS"
"Lars Vilks:PRS,Vilks:PRS",Lars Vilks:PRS
Sverige:LOC,"Lars Vilks:PRS,Muhammed:PRS"
,"Lars:PRS,Lars Vilks:PRS"
,"Lars Vilks:PRS,Charlie Hebdo:PRS,Rushdie:PRS"
,Lars Vilks:PRS
,"Lars Vilks:PRS,Säpo:ORG"
"Lars Wilks:PRS,Muhammed:PRS,Islam:WRK","Lars Vilks:PRS,Lars Vilks-frågan:PRS"
,"Vilks:PRS,Charlie Hebdo:PRS,Israel Palestina:LOC"
Muhammed:PRS,Lars Vilks:PRS
"Muhammed:PRS,Muhammed:PRS,Muhammed:PRS","Lars Vilks:PRS,faila:PRS"
,"Lars Vilks:PRS,Charlie Hebdo:PRS,Salman Rushdie:PRS"
Mohammed:PRS,"Lars Vilks:PRS,Vilks:PRS,Paludan:LOC,Hebdo:LOC,Rushdie:PRS"
,"Lars Vilks:PRS,Sverige:LOC,Muhammed:PRS,Säpo:ORG"
"Jesus:PRS,Buddha:PRS",Lars Vilks:PRS
Mohammed:PRS,"Lars Vilks:PRS,Charlie Hebdo:PRS,Salman Rushdie:PRS"
,"Vilks:PRS,Lars Vilks:PRS,Sveriges:LOC"
Vilks:PRS,"Lars Vilks:PRS,Sverige:LOC,Vilks:PRS,Muhammed:PRS"
Lars:PRS,"Lars:PRS,Syrien:LOC,IS:ORG"
jesus:PRS,"Vilks:PRS,Charlie Hebdo:PRS,Salman Rushdie:PRS,Jimmie Åkesson:PRS,Palestina:LOC,Säpo:ORG"
,"Lars Vilks:PRS,Charlie Hebdo:PRS,Salman Rushdie:PRS,Vilks:PRS"
Nederländerna:LOC,"Charlie Hebdo:PRS,Lars Vilks:PRS"
,"Charlie Hebdo:PRS,Salman Rushdie:PRS"
,Polisförbundets:ORG
,"Anna:PRS,Anna:PRS,Anna:PRS"
,Erik:PRS
facebook:PRS,Sara:PRS
,Erik:PRS
Facebook:ORG,"Anna:PRS,Facebook:ORG"
,"Johan:PRS,Johan:PRS"
,Sara:PRS
facebook:PRS,Johan:PRS
Facebook:ORG,"Johan:PRS,Sara:PRS"
,Anna:PRS
facebook:PRS,"Facebook:ORG,Anna:PRS,X-gatan:LOC"
,Anna:PRS
,"Johan:PRS,Emma:PRS,Johan:PRS"
,"Johan:PRS,Emma:PRS,Johan:PRS"
Facebook:ORG,Emma:PRS
,"Johan:PRS,Johan:PRS"
,Johan:PRS
,"Reallocated sectors:ORG,Pending:PRS"
,"Disks:WRK,Reallocated sectors:ORG,faila:PRS"
,"OS:EVN,Reallocated sectors:ORG,Pending:PRS,Enabled:PRS"
,
,"Reallocated sectors:ORG,Enabled:PRS"
,Enabled:PRS
,"WD Data:ORG,Reallocated sectors:ORG,faila:PRS"
,faila:PRS
,Western Digital:ORG
,BIOS:LOC
,
,Hitachi Drive Fitness:ORG
,PCIe:ORG
,Compatibility:WRK
,Reallocated sectors:ORG
,Integrated Peripherals:ORG
,
,"Enabled:PRS,Reallocated sectors:ORG,Pending:PRS,faila:PRS"
,
,
,OS:EVN
,"Reallocated Sectors:ORG,Microsofts:ORG"
,Gamla XP:OBJ
,Disks:WRK
,Integrated Peripherals:ORG
,
,"Disks:WRK,Reallocated sectors:ORG,Pending sectors:PRS,PCIe:ORG"
,Integrated NIC:ORG
Raidcard:PRS,
hard:PRS,"Reallocated sectors:ORG,Pending sectors:PRS"
Arn:PRS,"Helsingfors:LOC,Finnair:ORG,Thailand:LOC,Finnair:ORG,CPH:ORG"
8-9 timmar:TME,"Helsingfors:LOC,BKK:ORG,Finnair:ORG,Köpenhamn:LOC,Stockholm:LOC,Thai:LOC,SAS:ORG,Frankfurt:LOC,Amsterdam:LOC,München:LOC,FRA:ORG,Oslo:LOC,Qatar:ORG"
"Turkish:LOC,Göteborg:LOC,Bangkok:LOC,Istanbul:LOC,SAS:ORG,Star Alliance:ORG","ARN:ORG,BKK:ORG"
Thailand:LOC,"BKK:ORG,Köpenhamn:LOC,Thai:LOC,Helsingfors:LOC,Finnair:ORG,ARN:ORG,SAS:ORG,BKK:ORG,Google:ORG,Thai SAS Finnair:ORG"
,"MacBooken:PRS,Internal Microphone:WRK"
,
,MacBooken:PRS
,MacBooken:PRS
,
,
,MacBooken:PRS
,
Dr Tinnitus:PRS,"Teams:ORG,External Microphone:WRK"
,far-field:LOC
,
,
,
,
,MacBooken:PRS
,
,
,
Mic-In:PRS,
,"KTH:ORG,Umeå:LOC,LiU:ORG,Berghs:PRS,Island:LOC,GitHub:PRS,Alperna:LOC,Val dIsère:LOC,Åre:LOC,Australien:LOC,vela:PRS,varje vecka:TME,After Effects:ORG"
,"Barcelona:LOC,Barcelona:LOC,Barcelona:LOC,Barcelona Social Club:ORG,Barcelona:LOC,Ovella Negra:LOC,Poble Sec:ORG,LinkedIn:OBJ"
,"Barcelona:LOC,Barcelona:LOC,Barcelona:LOC,George Payne:PRS,Eixample:ORG,Barceloneta:LOC"
,"Barcelona Language Exchange:ORG,Barcelona:LOC,Barcelona:LOC,Barcelona:LOC,Sant Jordi-hostels:LOC,Barceloneta:LOC,på kvällen:TME"
,"Barcelona:LOC,Swedes:PRS,Barcelona:LOC,Barcelona:LOC,Barcelona:LOC,Barcelona Events:ORG,George Payne:PRS,Urquinaona:LOC,Belushi’s:PRS,Plaça de Catalunya:LOC,Barceloneta:LOC,Barcelona:LOC,Jobs:PRS"
,"Barcelona:LOC,Poble Sec:ORG,Barcelona:LOC,Barcelona:LOC,George Payne:PRS,Belushi’s:PRS"
,"Barcelona Nightlife:LOC,George Payne:PRS,Ovella Negra:PRS,Barcelona:LOC,Barcelona:LOC,Christopher’s Inn:PRS,Kabul:LOC,Plaça Reial:LOC,Barca:LOC"
"Barcelona:LOC,mellan dagarna:TME","Barcelona Nightlife:LOC,Expats:ORG,Barcelona:LOC,Gràcia:LOC,Barcelona:LOC,Barcelona:LOC,Language Exchange Barcelona”:WRK,George Payne Irish:PRS,Barcelona:LOC,ibland:TME"
,"Barcelona:LOC,Barcelona:LOC,Barcelona Nightlife:LOC,George Payne Irish Bar:PRS,en kväll:TME,Barcelona:LOC,Barceloneta:LOC"
,"Barcelona:LOC,Barcelona:LOC,Barcelona:LOC,Barcelona:LOC"
travelbuddy.com:PRS,"beach volley:PRS,Barcelona Language Exchange:ORG,Barcelona:LOC,Barcelona:LOC,George Payne Irish:PRS,Belushi’s:PRS,Plaça Catalunya:LOC"
,"Barcelona:LOC,Plaça Reial:LOC,Barcelona:LOC,Barcelona:LOC,Kabul:LOC,Jordi:PRS"
,"Göteborg:LOC,Transportstyrelsen:ORG"
,"Göteborg:LOC,Trafikkontoret:ORG,Transportstyrelsens:ORG"
,"Göteborg:LOC,Göteborg:LOC"
,"SMR:ORG,NSF:ORG"
Dolly:PRS,
,Andre:PRS
Sverige:LOC,Thailand:LOC
under andra världskriget:TME,Flashback:LOC
,SMR:ORG
,SMR:ORG
,"Chad:PRS,SMR:ORG,NSF:ORG"
,"SMR:ORG,NSF:ORG"
,SMR:ORG
,"USA:LOC,SMR:ORG"
somalia:ORG,
,SMR:ORG
,SMR:ORG
,SMR:ORG
,SMR:ORG
,
,Enoch:PRS
,"SMR:ORG,NSF:ORG"
,
,NSF:ORG
"SMR:ORG,Sverige:LOC,Vasaparken:LOC,Stockholm:LOC",SMR:ORG
,
,"NSF:ORG,Flashback:LOC"
,"SMR:ORG,NSF:ORG"
,"USA:LOC,SMR:ORG,SMR:ORG"
"Sveriges:LOC,2,65%:MSR,1,07%:MSR,Väst-:LOC,Thailandska:LOC,Filippinska:LOC,Sveriges:LOC","SMR:ORG,Nordiska motståndsrörelsen:ORG"
"Stockholm:LOC,Thailand:LOC,afrika:LOC",
Somalia:LOC,"Trollhättan:LOC,Köln:LOC,NSF:ORG"
,SMR:ORG
,"Hellmann’s Real Mayo:PRS,Rydbergs Tryffelmajonnäs:PRS,Felix Bostongurka:PRS,Santa Maria Chipotle Mayo:PRS,Lohmanders Chipotle Bearnaise:PRS,Heinz Burger Sauce:PRS"
,"Hellmann’s Real Majonnäs:PRS,Santa Maria:PRS,Felix Rostad:PRS,Johnny’s:PRS"
"Erik Lallerstedts:PRS,Lohmanders:PRS,McDonald's:ORG","Schysst Käk:LOC,Zeinas:LOC,Felix Bostongurka:PRS,Hellmann’s Real Mayo:PRS,Chipotle:PRS"
"i somras:TME,Lohmanders:PRS,Heinz:PRS,Felix:PRS,Max:PRS","Hellmann’s:PRS,Rydbergs Bearnaise:PRS,Rydbergs:PRS,Sriracha Mayo:LOC,Felix Rhode:PRS,Island:LOC,Santa Maria Garlic Sauce:PRS"
,"Felix Rhode:PRS,Island:LOC,Maria Chipotle Mayo:PRS"
"Kroatien:LOC,cirkus:LOC,1 år sedan:TME,Ica:ORG,Felix:PRS","Felix Roasted Garlic:PRS,Sriracha Mayo:LOC,Heinz Curry Mango:PRS,Hellmann’s Real:PRS"
Jim Beam Barbeque sauce:PRS,"Sriracha:LOC,Santa Maria Kebab Sauce:PRS,nuggets:ORG,Hellmann’s Real Mayo:PRS,Felix Bearnaise:PRS,Lohmanders:PRS,Felix:PRS"
"Santa Marias Cheddardipp:PRS,Max:PRS","Hellmann’s Real Majonnäs:PRS,Felix Rostad:PRS,Santa Maria Taco Sauce:LOC"
"åxå:PRS,Blairs:PRS,åxå:PRS,hiilosmakkara:PRS,åxå:PRS","Felix Rhode:PRS,Island:LOC,Jack Daniel’:PRS,Maria Chipotle Mayo:PRS"
Donkens Garlic Dipp:ORG,"Sriracha mayo:LOC,Santa Maria:PRS,Flying Goose:PRS,Felix Rhode:PRS,Island:LOC"
Max:PRS,"Felix Rhode:PRS,Island:LOC"
"EastClintfood:PRS,Sriracha:LOC,för två månader sedan:TME","Felix Hamburgerdressing:PRS,Maria Chipotle Mayo:PRS"
Lohmanders:PRS,"Felix Rostad:PRS,Rydbergs Bearnaise:PRS,Lohmanders:PRS,Santa Maria Chunky:LOC,Johnnys:PRS"
,"Hellmann’s Real Majonnäs:PRS,Rydbergs Rhousand:PRS,Island:LOC,Santa Maria Chipotle Mayo:PRS"
"Santa Marias salsa:PRS,Knorr:PRS","Hellmann’s Real Mayo:PRS,Felix Rhode:PRS,Island:LOC,Maria Hot Sauce Chipotle:PRS"
,"Hellmann’s:PRS,Maria Chipotle Mayo:PRS,Felix Rhode:PRS,Island:LOC"
,"Hellmann’s:PRS,Felix Rhode:PRS,Island:LOC,Johnny’s sötstarka:PRS,Maria Chipotle Mayo:PRS"
,"Maria Chipotle Mayo:PRS,Felix Rhode:PRS,Island:LOC"
"Winarom:LOC,Johnnys Mango:PRS,Johnnys Rödlök:PRS,Lousiana Hot Pepper:PRS","Hellmann’s:PRS,Sriracha Mayo:LOC,Maria Chipotle Mayo:PRS,Felix Rhode:PRS,Island:LOC"
,"Felix Rhode:PRS,Island:LOC,Maria Garlic & Pepper:PRS"
,"Felix Rhousand:PRS,Island:LOC,Kalles:PRS"
"nyligen:TME,Coops:ORG","Felix:PRS,Maria Chipotle Mayo:PRS,Rydbergs Tryffelbea:PRS"
"Café:LOC,Paris:LOC","Felix Rhode:PRS,Island:LOC,Maria Chipotle Mayo:PRS,Rydbergs Bearnaise:PRS,Heinz Burger Sauce:PRS,Sriracha mayo:LOC,Flying Goose:ORG,Kalles:PRS,Felix:PRS"
"Schirasca Lee:PRS,Brown:PRS,McDonalds:ORG,nuggets:ORG","Scan Bostongurka:ORG,Johnny’s Hamburgerdressing:PRS,Felix Rhode:PRS,Island:LOC,Santa Maria Chunky:LOC,Lohmanders Aioli:PRS"
Sverige:LOC,"Felix Rhode:PRS,Island:LOC,Maria Chipotle Mayo:PRS,Heinz Burger Sauce:PRS,Flying Goose:ORG"
Max hamburgerdressing:PRS,"Johnny’s Sötstarka:PRS,Hellmann’s majonnäs:PRS,Felix Chili Bearnaise:PRS"
Jensen´s:PRS,"Hellmann’s:PRS,Felix Rhode:PRS,Island:LOC,Maria Chipotle Mayo:PRS,Lohmanders:PRS"
,"Sriracha Mayo:LOC,Felix Rostad:PRS,Maria Chipotle Mayo:PRS,Zeta Caesar:PRS"
,"Burger Kings Smoky:PRS,Felix Rhode:PRS,Island:LOC,Maria Chipotle Mayo:PRS"
MAX:ORG,"Rydbergs hamburgerdressing:PRS,Rydbergs:PRS,Felix Rhode:PRS,Island:LOC,Maria Chipotle Mayo:PRS"
,
,
,Kristoffer Columbus:PRS
,
,Santa Maria:LOC
,Santa Maria:LOC
,Santa Maria:PRS
,Santa Maria:LOC
,
,
,Ammo:PRS
,
,Glocken:PRS
MCDonalds:PRS,
,
TS:ORG,
"Sverige:LOC,Erik:PRS,Sverige:LOC",
,
"Erik:PRS,Mod:ORG,Getto:LOC,USA:LOC,Alban:PRS",
,
Sverige:LOC,
,"Glocken:PRS,Ica:ORG"
"Svea Rikes:ORG,Gud:PRS",ICA:ORG
,
,
,Ammo:PRS
,
,Glocken:PRS
Allan:PRS,"Ammo:PRS,ICA:ORG,Sverige:LOC"
,
Afrika:LOC,"Glocken:PRS,Ammo:PRS,Ica:ORG"
,Ammo:PRS
,Glocken:PRS
,"Ica:ORG,Chansa:PRS"
Sverige:LOC,Ammo:PRS
,
,
"Stockholm:LOC,Gud:PRS","Wikipedia:ORG,Svenskt ortnamnslexikon:WRK"
Eskil:PRS,"Wikipedia:ORG,tuna:LOC,by:LOC,Lantmäteriets:ORG"
,"Sveriges:LOC,SOFI:ORG,Wikipedia:PRS,Eskilstuna:LOC,tuna:LOC"
,Gbg:LOC
//Mod:ORG,
,"Hellgate:PRS,Hellgate:PRS,Larian:PRS"
I mitten av 90-talet:TME,"OC-profiler:PRS,Hellgate:PRS,ray tracing:PRS,Larian:PRS,Steam:ORG"
,"Hellgate:PRS,EA:ORG,Larian:PRS,Baldur’s Gate:PRS,Football:ORG"
,"Hellgate:PRS,Sony MS Nintendo:ORG,Larian:PRS"
Blizzard:PRS,"Steam:ORG,Larian:PRS,Divinity och BG3:WRK"
"Blizzard:PRS,Blizzard:PRS,Sverige:LOC,EA:ORG,Blizzard:PRS,Blizzards:PRS","QA:a:PRS,Flagship:ORG,Samtidigt:TME,Larian:PRS,Football:ORG,Sim-racing:PRS"
,"Hellgate:PRS,Larian:PRS,QA:ORG"
,"Hellgate:PRS,Baldur’s Gate:PRS,Crusader Kings:ORG,Football:ORG,i tio år:TME"
,"Hellgate:PRS,Steam:ORG,GOG:ORG,Larian:PRS,Baldur’s Gate:PRS"
,"Steam:ORG,Samtidigt:TME,Larian:PRS,Tarkov:PRS"
,
,ICA:ORG
sveriges:LOC,"Hyresgästföreningen:ORG,Kronofogdens:ORG"
,
,Öppna Gmail:ORG
,"Öppna Gmail:ORG,Google:ORG"
,"Öppna Gmail:ORG,Google:ORG"
,
,"Öppna Gmail:ORG,Google Drive:ORG"
,Google Docs:ORG
,Google Drive:ORG
,"USPS:ORG,USA:LOC,Mail International:ORG,USA:LOC,Sverige:LOC"
,
,Martin:PRS
,Jonas:PRS
,
,"Jonas:PRS,Albin:PRS"
,Erik:PRS
,
,
,
,Johan:PRS
,Johan:PRS
,Erik:PRS
,"Johan:PRS,Amir:PRS"
,
TS:ORG,Johan:PRS
,Johan:PRS
,Erik:PRS
,
,
,Jonas:PRS
,
,
,Martin:PRS
,
,Jonas:PRS
Nope:PRS,
,Johan:PRS
,
,Erik:PRS
,Johan:PRS
,"Pressbyrån:ORG,ICA:ORG,Dyson:PRS"
,"Scandic:ORG,Uppsala:LOC,en tisdag:TME,Borlänge:LOC,Volvos:ORG"
,Folkets Kebab:ORG
Medelhavet:LOC,MythBusters:PRS
,Göteborg:LOC
,
,"SF:ORG,Teams:ORG"
"china:PRS,Virgin:PRS,thailand:LOC","Sopranos:PRS,The Office:ORG,Pressbyrån:ORG"
,Kent:PRS
BigBrother:PRS,
,Triumf:PRS
,Max:PRS
,
,
,IKEA:ORG
Fucking brilliant:ORG,Malmö:LOC
,
,"Jämtland:LOC,Göteborg:LOC"
vela:PRS,
,"Ikea:ORG,Älmhult:LOC"
"indien:LOC,sverige:LOC,afrika:LOC",
,"IKEA:ORG,Mio:ORG"
,"Göteborg:LOC,Sannegården:LOC,Linné:PRS,Ocarina of Time:PRS"
,"Sverige:LOC,Scandic:ORG,Rättvik:LOC"
,
,"Ikea:ORG,Billy:PRS"
,"Malmö:LOC,Stockholm:LOC"
USA:LOC,MythBusters:PRS
,
,"IKEA:ORG,Pressbyrån:ORG"
,
,Imovane:PRS
,Movicol:PRS
,"hela tiden:TME,Benzo:PRS"
,"Laxeberal:PRS,Benzo:PRS"
,Benzo:PRS
,Laxeberal:PRS
,
varje fredag:TME,1–2 ggr:MSR
,
varje dag:TME,
,Laxeberal:PRS
"Tors:PRS,Starköl:ORG,Canabis:LOC,Canabis:LOC,Canabis:LOC,Benzo:PRS,imovane:PRS",
,
,
,Benzo:PRS
,Sverige:LOC
,"Sverige:LOC,Socialstyrelsen:ORG"
,Sverige:LOC
,"Sverige:LOC,Sverige:LOC"
,Sverige:LOC
,Sverige:LOC
Kina:LOC,Sverige:LOC
TS:ORG,Sverige:LOC
Sverige:LOC,
sverige:LOC,"Sverige:LOC,Socialstyrelsens:ORG"
,"Sverige:LOC,Sverige:LOC"
,Sverige:LOC
"Sverige:LOC,idag:TME,TS:ORG",Sverige:LOC
"Sverige:LOC,ga:ORG",Brottsbalken:WRK
Sverige:LOC,"Sverige:LOC,Sverige:LOC"
,Sverige:LOC
,"Sverige:LOC,Socialstyrelsens:ORG"
"TS:ORG,TS:ORG","Sverige:LOC,Sverige:LOC"
,"Europakonventionen:WRK,Sverige:LOC"
,Socialstyrelsens:ORG
,Sverige:LOC
,"Sverige:LOC,Socialstyrelsen:ORG"
,Socialstyrelsens:ORG
,"Sverige:LOC,Socialstyrelsens:ORG,Sverige:LOC"
,"Sverige:LOC,v12:LOC,Socialstyrelsens:ORG"
usa:LOC,"Sverige:LOC,Rasbiologiska institutet:ORG,Sverige:LOC"
"BRIS:LOC,Alkisar:PRS,Sverige:LOC,2011:TME,åxå:PRS",
"Nangijala:LOC,Nangilima:LOC",Sverige:LOC
,"Sverige:LOC,Sverige:LOC,Socialstyrelsens:ORG"
Coop:ORG,
,
,"Ica:ORG,Coop:ORG,Mathem:ORG"
,"Ica Maxi:ORG,Coop Forum:ORG"
,"Ica Maxi:ORG,Coop Forum:ORG,Mathem:ORG,Coops:ORG"
,"Coop Forum:ORG,i vintras:TME"
Triumf Glass:WRK,"ICA:ORG,Coop:ORG,på länge:TME"
,"Ica Maxi:ORG,Coop:ORG,Mathem:ORG"
,"ICA:ORG,Coop:ORG"
,"Ica:ORG,Coop:ORG,ÖoB:ORG"
,Mathem:ORG
ica maxi:ORG,"ICA:ORG,Coop:ORG,ÖoB:LOC"
Triumf:PRS,"Ica:ORG,Coop:ORG,Mathem:ORG"
,"SBAB:ORG,SEB:ORG,Swedbank:ORG,KALP:LOC,Blocket:WRK,på 3 år:TME"
,"SBAB:ORG,Swedbank:ORG,Handelsbanken:ORG"
,"SEB:ORG,Swedbank:ORG"
,"SBAB:ORG,Swedbank:ORG,Nordea:ORG"
,"Swedbank:ORG,SEB:ORG,Handelsbanken:ORG"
,"SEB:ORG,Swedbank:ORG,Handelsbanken:ORG"
,"SEB:ORG,Swedbank:ORG,Handelsbanken:ORG"
,"Swedbank:ORG,SEB:ORG,Handelsbanken:ORG"
,"Swedbank:ORG,SEB:ORG,Handelsbanken:ORG"
,"SBAB:ORG,Swedbank:ORG,Handelsbanken:ORG,på tre år:TME"
,"Swedbank:ORG,SEB:ORG,Handelsbanken:ORG,KALP:LOC"
,KD:ORG
,CSN:ORG
,CSN:ORG
SJ:ORG,
,"Moderaterna:ORG,CSN:ORG,L. Liberalernas:PRS,Ulf Kristersson:PRS"
,Moderaterna:ORG
,"KD:ORG,CSN:ORG"
Moderaterna:ORG,"Moderaternas:ORG,KD:ORG,Medborgerlig Samling:ORG,Rosengård:LOC,L:ORG,Nato:ORG,Sverige:LOC"
,"Nato:ORG,Sverige:LOC"
,Moderaterna:ORG
,"Sverige:LOC,CSN:ORG,EU:ORG,Nato:ORG"
,"Moderaterna:ORG,Trafikverket:ORG"
,
,"Moderaterna:ORG,Rosengård:LOC,KD:ORG,CSN:ORG"
,"Buyout:PRS,Norden:LOC,Mick Jagger:PRS,Stockholm:LOC,Keith Richards:PRS"
"JC:ORG,Motörhead:ORG","Stockholm:LOC,Mick:PRS,New York:LOC"
"Rolling Stones:WRK,kring 1990:TME","Mick:PRS,Stockholm:LOC"
,"Mick:PRS,tre gånger:MSR"
Dressman:ORG,"Norden:LOC,Coca Cola:OBJ,Mick Jagger:PRS"
,Mick:PRS
,"Norden:LOC,i månader:TME,Mick:PRS,Stockholm:LOC"
,Mick Jagger:PRS
Rolling Stones:WRK,"Mick:PRS,Drottninggatan:LOC,Norden:LOC,Stockholm:LOC,Keith:PRS,Richards:PRS,Dressmann:PRS"
,"NDAs:ORG,Mick:PRS,Keith:PRS,Ron:PRS"
,"Norden:LOC,Mick:PRS,Stockholm:LOC,Saint Laurent:LOC"
Dressman:PRS,"Dressmanns:PRS,Mick Jagger:PRS,Norden:LOC,Iggy Pop:ORG,Stockholm:LOC"
,"Norden:LOC,Mick Jagger:PRS"
,"Mick:PRS,Norden:LOC,Sverige:LOC,Norge:LOC"
,"Norden:LOC,Stockholm:LOC"
Anders Westgårdh:PRS,"Mick:PRS,Sthlm:LOC,ICA:ORG"
,"Dressmanns:PRS,Sverige:LOC,Norge:LOC,Finland:LOC,Mick Jagger:PRS"
"Urban Outfitters:PRS,Dressman:PRS,Sverige:LOC,Dressman:PRS,Tressman:PRS","labels:ORG,The Rolling Stones:WRK,Mick Jagger:PRS,Stockholm:LOC"
urban:PRS,"Dressmanns:PRS,SEK:ORG,Norden:LOC,Mick Jagger:PRS,Dressmann:PRS,Stockholm:LOC"
Västerlånggatan:LOC,"Norden:LOC,Mick Jagger:PRS,Keith Richards:PRS,Stockholm:LOC"
,"Mick Jagger:PRS,Keith Richards:PRS"
Dressman:PRS,"Dressmanns:PRS,Stockholm:LOC,Mick:PRS,Norge:LOC,Sverige:LOC,Finland:LOC,Microsoft:ORG,Jaguar:ORG"
"Toto:PRS,Toto:PRS","Norden:LOC,Mick Jagger:PRS"
,"Mick Jagger:PRS,Keith Richards:PRS,Ica:ORG,Stockholm:LOC"
Rolling Stones:WRK,"Stockholm:LOC,Norden:LOC,Mick:PRS,Allen:PRS,Nordens:LOC"
