link_id,subreddit,question,body
9lfs5,sweden,"Lumpen. Har ni gjort den? 
Jag tycker att vi måste blåsa lite liv i denna reddit, så jag föreslår genom detta inlägg att vi börjar snacka svenskt skit med varandra.

Gjorde själv inte militärtjänst, var upptagen med andra dumma saker vid den åldern. Dock ångrar jag det väldigt mycket, tror att den hade varit en.. upplevelse kanske. 


Åsikter/erfarnheter?","Jag gjorde inte lumpen, började på universitet istället. Skulle egentligen börja efter en termin studier, men jag skickade ett brev och slapp. Förmodligen ett bra val av många skäl, bland annat eftersom jag stör mig på meningslösa sysslor (enligt mig) och inkompetenta auktoriteter (vilket man antagligen skulle stött på).

Militären är i mina ögon inte till för någon tänkande människa, det är ju därför nästan varje land i världen har åldern satt vid 18 år, de flesta går nog inte med frivilligt efter att ha mognat lite."
9lfs5,sweden,"Lumpen. Har ni gjort den? 
Jag tycker att vi måste blåsa lite liv i denna reddit, så jag föreslår genom detta inlägg att vi börjar snacka svenskt skit med varandra.

Gjorde själv inte militärtjänst, var upptagen med andra dumma saker vid den åldern. Dock ångrar jag det väldigt mycket, tror att den hade varit en.. upplevelse kanske. 


Åsikter/erfarnheter?",Utbildningsreserven* ;)
9lfs5,sweden,"Lumpen. Har ni gjort den? 
Jag tycker att vi måste blåsa lite liv i denna reddit, så jag föreslår genom detta inlägg att vi börjar snacka svenskt skit med varandra.

Gjorde själv inte militärtjänst, var upptagen med andra dumma saker vid den åldern. Dock ångrar jag det väldigt mycket, tror att den hade varit en.. upplevelse kanske. 


Åsikter/erfarnheter?","utbildningsreserven, fick placering som stadsskytteslusk men den enheten las ner. synd, många verkar ha haft kul; [https://www.flashback.info/showthread.php?t=175573](https://www.flashback.info/showthread.php?t=175573) "
9lfs5,sweden,"Lumpen. Har ni gjort den? 
Jag tycker att vi måste blåsa lite liv i denna reddit, så jag föreslår genom detta inlägg att vi börjar snacka svenskt skit med varandra.

Gjorde själv inte militärtjänst, var upptagen med andra dumma saker vid den åldern. Dock ångrar jag det väldigt mycket, tror att den hade varit en.. upplevelse kanske. 


Åsikter/erfarnheter?",Känns ibland som jag är en av de sista som hunnit med tre repövningar utöver originallumpen vid 42 års ålder. Fick dock ett sorgkantat brev från ÖB för ett par år sedan där han beklagade att det inte fanns någon plats för mig längre. Måste erkänna att jag hade görskoj 80% av tjänstgöringen faktiskt.
9lfs5,sweden,"Lumpen. Har ni gjort den? 
Jag tycker att vi måste blåsa lite liv i denna reddit, så jag föreslår genom detta inlägg att vi börjar snacka svenskt skit med varandra.

Gjorde själv inte militärtjänst, var upptagen med andra dumma saker vid den åldern. Dock ångrar jag det väldigt mycket, tror att den hade varit en.. upplevelse kanske. 


Åsikter/erfarnheter?",Samma här.
9lfs5,sweden,"Lumpen. Har ni gjort den? 
Jag tycker att vi måste blåsa lite liv i denna reddit, så jag föreslår genom detta inlägg att vi börjar snacka svenskt skit med varandra.

Gjorde själv inte militärtjänst, var upptagen med andra dumma saker vid den åldern. Dock ångrar jag det väldigt mycket, tror att den hade varit en.. upplevelse kanske. 


Åsikter/erfarnheter?","Jag gjorde inte lumpen, och jag ångrar det inte. Inledningsvis blev jag placerad som civilpliktig i Porjus vattenkraftverk, och det hade säkert varit intressant med tanke på min senare utbildning och mitt nuvarande jobb, men det hade varit 11 långa månader i en liten by i Norrland. Min tjänst drogs in, och jag valde att plugga, resa och jobba det året istället, och känner att den tiden gav mer.

I princip resonerar jag på samma sätt nu som den dagen för snart 12 år sen jag mönstrade.

Bra med lumpen:

* självdisciplin
* utveckla ledaregenskaper
* möte människor med annan bakgrund från resten av landet

Dåligt:

* tar död på kreativitet
* ett år av ditt liv går mer eller mindre till spillo
* tiden är bättre investerad i utbildning eller jobb"
9lfs5,sweden,"Lumpen. Har ni gjort den? 
Jag tycker att vi måste blåsa lite liv i denna reddit, så jag föreslår genom detta inlägg att vi börjar snacka svenskt skit med varandra.

Gjorde själv inte militärtjänst, var upptagen med andra dumma saker vid den åldern. Dock ångrar jag det väldigt mycket, tror att den hade varit en.. upplevelse kanske. 


Åsikter/erfarnheter?",Utbildnings reserven här. En liten del av mig önskar jag hade gjort det men över lag så ångrar jag det inte. Hade annat bättre för mig under den perioden.
9n218,sweden,Snus marknadsförs i USA - kommer det funka den här gången?,"forsokte snusa lite Copenhagen och Camel snus nar jag bodde i Seattle, men det ar verkligen inte samma grej som hemma. Pasarna ar alldeles for stora och, som robeph skriver, sa ar materialet lite off ocksa. Tror for ovrigt inte att konceptet ar sa slaende nar det inte ar en del av kulturen som den ar i Sverige. "
9n218,sweden,Snus marknadsförs i USA - kommer det funka den här gången?,"Sorry for my english,  I only speak german and english.   

Camel snus are not good.  They have a wonderful taste, but the pouch is painful (very rough material) and they over salt the tobacco.   The gums in your mouth become very irritated if you use on the same side more that a couple times.   General is the best;  especially white pouch."
9n218,sweden,Snus marknadsförs i USA - kommer det funka den här gången?,"Sverige framställs så härligt bonnigt:
>Snus is a “lifestyle product” among Swedes, said Rupini Bergstrom, a Swedish Match spokeswoman, in a telephone interview from Stockholm. 'It’s not like the way it is in the U.S., where you have this image of only rednecks using dip or other oral tobacco. If you have bankers sitting in a boardroom here, each will have a snus can on the table.'"
9n218,sweden,Snus marknadsförs i USA - kommer det funka den här gången?,"kommenterade lite med en snubbe om just camel snus, han var inte så förtjust, men varför inte? med alla sluta röka på offentliga platser lagar så."
a2x3j,sweden,"SvD begär ut ACTA-handlingarna och får tillbaka... ja.. vad är det här egentligen?
[deleted]",[deleted]
b4cce,sweden,"Är Sverige mer jämställt? Vad tycker ni?
Som svensk kvinna känner jag mig ofta förvirrad på reddit. Jag känner inte igen mig i de beskrivningar av kvinnor och män som ofta görs här. T.ex. att män skall ta initiativ i dating och relationer. Min erfarenhet är att tjejer tar initiativ lika mycket som killar. Bara ett exempel. I den mån jag känner igen grejer så är det från när man gick i högstadiet typ. Men de flesta på reddit är ju 20+.

Jag menar inte att det är helt skilda världar, men att det är relativt stora nyansskillnader i många fall. Jag undrar vad ni andra svenskar tycker om detta. Känner ni igen er i de könsroller som ofta beskrivs på reddit eller gör ni det inte?",reddit e fran Amerika (jag bor i amerika och orkar inte byta till svenskt alfabet) och tjejer har ar ingenting som svenska tjejer och det gor mig ledsen.
b4cce,sweden,"Är Sverige mer jämställt? Vad tycker ni?
Som svensk kvinna känner jag mig ofta förvirrad på reddit. Jag känner inte igen mig i de beskrivningar av kvinnor och män som ofta görs här. T.ex. att män skall ta initiativ i dating och relationer. Min erfarenhet är att tjejer tar initiativ lika mycket som killar. Bara ett exempel. I den mån jag känner igen grejer så är det från när man gick i högstadiet typ. Men de flesta på reddit är ju 20+.

Jag menar inte att det är helt skilda världar, men att det är relativt stora nyansskillnader i många fall. Jag undrar vad ni andra svenskar tycker om detta. Känner ni igen er i de könsroller som ofta beskrivs på reddit eller gör ni det inte?","As I said, the US is much more diverse culturally than Sweden, so the generalizations are not equivalent."
b4cce,sweden,"Är Sverige mer jämställt? Vad tycker ni?
Som svensk kvinna känner jag mig ofta förvirrad på reddit. Jag känner inte igen mig i de beskrivningar av kvinnor och män som ofta görs här. T.ex. att män skall ta initiativ i dating och relationer. Min erfarenhet är att tjejer tar initiativ lika mycket som killar. Bara ett exempel. I den mån jag känner igen grejer så är det från när man gick i högstadiet typ. Men de flesta på reddit är ju 20+.

Jag menar inte att det är helt skilda världar, men att det är relativt stora nyansskillnader i många fall. Jag undrar vad ni andra svenskar tycker om detta. Känner ni igen er i de könsroller som ofta beskrivs på reddit eller gör ni det inte?",Ehh... jag skoja bara. Egentligen är det en jättebra artikel! ;)
b4cce,sweden,"Är Sverige mer jämställt? Vad tycker ni?
Som svensk kvinna känner jag mig ofta förvirrad på reddit. Jag känner inte igen mig i de beskrivningar av kvinnor och män som ofta görs här. T.ex. att män skall ta initiativ i dating och relationer. Min erfarenhet är att tjejer tar initiativ lika mycket som killar. Bara ett exempel. I den mån jag känner igen grejer så är det från när man gick i högstadiet typ. Men de flesta på reddit är ju 20+.

Jag menar inte att det är helt skilda världar, men att det är relativt stora nyansskillnader i många fall. Jag undrar vad ni andra svenskar tycker om detta. Känner ni igen er i de könsroller som ofta beskrivs på reddit eller gör ni det inte?",Ah! Du bör förbättra wikipediaartikeln.
b4cce,sweden,"Är Sverige mer jämställt? Vad tycker ni?
Som svensk kvinna känner jag mig ofta förvirrad på reddit. Jag känner inte igen mig i de beskrivningar av kvinnor och män som ofta görs här. T.ex. att män skall ta initiativ i dating och relationer. Min erfarenhet är att tjejer tar initiativ lika mycket som killar. Bara ett exempel. I den mån jag känner igen grejer så är det från när man gick i högstadiet typ. Men de flesta på reddit är ju 20+.

Jag menar inte att det är helt skilda världar, men att det är relativt stora nyansskillnader i många fall. Jag undrar vad ni andra svenskar tycker om detta. Känner ni igen er i de könsroller som ofta beskrivs på reddit eller gör ni det inte?","Kollade upp källorna som ges i den engelska och det visade sig att det faktiskt inte finns någon medicinsk kunskap om detta öht. Ena källan är en ensidesartikel som konstaterar att det inte finns någon forskning om detta. Den andra källan består av två insändare som gör sig lustiga på artikelns bekostnad. Diskussionen verkar vara kopplad till onani-tabu, d.v.s. endast män som tror att det är fel att onanera är oförmögna att göra sig av med det obehag som kan uppstå av att haft erektion utan orgasm under en längre tid. Får nog tyvärr konstatera att den engelska artikeln inte är särskilt väl underbyggd. "
b4cce,sweden,"Är Sverige mer jämställt? Vad tycker ni?
Som svensk kvinna känner jag mig ofta förvirrad på reddit. Jag känner inte igen mig i de beskrivningar av kvinnor och män som ofta görs här. T.ex. att män skall ta initiativ i dating och relationer. Min erfarenhet är att tjejer tar initiativ lika mycket som killar. Bara ett exempel. I den mån jag känner igen grejer så är det från när man gick i högstadiet typ. Men de flesta på reddit är ju 20+.

Jag menar inte att det är helt skilda världar, men att det är relativt stora nyansskillnader i många fall. Jag undrar vad ni andra svenskar tycker om detta. Känner ni igen er i de könsroller som ofta beskrivs på reddit eller gör ni det inte?",Hellre instängda än diskriminerande.
b4cce,sweden,"Är Sverige mer jämställt? Vad tycker ni?
Som svensk kvinna känner jag mig ofta förvirrad på reddit. Jag känner inte igen mig i de beskrivningar av kvinnor och män som ofta görs här. T.ex. att män skall ta initiativ i dating och relationer. Min erfarenhet är att tjejer tar initiativ lika mycket som killar. Bara ett exempel. I den mån jag känner igen grejer så är det från när man gick i högstadiet typ. Men de flesta på reddit är ju 20+.

Jag menar inte att det är helt skilda världar, men att det är relativt stora nyansskillnader i många fall. Jag undrar vad ni andra svenskar tycker om detta. Känner ni igen er i de könsroller som ofta beskrivs på reddit eller gör ni det inte?","Nej, inte direkt. Det är inte ett särskilt välkänt exempel, och antalet läkare på svenska wikipedia (som är de som på ett seriöst sätt skulle kunna skapa en artikel) är minimal. Öht. bör du aldrig använda svenska wikipedia, för annat än rent svenska fenomen (som dock ibland beskrivs bättre i engelska wikipeda). Mycket mindre seriöst, sämre källor, mycket mer POV."
b4cce,sweden,"Är Sverige mer jämställt? Vad tycker ni?
Som svensk kvinna känner jag mig ofta förvirrad på reddit. Jag känner inte igen mig i de beskrivningar av kvinnor och män som ofta görs här. T.ex. att män skall ta initiativ i dating och relationer. Min erfarenhet är att tjejer tar initiativ lika mycket som killar. Bara ett exempel. I den mån jag känner igen grejer så är det från när man gick i högstadiet typ. Men de flesta på reddit är ju 20+.

Jag menar inte att det är helt skilda världar, men att det är relativt stora nyansskillnader i många fall. Jag undrar vad ni andra svenskar tycker om detta. Känner ni igen er i de könsroller som ofta beskrivs på reddit eller gör ni det inte?",">As a foreigner that has lived in Sweden for some time I don't think Swedes are as different as they like to think (...) Like in genetics, the differences among groups are much smaller than the differences among individuals, making any generalizations very misleading

And yet here you are, talking about what ""Swedes"" think.
"
b4cce,sweden,"Är Sverige mer jämställt? Vad tycker ni?
Som svensk kvinna känner jag mig ofta förvirrad på reddit. Jag känner inte igen mig i de beskrivningar av kvinnor och män som ofta görs här. T.ex. att män skall ta initiativ i dating och relationer. Min erfarenhet är att tjejer tar initiativ lika mycket som killar. Bara ett exempel. I den mån jag känner igen grejer så är det från när man gick i högstadiet typ. Men de flesta på reddit är ju 20+.

Jag menar inte att det är helt skilda världar, men att det är relativt stora nyansskillnader i många fall. Jag undrar vad ni andra svenskar tycker om detta. Känner ni igen er i de könsroller som ofta beskrivs på reddit eller gör ni det inte?",">And by the way, the cultural diversity in the US is much greater than in Sweden (or perhaps than in the whole of Europe put together). So your generalizations are rather silly.

The only generalization he made was that there are stronger rituals surrounding the dating phenomenon and that gender roles are stronger, both of which are true."
b4cce,sweden,"Är Sverige mer jämställt? Vad tycker ni?
Som svensk kvinna känner jag mig ofta förvirrad på reddit. Jag känner inte igen mig i de beskrivningar av kvinnor och män som ofta görs här. T.ex. att män skall ta initiativ i dating och relationer. Min erfarenhet är att tjejer tar initiativ lika mycket som killar. Bara ett exempel. I den mån jag känner igen grejer så är det från när man gick i högstadiet typ. Men de flesta på reddit är ju 20+.

Jag menar inte att det är helt skilda världar, men att det är relativt stora nyansskillnader i många fall. Jag undrar vad ni andra svenskar tycker om detta. Känner ni igen er i de könsroller som ofta beskrivs på reddit eller gör ni det inte?",vet inte riktigt med det. vi är lite mer instängda vilket knappast kan ses som en utveckling.
b4cce,sweden,"Är Sverige mer jämställt? Vad tycker ni?
Som svensk kvinna känner jag mig ofta förvirrad på reddit. Jag känner inte igen mig i de beskrivningar av kvinnor och män som ofta görs här. T.ex. att män skall ta initiativ i dating och relationer. Min erfarenhet är att tjejer tar initiativ lika mycket som killar. Bara ett exempel. I den mån jag känner igen grejer så är det från när man gick i högstadiet typ. Men de flesta på reddit är ju 20+.

Jag menar inte att det är helt skilda världar, men att det är relativt stora nyansskillnader i många fall. Jag undrar vad ni andra svenskar tycker om detta. Känner ni igen er i de könsroller som ofta beskrivs på reddit eller gör ni det inte?","The rituals and traditions around dating and marriage aren't as strong here. In fact you'll hear girls complaining about how swedish guys are boring for this very reason. In Sweden it is more common for the girl to take the initiative, for both parties to share equally in payment. For weddings to be smaller, more relaxed affairs. There is no expectation that a guy pay three months of their sallary for an engagement ring or any of that silly nonsense. The Jock culture isn't nearly a strong. School sports are all but ignored.

I'm not saying Swedes are perfectly equal in every way. But the differences are huge."
b4cce,sweden,"Är Sverige mer jämställt? Vad tycker ni?
Som svensk kvinna känner jag mig ofta förvirrad på reddit. Jag känner inte igen mig i de beskrivningar av kvinnor och män som ofta görs här. T.ex. att män skall ta initiativ i dating och relationer. Min erfarenhet är att tjejer tar initiativ lika mycket som killar. Bara ett exempel. I den mån jag känner igen grejer så är det från när man gick i högstadiet typ. Men de flesta på reddit är ju 20+.

Jag menar inte att det är helt skilda världar, men att det är relativt stora nyansskillnader i många fall. Jag undrar vad ni andra svenskar tycker om detta. Känner ni igen er i de könsroller som ofta beskrivs på reddit eller gör ni det inte?","> Överväldigande majoritet amerikaner. Den amerikanska kulturen är betydligt mer könsinriktad och har mycket starkare ritualer kring dejting etc.

And Swedes are different? How?

And by the way, the cultural diversity in the US is *much* greater than in Sweden (or perhaps than in the whole of Europe put together). So your generalizations are rather silly."
b4cce,sweden,"Är Sverige mer jämställt? Vad tycker ni?
Som svensk kvinna känner jag mig ofta förvirrad på reddit. Jag känner inte igen mig i de beskrivningar av kvinnor och män som ofta görs här. T.ex. att män skall ta initiativ i dating och relationer. Min erfarenhet är att tjejer tar initiativ lika mycket som killar. Bara ett exempel. I den mån jag känner igen grejer så är det från när man gick i högstadiet typ. Men de flesta på reddit är ju 20+.

Jag menar inte att det är helt skilda världar, men att det är relativt stora nyansskillnader i många fall. Jag undrar vad ni andra svenskar tycker om detta. Känner ni igen er i de könsroller som ofta beskrivs på reddit eller gör ni det inte?","As a foreigner that has lived in Sweden for some time I don't think Swedes are as different as they like to think.

And the rest of the world is not as typical and simplistic as most assume either.

But what do I know, 'gender roles' always made no sense to me. Like in genetics, the differences among groups are much smaller than the differences among individuals, making any generalizations very misleading (although often unavoidable)."
b4cce,sweden,"Är Sverige mer jämställt? Vad tycker ni?
Som svensk kvinna känner jag mig ofta förvirrad på reddit. Jag känner inte igen mig i de beskrivningar av kvinnor och män som ofta görs här. T.ex. att män skall ta initiativ i dating och relationer. Min erfarenhet är att tjejer tar initiativ lika mycket som killar. Bara ett exempel. I den mån jag känner igen grejer så är det från när man gick i högstadiet typ. Men de flesta på reddit är ju 20+.

Jag menar inte att det är helt skilda världar, men att det är relativt stora nyansskillnader i många fall. Jag undrar vad ni andra svenskar tycker om detta. Känner ni igen er i de könsroller som ofta beskrivs på reddit eller gör ni det inte?",USA ligger snarare efter i allt socialt.
b4cce,sweden,"Är Sverige mer jämställt? Vad tycker ni?
Som svensk kvinna känner jag mig ofta förvirrad på reddit. Jag känner inte igen mig i de beskrivningar av kvinnor och män som ofta görs här. T.ex. att män skall ta initiativ i dating och relationer. Min erfarenhet är att tjejer tar initiativ lika mycket som killar. Bara ett exempel. I den mån jag känner igen grejer så är det från när man gick i högstadiet typ. Men de flesta på reddit är ju 20+.

Jag menar inte att det är helt skilda världar, men att det är relativt stora nyansskillnader i många fall. Jag undrar vad ni andra svenskar tycker om detta. Känner ni igen er i de könsroller som ofta beskrivs på reddit eller gör ni det inte?","En utmärkt beskrivning av det amerikanska samhället. Sverige är precis likadant, men inte riktigt lika mycket.

Fast jag vet inte riktigt om jag kan hålla med om att alla på reddit är sådana: de främsta utövarna av trams såsom ""PUA-tekniker"" (underbart ord... hah) är om något de klassiska sportutövarna som inte kommit hela vägen. ""Töntar"" snarare än ""geeks""."
b4cce,sweden,"Är Sverige mer jämställt? Vad tycker ni?
Som svensk kvinna känner jag mig ofta förvirrad på reddit. Jag känner inte igen mig i de beskrivningar av kvinnor och män som ofta görs här. T.ex. att män skall ta initiativ i dating och relationer. Min erfarenhet är att tjejer tar initiativ lika mycket som killar. Bara ett exempel. I den mån jag känner igen grejer så är det från när man gick i högstadiet typ. Men de flesta på reddit är ju 20+.

Jag menar inte att det är helt skilda världar, men att det är relativt stora nyansskillnader i många fall. Jag undrar vad ni andra svenskar tycker om detta. Känner ni igen er i de könsroller som ofta beskrivs på reddit eller gör ni det inte?",Obehagskänsla vid utebliven orgasm existerar. Men dels så låter blue balls väldigt dramatiskt och dels kan man ju som du säger åtgärda på egen hand. Det är lite lustigt att den här sidan inte finns på svenska wikipedia?
b4cce,sweden,"Är Sverige mer jämställt? Vad tycker ni?
Som svensk kvinna känner jag mig ofta förvirrad på reddit. Jag känner inte igen mig i de beskrivningar av kvinnor och män som ofta görs här. T.ex. att män skall ta initiativ i dating och relationer. Min erfarenhet är att tjejer tar initiativ lika mycket som killar. Bara ett exempel. I den mån jag känner igen grejer så är det från när man gick i högstadiet typ. Men de flesta på reddit är ju 20+.

Jag menar inte att det är helt skilda världar, men att det är relativt stora nyansskillnader i många fall. Jag undrar vad ni andra svenskar tycker om detta. Känner ni igen er i de könsroller som ofta beskrivs på reddit eller gör ni det inte?","Just snacket om blue balls är iofs. fullständigt förståbart, [då det är ett fenomen som existerar](http://en.wikipedia.org/wiki/Blue_balls). Med det inte sagt att det inte går att ta hand om problemet på egen *hand*, utan att något sex behövs.

Motsvarande sak finns även hos kvinnor, fast den är mindre väldokumenterad. Fast frågan är om det är för att kvinnors sexuella problem nämns mycket mer sällan, eller om det verkligen är mindre vanligt.


När det gäller att ""manipulera tjejerna"" så handlar det snarare om att ""manipulera tillbaka"" snarare än att manipulera ovetande människor. Att personerna som kör hårt på ""PUA-tekniker"" sedan får en stor backlash då kvinnorna själva har läst om samma ""tekniker"". Det hela påminner lite om [laddertheory](http://www.laddertheory.com), totalt obevisad och ganska töntig, men populär hos vissa (med betoning på vissa) män. Att försöka generalisera män baserat på dessa känns dumt: lika dumt som att generalisera kvinnor (vilket iofs. är det ""att ligga"" handlar om: att hitta metoden som i genomsnitt fungerar bäst för att snabbt få någon i säng)."
b4cce,sweden,"Är Sverige mer jämställt? Vad tycker ni?
Som svensk kvinna känner jag mig ofta förvirrad på reddit. Jag känner inte igen mig i de beskrivningar av kvinnor och män som ofta görs här. T.ex. att män skall ta initiativ i dating och relationer. Min erfarenhet är att tjejer tar initiativ lika mycket som killar. Bara ett exempel. I den mån jag känner igen grejer så är det från när man gick i högstadiet typ. Men de flesta på reddit är ju 20+.

Jag menar inte att det är helt skilda världar, men att det är relativt stora nyansskillnader i många fall. Jag undrar vad ni andra svenskar tycker om detta. Känner ni igen er i de könsroller som ofta beskrivs på reddit eller gör ni det inte?","Jag tror framförallt att teknik-sport grejen spelar roll. Det amerikanska samhället är väldigt framgångsorienterat och sport är ett bra sätt för de mindre intellektuella att framställa lite snabb, påtaglig framgång. Det finns även en viss stolthet över deras högstående teknologi men de framgångarna är mindre synliga så de som står för dem får inte samma omedelbara uppmärksamhet. Vi har det problemet också i Sverige men inte alls på samma nivå. Här är det mer ""Idol-syndromet"". Alla vill bli stjärnor och synas på TV eftersom det är det vi har lärt oss att förknippa med framgång. 

Det verkliga problemet uppstår eftersom samhället har svårt att belöna de framgångsrika inom teknologi. Alla vet att när en fotbollsspelare lägger tredje målet i och avgör VM finalen så är han en otroligt skicklig och framgångsrik spelare. Spelaren får genast bekräftelsen och feedbacken för sina resultat. Detta bygger dennes självförtroende och gör att han/hon har lättare i andra sammanhang i livet. Sponsorkontrakt och spelarlöner på Millioner kronor skadar inte direkt heller.
Det behöver inte heller vara elitspelare. Den som är något bättre på sport än sin omedelbara omgivning ätnjuter en del av samma effekt. (Dock inte mångmiljonlönen)

Vad har den som skapar teknologin vi använder varje dag att se fram emot? En något över medel månadslön och en omvärld som är fullständigt ointresserad och ibland direkt fientlig. Han/hon får stå ut med att framställas som socialt handikappad och/eller tråkig i medier. Det finns en antydan om att programmering, elektronik konstuktion etc. inte är ""Riktiga"" talanger och att vem som hellst hade kunnat göra det. 

Tänk då att många av de som vistas här befinner sig i grupp nr2 i denna beskrivning. Många av dessa är fortfarande i gymnasie/högskole ålder. De befinner sig i en omgivning som är stundvis väldigt ytlig och omogen. Tjejerna/killarna de är intresserade av dras till ""alfahannen"" dvs den som är bäst på sport eller liknande. Själva finner de att de inte har någon plats ibland allt detta. En del blir bittra och drar sig undan (och skyller då ofta på dumhet/otillräcklighet hos det motsatta könet) medan andra försöker hitta systemet bakom varför ""alfahannen"" får så mycket uppmärksamhet så att de kan använda det själva. Om man då samlar alla dessa människor på samma ställe och låter dem börja prata om detta så kommer mycket konstigt att komma till ytan."
b4cce,sweden,"Är Sverige mer jämställt? Vad tycker ni?
Som svensk kvinna känner jag mig ofta förvirrad på reddit. Jag känner inte igen mig i de beskrivningar av kvinnor och män som ofta görs här. T.ex. att män skall ta initiativ i dating och relationer. Min erfarenhet är att tjejer tar initiativ lika mycket som killar. Bara ett exempel. I den mån jag känner igen grejer så är det från när man gick i högstadiet typ. Men de flesta på reddit är ju 20+.

Jag menar inte att det är helt skilda världar, men att det är relativt stora nyansskillnader i många fall. Jag undrar vad ni andra svenskar tycker om detta. Känner ni igen er i de könsroller som ofta beskrivs på reddit eller gör ni det inte?",">Mitt tillägg är bara att jag tycker subredditen relationship_advice känns ett sällsynt dåligt ställe om man är ute efter råd om relationer...

Haha japp. Händer helt vansinniga grejer där inne. Senast var det nån kille som var troende och undrade om han skulle spara på oskulden eller inte. Alla bara svarade ""Religion är skit! Du är hjärntvättad! Du har redan förlorat oskulden din idiot!"" o.s.v. Jag skulle nog snarare kalla det uppläxning än rådgivning."
b4cce,sweden,"Är Sverige mer jämställt? Vad tycker ni?
Som svensk kvinna känner jag mig ofta förvirrad på reddit. Jag känner inte igen mig i de beskrivningar av kvinnor och män som ofta görs här. T.ex. att män skall ta initiativ i dating och relationer. Min erfarenhet är att tjejer tar initiativ lika mycket som killar. Bara ett exempel. I den mån jag känner igen grejer så är det från när man gick i högstadiet typ. Men de flesta på reddit är ju 20+.

Jag menar inte att det är helt skilda världar, men att det är relativt stora nyansskillnader i många fall. Jag undrar vad ni andra svenskar tycker om detta. Känner ni igen er i de könsroller som ofta beskrivs på reddit eller gör ni det inte?","Jag håller med samtliga om att Sverige definitivt är mycket mer jämställt (cheerleader - fotbollsspelare är ett riktigt bra exempel), utan att det betyder att det är helt jämställt. Att hela dating-grejen är väldigt ritualiserat där dessutom definitivt sant.

Mitt tillägg är bara att jag tycker subredditen relationship_advice känns ett sällsynt dåligt ställe om man är ute efter råd om relationer..."
b4cce,sweden,"Är Sverige mer jämställt? Vad tycker ni?
Som svensk kvinna känner jag mig ofta förvirrad på reddit. Jag känner inte igen mig i de beskrivningar av kvinnor och män som ofta görs här. T.ex. att män skall ta initiativ i dating och relationer. Min erfarenhet är att tjejer tar initiativ lika mycket som killar. Bara ett exempel. I den mån jag känner igen grejer så är det från när man gick i högstadiet typ. Men de flesta på reddit är ju 20+.

Jag menar inte att det är helt skilda världar, men att det är relativt stora nyansskillnader i många fall. Jag undrar vad ni andra svenskar tycker om detta. Känner ni igen er i de könsroller som ofta beskrivs på reddit eller gör ni det inte?","Jo det är ju inte bara amerikaner utan en lite speciell grupp amerikaner. Du har nog också rätt i att det blir överdrifter. Verkar vara en hel del försök att impa på andra med de grövsta skämten odyl.

Intressant poäng ni tar upp med sport- kontra teknikkultur. Det har jag inte tänkt på tidigare men det ligger nog en hel del i det."
b4cce,sweden,"Är Sverige mer jämställt? Vad tycker ni?
Som svensk kvinna känner jag mig ofta förvirrad på reddit. Jag känner inte igen mig i de beskrivningar av kvinnor och män som ofta görs här. T.ex. att män skall ta initiativ i dating och relationer. Min erfarenhet är att tjejer tar initiativ lika mycket som killar. Bara ett exempel. I den mån jag känner igen grejer så är det från när man gick i högstadiet typ. Men de flesta på reddit är ju 20+.

Jag menar inte att det är helt skilda världar, men att det är relativt stora nyansskillnader i många fall. Jag undrar vad ni andra svenskar tycker om detta. Känner ni igen er i de könsroller som ofta beskrivs på reddit eller gör ni det inte?",Engelskan gör sig påmind ibland.
b4cce,sweden,"Är Sverige mer jämställt? Vad tycker ni?
Som svensk kvinna känner jag mig ofta förvirrad på reddit. Jag känner inte igen mig i de beskrivningar av kvinnor och män som ofta görs här. T.ex. att män skall ta initiativ i dating och relationer. Min erfarenhet är att tjejer tar initiativ lika mycket som killar. Bara ett exempel. I den mån jag känner igen grejer så är det från när man gick i högstadiet typ. Men de flesta på reddit är ju 20+.

Jag menar inte att det är helt skilda världar, men att det är relativt stora nyansskillnader i många fall. Jag undrar vad ni andra svenskar tycker om detta. Känner ni igen er i de könsroller som ofta beskrivs på reddit eller gör ni det inte?",Jag vill inte verka dryg men överväg att göra något åt ditt särskrivande ;)
b4cce,sweden,"Är Sverige mer jämställt? Vad tycker ni?
Som svensk kvinna känner jag mig ofta förvirrad på reddit. Jag känner inte igen mig i de beskrivningar av kvinnor och män som ofta görs här. T.ex. att män skall ta initiativ i dating och relationer. Min erfarenhet är att tjejer tar initiativ lika mycket som killar. Bara ett exempel. I den mån jag känner igen grejer så är det från när man gick i högstadiet typ. Men de flesta på reddit är ju 20+.

Jag menar inte att det är helt skilda världar, men att det är relativt stora nyansskillnader i många fall. Jag undrar vad ni andra svenskar tycker om detta. Känner ni igen er i de könsroller som ofta beskrivs på reddit eller gör ni det inte?","Som svensk kille så tror jag det finns två huvudanledningar till att diskussionen ofta blir som den blir på reddit.

1) Överväldigande majoritet amerikaner. Den amerikanska kulturen är betydligt mer könsinriktad och har mycket starkare ritualer kring dejting etc.

2) Överväldigande majoritet teknikintresserade killar.

Kombinera dessa två så har du en massa bittra amerikanska killar som blir undanskuffade i den amerikanska fotbollsspelar- och cheerleader-kulturen. Här hittar de andra med liknande erfarenheter och kan ventilera sin frustration. Ekokammareffekten gör att de kanske går längre i vad de säger än de normal skulle göra. 

EDIT: Särskrivning"
b4cce,sweden,"Är Sverige mer jämställt? Vad tycker ni?
Som svensk kvinna känner jag mig ofta förvirrad på reddit. Jag känner inte igen mig i de beskrivningar av kvinnor och män som ofta görs här. T.ex. att män skall ta initiativ i dating och relationer. Min erfarenhet är att tjejer tar initiativ lika mycket som killar. Bara ett exempel. I den mån jag känner igen grejer så är det från när man gick i högstadiet typ. Men de flesta på reddit är ju 20+.

Jag menar inte att det är helt skilda världar, men att det är relativt stora nyansskillnader i många fall. Jag undrar vad ni andra svenskar tycker om detta. Känner ni igen er i de könsroller som ofta beskrivs på reddit eller gör ni det inte?","Precis, verkar som det!"
cnl4a,sweden,"Kan någon rekommendera någon bra svensk musik sjungs på svenska?
[deleted]",Nikola Sarcevic
cnl4a,sweden,"Kan någon rekommendera någon bra svensk musik sjungs på svenska?
[deleted]",It's funny how I can tell the Swedes from the Americans based on whose svensk kan jag forstår.
cnl4a,sweden,"Kan någon rekommendera någon bra svensk musik sjungs på svenska?
[deleted]","If you like maskinen, you probably like Snook. Maskinen is a co-operation between the rap group Snook and electro group Slagsmålsklubben. And you should try Oskar Linnros aswell, one of the singers/rappers in Snook,  and who recently released a solo album which is a best seller here in Sweden atm."
cnl4a,sweden,"Kan någon rekommendera någon bra svensk musik sjungs på svenska?
[deleted]",i read it wrong. my bad!
cnl4a,sweden,"Kan någon rekommendera någon bra svensk musik sjungs på svenska?
[deleted]",[deleted]
cnl4a,sweden,"Kan någon rekommendera någon bra svensk musik sjungs på svenska?
[deleted]","Im not a yank tho, just helped with the translations!"
cnl4a,sweden,"Kan någon rekommendera någon bra svensk musik sjungs på svenska?
[deleted]","Never thought about that part with de/they, that's an interesting contrast that I'll remember for future student difficulties. Another tip for swedes who have a hard time is using the forms vi/oss instead of de/dem. People seem to easily make this error:

* ""Dem borde lära sig svenska""

But one would never dream of making the same placement error with vi/oss, which would create:

* ""Oss åkte till vårt sommarhus på kusten""
* ""De kom och hälsade på vi""

So... yeah. Also, check out my recommendation; bob hund. Great music, great lyrics."
cnl4a,sweden,"Kan någon rekommendera någon bra svensk musik sjungs på svenska?
[deleted]","Ha! That's ironic. Lyssnar was a typo, but åt was a mistake. I thought åt was just the past tense of äta and not anything else, so thank you for pointing that out, lest I become terribly confused when encountering 'åt dig'!

As for de/dem, dem sounds a lot like them, which is its English equivalent, so I really have no trouble placing it. De's equivalent is 'they', which I imagine used to sound similar in times past. (Conjecture, but it seems like de/they dem/them both came from different devolutions of an initial þ sound, which tended to get changed to th in English and to d in Swedish)"
cnl4a,sweden,"Kan någon rekommendera någon bra svensk musik sjungs på svenska?
[deleted]","I think we yanks are taking over this thread

Kent, Bob Hund, Lisa Ekdahl, Veronica Maggio, Sibiria, [ingenting], Florence Valentin, Dungen. Garmarna, Sakert!, Håkan Hellström, Jessica Folcker, Peter Jöback, Lasse Lindh, Lisa Nilsson, Monica Zetterlund, Rebecka Törnqvist, Eldkvarn, Movits!, Carolina Wallin Pérez"
cnl4a,sweden,"Kan någon rekommendera någon bra svensk musik sjungs på svenska?
[deleted]",man there are a lot of us yanks in this thread
cnl4a,sweden,"Kan någon rekommendera någon bra svensk musik sjungs på svenska?
[deleted]","Florence Valentin och Movits, sjukt bra!"
cnl4a,sweden,"Kan någon rekommendera någon bra svensk musik sjungs på svenska?
[deleted]",Mattias Alkberg
cnl4a,sweden,"Kan någon rekommendera någon bra svensk musik sjungs på svenska?
[deleted]","Thåström, Ebba Grön, Tommy körberg. Finns massor :)"
cnl4a,sweden,"Kan någon rekommendera någon bra svensk musik sjungs på svenska?
[deleted]",[Oskar Linnros](http://www.youtube.com/watch?v=Lx2l87L98YY&feature=PlayList&p=A22F4B7FFC2B5E20&playnext_from=PL&index=0) gav ut sitt första soloalbum nyligen. Tycker den är rätt bra
cnl4a,sweden,"Kan någon rekommendera någon bra svensk musik sjungs på svenska?
[deleted]",[deleted]
cnl4a,sweden,"Kan någon rekommendera någon bra svensk musik sjungs på svenska?
[deleted]","Ebba Grön,
Eldkvarn,
Bob Hund,
Promoe,
Philemon Arthur and the Dung!"
cnl4a,sweden,"Kan någon rekommendera någon bra svensk musik sjungs på svenska?
[deleted]","bob hund. Beautiful and profound lyrics, however one might jokingly say that they are not swedish since they are from Skåne ;)"
cnl4a,sweden,"Kan någon rekommendera någon bra svensk musik sjungs på svenska?
[deleted]","Svensklärare här, dina korrigeringar är fortfarande inte helt rätt :)

>Jag är amerikansk och jag lyssna__r__ på svenska låtar för att lära mig nya ord också

Present tense form of the verb ""lyssna"" since you're indicating a habit, like ""Jag läser böcker för att lära mig svenska""

>Jag korrigerade din svenska __åt__ dig

""åt dig"" means ""on your behalf"", for example, ""Jag målade tavlan åt dig"". However, note that this means that you painted the picture _for_ him, only in the way that _he_ should have actually done it. If you say ""Jag målade tavlan (för att ge den) till dig"" it means you painted the picture for him, with the purpose of giving it to him.

Also, I'm impressed you managed to use the objective form ""dem"" correctly, most native swedes mix de/dem up. One easy way that almost all native speakers use is to use the ""slang"" form _dom_ for both subject and object.

""Dom kommer snart"" / ""Vi åker hem till dom"""
cnl4a,sweden,"Kan någon rekommendera någon bra svensk musik sjungs på svenska?
[deleted]","Jag är amerikansk och jag lyssna_r_ på svenska låtar

nån mer som jag inte kommer ihåg

Ursäkta min svenska, den är inte så bra"
cnl4a,sweden,"Kan någon rekommendera någon bra svensk musik sjungs på svenska?
[deleted]",[Freddie Wadling - En Irländsk Ballad](http://www.youtube.com/watch?v=qcfpJ30yV9g)
cnl4a,sweden,"Kan någon rekommendera någon bra svensk musik sjungs på svenska?
[deleted]",Cornelis Vreeswijk!
cnl4a,sweden,"Kan någon rekommendera någon bra svensk musik sjungs på svenska?
[deleted]","Kul sätt att lära sig :)

En liten notis, ""som sjungs på"" låter lite bättre.

Många bra tips har redan blivit nämnda, om du inte har något emot lite rap skulle jag rekommendera Snook, Afasi & Filthy och Mobbade barn med automatvapen. Även om du är Amerikan kanske det blir lite töntigt ;)

Veronica Maggio, Hoola Bandoola Band och Markus Krunegård. Lite brokig blanding men hoppas något passar."
cnl4a,sweden,"Kan någon rekommendera någon bra svensk musik sjungs på svenska?
[deleted]","Det här var ju faktiskt svårare än man kunde tro, men jag kan väl tipsa om Jakob Hellman, Florence Valentin, Parker Lewis, Movits... De jag kommer på sådär på rak arm som har ungefär samma stil som de du listat."
cnl4a,sweden,"Kan någon rekommendera någon bra svensk musik sjungs på svenska?
[deleted]",[deleted]
cnl4a,sweden,"Kan någon rekommendera någon bra svensk musik sjungs på svenska?
[deleted]","Parken, Anna Järvinen, Familjen (sjunger på skånska så det kan vara svårt att förstå, men det är sjukt bra elektro)... sorry jag är rätt tom i huvudet nu och kommer inte på mer, men jag skriver igen här i eftermiddag. Om man vill höra ny svensk musik och radio kan man gå in och lyssna på http://www.sr.se/p3 som är en bra radiostation."
cns6g,sweden,"Har Ikea har dålig kundservice i Sverige också? Eller bara i Amerika. 
Mycket dålig erfarenhet. Hemskt kundservice.
*sigh*",Tack för det!
cns6g,sweden,"Har Ikea har dålig kundservice i Sverige också? Eller bara i Amerika. 
Mycket dålig erfarenhet. Hemskt kundservice.
*sigh*","Nej, nej, det är lugnt, man måste våga skriva och prata för att kunna lära sig!"
cns6g,sweden,"Har Ikea har dålig kundservice i Sverige också? Eller bara i Amerika. 
Mycket dålig erfarenhet. Hemskt kundservice.
*sigh*","Ledsen för det! Jag är lärande Svenska. Jag är inte mycket bra ännu. ;) ;)

Ja, du har historien korrekt. :D"
cns6g,sweden,"Har Ikea har dålig kundservice i Sverige också? Eller bara i Amerika. 
Mycket dålig erfarenhet. Hemskt kundservice.
*sigh*","Ajdå, där hade ni otur. Jag tänker inte försvara Ikea det minsta men ditt språk är lite förvirrande. Är det ok om jag korrigerar lite?

""Den största delen till vår soffa var defekt. De ville inte skicka en ny del, utan vi fick köra långt. Vi reklamerade (""return""?) soffan istället. Personalen var mycket oförskämd och ville inte hjälpa oss."" Har jag förstått dig rätt? :)"
cns6g,sweden,"Har Ikea har dålig kundservice i Sverige också? Eller bara i Amerika. 
Mycket dålig erfarenhet. Hemskt kundservice.
*sigh*",Det är bra!
cns6g,sweden,"Har Ikea har dålig kundservice i Sverige också? Eller bara i Amerika. 
Mycket dålig erfarenhet. Hemskt kundservice.
*sigh*","Vår soffa var defekta. Den största bit av soffan. De skulle inte posta bit. De gjorde oss kör särskilt långt. Vi återvände det. Folket var mycket oförskämd och inte hjälpa oss.

"
cns6g,sweden,"Har Ikea har dålig kundservice i Sverige också? Eller bara i Amerika. 
Mycket dålig erfarenhet. Hemskt kundservice.
*sigh*",Har inte haft behövt använda kundservice så mycket men jag har iallafall inte märkt nån större skillnad mellan IKEA i sverige och i tyskland. Vad har du råkat ut för?
cns6g,sweden,"Har Ikea har dålig kundservice i Sverige också? Eller bara i Amerika. 
Mycket dålig erfarenhet. Hemskt kundservice.
*sigh*","Jag har upplevt den som någorlunda bra. Varken extremt bra eller dålig, men sen så har jag sällan haft problem med Ikeas produkter."
cryrl,sweden,"Bokhandlar i Göteborg?
Kan någon rekommendera en bra bokhandeln i Göteborg med läsvänlig atmosfär? Letar efter någonstans att spendera några timmar i helgen över en kopp kaffe, utan att vara bråttom att köpa (liksom  Barnes & Noble, kanske) ...","Det må heta ""boklådor"" men 99% av befolkningen säger nog bokhandlar/e"
cryrl,sweden,"Bokhandlar i Göteborg?
Kan någon rekommendera en bra bokhandeln i Göteborg med läsvänlig atmosfär? Letar efter någonstans att spendera några timmar i helgen över en kopp kaffe, utan att vara bråttom att köpa (liksom  Barnes & Noble, kanske) ...",Rimligtvis står väl inte pluralformer av substantiv med i en ordlista... ?
cryrl,sweden,"Bokhandlar i Göteborg?
Kan någon rekommendera en bra bokhandeln i Göteborg med läsvänlig atmosfär? Letar efter någonstans att spendera några timmar i helgen över en kopp kaffe, utan att vara bråttom att köpa (liksom  Barnes & Noble, kanske) ...",[deleted]
cryrl,sweden,"Bokhandlar i Göteborg?
Kan någon rekommendera en bra bokhandeln i Göteborg med läsvänlig atmosfär? Letar efter någonstans att spendera några timmar i helgen över en kopp kaffe, utan att vara bråttom att köpa (liksom  Barnes & Noble, kanske) ...",I have a small metallic case for my cards. I rarely carry cash and when I do it goes straight into the pocket. Wallets are way to bulky to easily carry around in a front pocket. This way a pickpocket cant really tell where the money is and cant really get to it.
cryrl,sweden,"Bokhandlar i Göteborg?
Kan någon rekommendera en bra bokhandeln i Göteborg med läsvänlig atmosfär? Letar efter någonstans att spendera några timmar i helgen över en kopp kaffe, utan att vara bråttom att köpa (liksom  Barnes & Noble, kanske) ...","Oh, you don't use a wallet? Don't think I've even ran into someone who doesn't use a wallet.

How do you carry money, ATM cards, driver's license etc around then?"
cryrl,sweden,"Bokhandlar i Göteborg?
Kan någon rekommendera en bra bokhandeln i Göteborg med läsvänlig atmosfär? Letar efter någonstans att spendera några timmar i helgen över en kopp kaffe, utan att vara bråttom att köpa (liksom  Barnes & Noble, kanske) ...",Well peronally I don't use one so I never say it. But I see your point.
cryrl,sweden,"Bokhandlar i Göteborg?
Kan någon rekommendera en bra bokhandeln i Göteborg med läsvänlig atmosfär? Letar efter någonstans att spendera några timmar i helgen över en kopp kaffe, utan att vara bråttom att köpa (liksom  Barnes & Noble, kanske) ...","Hmm, I don't know about that. SAOB doesn't say much about the etymology of ehuru, but it says there's also ""ehurusom"" from where you can quite easily derrive ""eftersom"". Especially considering how close h/f are (ehurusom -> efurusom -> efursom...).

I'm by no means a linguist but this'd seem probable to me."
cryrl,sweden,"Bokhandlar i Göteborg?
Kan någon rekommendera en bra bokhandeln i Göteborg med läsvänlig atmosfär? Letar efter någonstans att spendera några timmar i helgen över en kopp kaffe, utan att vara bråttom att köpa (liksom  Barnes & Noble, kanske) ...","What do you think of the word ""plånbok"" then? ;)

Keeping old words like that adds a historical charm to the language which one should take great care of. :-)"
cryrl,sweden,"Bokhandlar i Göteborg?
Kan någon rekommendera en bra bokhandeln i Göteborg med läsvänlig atmosfär? Letar efter någonstans att spendera några timmar i helgen över en kopp kaffe, utan att vara bråttom att köpa (liksom  Barnes & Noble, kanske) ...","Det finns tydligen en sån i Götet också, så det är ju ett alternativ. Men Pocket med mera lät ju bättre..
http://www.waynescoffee.se/Waynescaféer/Svenskacaféer/AllasvenskaadresserpåWaynesCoffee/Göteborg/tabid/359/language/sv-SE/Default.aspx"
cryrl,sweden,"Bokhandlar i Göteborg?
Kan någon rekommendera en bra bokhandeln i Göteborg med läsvänlig atmosfär? Letar efter någonstans att spendera några timmar i helgen över en kopp kaffe, utan att vara bråttom att köpa (liksom  Barnes & Noble, kanske) ...","Nä, de är ju inte riktigt ""mysiga"" ... "
cryrl,sweden,"Bokhandlar i Göteborg?
Kan någon rekommendera en bra bokhandeln i Göteborg med läsvänlig atmosfär? Letar efter någonstans att spendera några timmar i helgen över en kopp kaffe, utan att vara bråttom att köpa (liksom  Barnes & Noble, kanske) ...","Båda uttrycken är väl accepterade numera, men att boklådor inte skulle vara ett aktuellt uttryck kan jag verkligen inte hålla med om. Jämför till exempel antalet sökresultat på Google. Boklådor vs bokhandlar eller bokhandlare.

Vi skulle kunna skicka en fråga till Språket på P1, de gillar att reda ut sånt här."
cryrl,sweden,"Bokhandlar i Göteborg?
Kan någon rekommendera en bra bokhandeln i Göteborg med läsvänlig atmosfär? Letar efter någonstans att spendera några timmar i helgen över en kopp kaffe, utan att vara bråttom att köpa (liksom  Barnes & Noble, kanske) ...",Tillräckligt sant för att spela roll. Jag har aldrig hört begreppet förr och har en väldigt bred grupp av människor jag umgås med i alla åldrar.
cryrl,sweden,"Bokhandlar i Göteborg?
Kan någon rekommendera en bra bokhandeln i Göteborg med läsvänlig atmosfär? Letar efter någonstans att spendera några timmar i helgen över en kopp kaffe, utan att vara bråttom att köpa (liksom  Barnes & Noble, kanske) ...",well the word låda means box so the word boklådor would be translated book boxes. While I can still see the connection this is one of those words where I can see why it fell out of use.
cryrl,sweden,"Bokhandlar i Göteborg?
Kan någon rekommendera en bra bokhandeln i Göteborg med läsvänlig atmosfär? Letar efter någonstans att spendera några timmar i helgen över en kopp kaffe, utan att vara bråttom att köpa (liksom  Barnes & Noble, kanske) ...","Jag tänkte att besöka det snart, men tack ändå!"
cryrl,sweden,"Bokhandlar i Göteborg?
Kan någon rekommendera en bra bokhandeln i Göteborg med läsvänlig atmosfär? Letar efter någonstans att spendera några timmar i helgen över en kopp kaffe, utan att vara bråttom att köpa (liksom  Barnes & Noble, kanske) ...",Jo det förstås. När jag tänker efter har ju Akademibokhandeln en Waynes även här i Malmö (Södra Tullgatan)... Känns inte direkt som om jag hade velat sitta där i några timmar och bläddra i böcker dock.
cryrl,sweden,"Bokhandlar i Göteborg?
Kan någon rekommendera en bra bokhandeln i Göteborg med läsvänlig atmosfär? Letar efter någonstans att spendera några timmar i helgen över en kopp kaffe, utan att vara bråttom att köpa (liksom  Barnes & Noble, kanske) ...",Det låter bra! Visst blir den första platsen att besöka. Tack!
cryrl,sweden,"Bokhandlar i Göteborg?
Kan någon rekommendera en bra bokhandeln i Göteborg med läsvänlig atmosfär? Letar efter någonstans att spendera några timmar i helgen över en kopp kaffe, utan att vara bråttom att köpa (liksom  Barnes & Noble, kanske) ...","Mjo, Akademibokhandeln på Mäster Samuelsgatan i Stockholm känns rätt amerikansk, Wayne's Coffee ligger i affären som för övrigt är jävligt stor. Tror att det är skandinaviens största bokhandel...
  
  
 
EDIT: http://www.akademibokhandeln.se/butiker/Stockholm/Master-Samuelsgatan/ "
cryrl,sweden,"Bokhandlar i Göteborg?
Kan någon rekommendera en bra bokhandeln i Göteborg med läsvänlig atmosfär? Letar efter någonstans att spendera några timmar i helgen över en kopp kaffe, utan att vara bråttom att köpa (liksom  Barnes & Noble, kanske) ...",http://www.pocketmedmera.se/ är ett bra och trevligt ställe. Och det heter bokkafé ; -)
cryrl,sweden,"Bokhandlar i Göteborg?
Kan någon rekommendera en bra bokhandeln i Göteborg med läsvänlig atmosfär? Letar efter någonstans att spendera några timmar i helgen över en kopp kaffe, utan att vara bråttom att köpa (liksom  Barnes & Noble, kanske) ...","Jag tror inte att det finns en enda sådan ""amerikansk"" bokhandel i hela landet. Rätta mig gärna om jag har fel."
cryrl,sweden,"Bokhandlar i Göteborg?
Kan någon rekommendera en bra bokhandeln i Göteborg med läsvänlig atmosfär? Letar efter någonstans att spendera några timmar i helgen över en kopp kaffe, utan att vara bråttom att köpa (liksom  Barnes & Noble, kanske) ...",Det är inte sant.
cryrl,sweden,"Bokhandlar i Göteborg?
Kan någon rekommendera en bra bokhandeln i Göteborg med läsvänlig atmosfär? Letar efter någonstans att spendera några timmar i helgen över en kopp kaffe, utan att vara bråttom att köpa (liksom  Barnes & Noble, kanske) ...","Tro mig, ingen säger ""boklådor"" om plural för bokhandel..."
cryrl,sweden,"Bokhandlar i Göteborg?
Kan någon rekommendera en bra bokhandeln i Göteborg med läsvänlig atmosfär? Letar efter någonstans att spendera några timmar i helgen över en kopp kaffe, utan att vara bråttom att köpa (liksom  Barnes & Noble, kanske) ...","Well, language changes all happen for a variety of reasons. At least in the case of skar and skärde, or bokhandlar/bokhandlare, they have the same root. In the case of ehuru/eftersom, it seems like they're fairly unrelated; so perhaps different in that regard (but then I'm not a swedish speaker, nor did I learn it in Sweden)."
cryrl,sweden,"Bokhandlar i Göteborg?
Kan någon rekommendera en bra bokhandeln i Göteborg med läsvänlig atmosfär? Letar efter någonstans att spendera några timmar i helgen över en kopp kaffe, utan att vara bråttom att köpa (liksom  Barnes & Noble, kanske) ...","Ehuru is a bit different imo, since it's has actually evolved to eftersom (it'd seem to me anyway). But boklådor -> bokhandlar/bokhandlare is probably because people didn't know or were sloppy. Just as ""skar"" is very likely to become ""skärde"" in a very near future."
cryrl,sweden,"Bokhandlar i Göteborg?
Kan någon rekommendera en bra bokhandeln i Göteborg med läsvänlig atmosfär? Letar efter någonstans att spendera några timmar i helgen över en kopp kaffe, utan att vara bråttom att köpa (liksom  Barnes & Noble, kanske) ...","Jag tycker att du bör använda ordet som du har alltid bruket, men om du gillar på att höra ut arkaisk, då är det kanske bättre att använda den andra. :P Ehuru is awesome too. :D"
cryrl,sweden,"Bokhandlar i Göteborg?
Kan någon rekommendera en bra bokhandeln i Göteborg med läsvänlig atmosfär? Letar efter någonstans att spendera några timmar i helgen över en kopp kaffe, utan att vara bråttom att köpa (liksom  Barnes & Noble, kanske) ...",Stadsbiblioteket har ett schysst men överprisat café. Om man inte nödvändigtvis vill köpa böckerna så är det utmärkt.
dgab6,sweden,Största personförlusten i valet?,"Alice Åström (V) ryker visst också.

> Som vice ordförande i Vänsterpartiet är Alice Åström en av de mest namnkunniga politikerna i partiet. Hon syns ofta i den politiska debatten och utsågs bara några veckor innan valet till integritetspolitisk talesperson för V. 

[Källa](http://www.svd.se/nyheter/politik/valet2010/kanda-politiker-aker-ut-ur-riksdagen_5363403.svd)

Jag kan inte säga att jag gillar något av blocken eller partierna, men hon var riktigt bra i FRA-debatten; det här lär vara en förlust det också."
dgab6,sweden,Största personförlusten i valet?,"Håller helt med, en riktig kämpe som verkligen vågade stå för vad hon tyckte och som, enligt mig, tyckte väldigt relevanta och bra saker."
dgab6,sweden,Största personförlusten i valet?,"Nu vet jag inte om det går med tanke på att hon kandiderade i riksdagen, men solklart val för IT-minister. Amirite?"
dgab6,sweden,Största personförlusten i valet?,Karl Sigfrid från M försvinner också. Två av de få borgeliga röster som hade något vettigt att säga i integritetsfrågor försvinner. Förskräckligt.
dgab6,sweden,Största personförlusten i valet?,"**Kommentar till länken ovan:**

Mitt bland all diskussion om SD och regeringsfrågan vill jag slänga fram en liten banderoll ang. valets största personförlust: Camilla Lindberg.

Camilla Lindberg var en av ""ryggraderna"" i Sveriges politik, och måste beundras oavsett vilket block man röstar för, för sin förståelse för moderna frågor och för sitt mod, om inte annat.

* Camilla var den enda borgerliga riksdagsledamoten som till slut faktiskt röstade emot FRA-lagen, oavsett påtryckningar och Fredrik Federleys tårar.

* Camilla är ende politiker (ende svensk över 35?) som har järnkoll på ""Internetfrågor"". Hon ställde sig tex i Riksdagens talarstol och föreslog att dataspel borde erkännas som kultur (relevant pga momsen), och svalde gapskratt från samtiga sina kollegor.

* Camilla bevakar integritetsfrågorna även när vi själva inte har koll på dem, och även när de inte hamnar i tidnigarna. Se tex EU-förslaget om ""passenger name record"".

**Värst av allt:** I Borlänge, där Camilla hade sitt mandat, röstade 11% för SD. ELVA PROCENT!

.

**FAN TA ER, BORLÄNGEBOR!**"
