human_sentiment_label,human_sentiment_score,human_affective_extremity,human_is_subjective,human_emotion_neutral,human_emotion_disgust,human_emotion_surprise,human_emotion_joy,human_emotion_fear,human_emotion_anger,human_emotion_sadness,llm_sentiment_label,llm_sentiment_score,llm_affective_extremity,llm_is_subjective,llm_emotion_surprise,llm_emotion_disgust,llm_emotion_anger,llm_emotion_joy,llm_emotion_sadness,llm_emotion_fear,llm_emotion_neutral
NEUTRAL,0.7699792385101318,0.230021,0,0.16901110112667084,0.1488557606935501,0.1453370451927185,0.14148284494876862,0.13502435386180878,0.1334465891122818,0.12684233486652374,NEUTRAL,0.9195162653923035,0.080484,0,0.4767189919948578,0.15621858835220337,0.13120228052139282,0.08282364159822464,0.05678490921854973,0.05191604048013687,0.04433552548289299
NEUTRAL,0.9172602295875549,0.08274,0,0.030413730069994926,0.2775387763977051,0.19003699719905853,0.15392637252807617,0.0892048254609108,0.1775440275669098,0.08133519440889359,NEUTRAL,0.9285252094268799,0.071475,0,0.6895516514778137,0.09677150100469589,0.0875428318977356,0.02557346783578396,0.03417918086051941,0.04516827315092087,0.021213093772530556
NEUTRAL,0.9521519541740417,0.047848,0,0.1085737943649292,0.1355765461921692,0.3025398850440979,0.11482714861631393,0.07934693247079849,0.16285455226898193,0.09628118574619293,NEUTRAL,0.9000710248947144,0.099929,0,0.10993081331253052,0.6728115677833557,0.06293696910142899,0.030137289315462112,0.08601720631122589,0.02616787515580654,0.011998261325061321
NEUTRAL,0.9611010551452637,0.038899,0,0.16428223252296448,0.16046328842639923,0.07630263268947601,0.16482879221439362,0.14150522649288177,0.18410229682922363,0.10851557552814484,NEUTRAL,0.9513047337532043,0.048695,0,0.06984163820743561,0.2807828485965729,0.2596830427646637,0.241952046751976,0.08812817186117172,0.04754078760743141,0.012071610428392887
NEUTRAL,0.9414620995521545,0.058538,0,0.05079450458288193,0.20831243693828583,0.3104695975780487,0.13726851344108582,0.07585939764976501,0.15244732797145844,0.06484821438789368,NEUTRAL,0.92311692237854,0.076883,0,0.5870925188064575,0.20494408905506134,0.08487465232610703,0.040327299386262894,0.028938602656126022,0.027433225885033607,0.026389537379145622
NEUTRAL,0.9467045664787292,0.053295,0,0.06921691447496414,0.1846356838941574,0.2450350522994995,0.13524988293647766,0.10485415160655975,0.16365286707878113,0.09735550731420517,NEUTRAL,0.945357620716095,0.054642,0,0.279183954000473,0.1473982036113739,0.1235533133149147,0.20229355990886688,0.1164393499493599,0.08134087175130844,0.04979069158434868
NEUTRAL,0.9654640555381775,0.034536,0,0.052374448627233505,0.08222807198762894,0.2504930794239044,0.10871284455060959,0.08079538494348526,0.36639541387557983,0.059000756591558456,NEUTRAL,0.903713047504425,0.096287,0,0.4155578017234802,0.1079840362071991,0.12311787158250809,0.10724551975727081,0.0749555379152298,0.10132161527872086,0.06981759518384933
NEUTRAL,0.9407098293304443,0.05929,0,0.39774927496910095,0.07922852039337158,0.13135124742984772,0.13619258999824524,0.06459994614124298,0.1326102614402771,0.05826812982559204,NEUTRAL,0.9411907196044922,0.058809,0,0.213643878698349,0.17698934674263,0.1668989211320877,0.1705702245235443,0.10665834695100784,0.10938217490911484,0.055857058614492416
NEUTRAL,0.8043524622917175,0.195648,0,0.14056959748268127,0.14310595393180847,0.14456459879875183,0.13172049820423126,0.14590831100940704,0.16947650909423828,0.12465449422597885,NEUTRAL,0.944847583770752,0.055152,0,0.40278083086013794,0.1169523373246193,0.17799392342567444,0.13822777569293976,0.04471909999847412,0.06562958657741547,0.05369643494486809
NEUTRAL,0.9238706827163696,0.076129,0,0.06747886538505554,0.2374049425125122,0.1319623738527298,0.12116739153862,0.1782388687133789,0.16837477684020996,0.09537279605865479,NEUTRAL,0.9167566895484924,0.083243,0,0.24130932986736298,0.09316369146108627,0.3537316918373108,0.11370277404785156,0.06063779070973396,0.1015031635761261,0.035951610654592514
NEUTRAL,0.9591504335403442,0.04085,0,0.038831546902656555,0.1835564225912094,0.46139177680015564,0.11940706521272659,0.038577888160943985,0.12197257578372955,0.036262720823287964,NEUTRAL,0.9267998337745667,0.0732,0,0.4477322995662689,0.20133548974990845,0.07995288819074631,0.08229262381792068,0.060246702283620834,0.05624385178089142,0.07219619303941727
NEUTRAL,0.9534924030303955,0.046508,0,0.08042678982019424,0.15874812006950378,0.2767695188522339,0.1395808458328247,0.05375773832201958,0.19565321505069733,0.09506375342607498,NEUTRAL,0.9510774612426758,0.048923,0,0.2557947039604187,0.17798855900764465,0.13835231959819794,0.12242449820041656,0.11028315871953964,0.05943071097135544,0.13572604954242706
NEUTRAL,0.7139189839363098,0.286081,0,0.1453641951084137,0.14223448932170868,0.2353869527578354,0.10600645840167999,0.10029564797878265,0.150112122297287,0.12060020118951797,NEUTRAL,0.9450823664665222,0.054918,0,0.18627119064331055,0.171852245926857,0.23710039258003235,0.15585273504257202,0.12311041355133057,0.06359689682722092,0.06221609562635422
NEUTRAL,0.7854610681533813,0.214539,0,0.03506206348538399,0.037424419075250626,0.7741108536720276,0.03420555591583252,0.03738148882985115,0.0527772381901741,0.029038330540060997,NEUTRAL,0.951235830783844,0.048764,0,0.052244529128074646,0.6890869140625,0.057129960507154465,0.06975063681602478,0.08280234038829803,0.04226385056972504,0.006721744313836098
NEUTRAL,0.9468299150466919,0.05317,0,0.04177796095609665,0.11798522621393204,0.3499361276626587,0.1717824786901474,0.1064576655626297,0.13396470248699188,0.07809585332870483,NEUTRAL,0.9431492686271667,0.056851,0,0.1288379728794098,0.04561146721243858,0.6759977340698242,0.04944002628326416,0.03144330531358719,0.04234802722930908,0.02632143720984459
NEUTRAL,0.9155972599983215,0.084403,0,0.06931018084287643,0.2901305854320526,0.18748944997787476,0.10915318876504898,0.10268070548772812,0.12417533248662949,0.11706055700778961,NEUTRAL,0.8909057378768921,0.109094,0,0.22804543375968933,0.1548166126012802,0.15427184104919434,0.14095157384872437,0.1486363559961319,0.09396164119243622,0.07931658625602722
NEUTRAL,0.9383884072303772,0.061612,0,0.05521172657608986,0.18533869087696075,0.3030347228050232,0.10055050998926163,0.10677894204854965,0.1478027105331421,0.10128270834684372,NEUTRAL,0.9297283887863159,0.070272,0,0.21138234436511993,0.30235394835472107,0.12728752195835114,0.06665953248739243,0.18606507778167725,0.09075497090816498,0.015496556647121906
NEUTRAL,0.8845056295394897,0.115494,0,0.03832491487264633,0.18349093198776245,0.256986141204834,0.0740337073802948,0.10327164828777313,0.2760825753211975,0.0678100734949112,NEUTRAL,0.9402146339416504,0.059785,0,0.1733008772134781,0.22139619290828705,0.16656574606895447,0.18137143552303314,0.14052432775497437,0.07994987815618515,0.03689157962799072
NEUTRAL,0.9436569213867188,0.056343,0,0.046658068895339966,0.2716006934642792,0.24262280762195587,0.1198514997959137,0.058667708188295364,0.19615519046783447,0.06444402039051056,NEUTRAL,0.9370843768119812,0.062916,0,0.2762643098831177,0.2822871506214142,0.1793207824230194,0.07042746990919113,0.07503695040941238,0.07318919897079468,0.04347413033246994
NEUTRAL,0.9179206490516663,0.082079,0,0.14621272683143616,0.14876678586006165,0.08707830309867859,0.1543521285057068,0.1579083800315857,0.19296163320541382,0.11272002756595612,NEUTRAL,0.9104177355766296,0.089582,0,0.18486876785755157,0.2681901454925537,0.3467387557029724,0.060316674411296844,0.0484950877726078,0.051588889211416245,0.03980161249637604
NEUTRAL,0.9427307844161987,0.057269,0,0.3071529269218445,0.12005242705345154,0.21151435375213623,0.10075198858976364,0.0896582379937172,0.11597897857427597,0.05489107221364975,NEUTRAL,0.8914099335670471,0.10859,0,0.27303099632263184,0.08791646361351013,0.24377508461475372,0.12534700334072113,0.0854327604174614,0.09664251655340195,0.08785519003868103
NEUTRAL,0.9102315306663513,0.089768,0,0.0823841243982315,0.13243019580841064,0.38564038276672363,0.13312356173992157,0.10500641912221909,0.09422238171100616,0.06719294935464859,NEUTRAL,0.9587040543556213,0.041296,0,0.2708005905151367,0.1267787218093872,0.18218839168548584,0.12284735590219498,0.08387454599142075,0.10422512143850327,0.10928525775671005
NEUTRAL,0.9569030404090881,0.043097,0,0.0293902475386858,0.3083561360836029,0.18915413320064545,0.13190919160842896,0.06505004316568375,0.18142521381378174,0.09471510350704193,NEUTRAL,0.9437168836593628,0.056283,0,0.26956304907798767,0.23622041940689087,0.20409464836120605,0.09232151508331299,0.08457174897193909,0.09303980320692062,0.02018890716135502
NEUTRAL,0.8945757150650024,0.105424,0,0.11015428602695465,0.14733663201332092,0.21813789010047913,0.13164842128753662,0.13093045353889465,0.1402701884508133,0.12152210623025894,NEUTRAL,0.8936932682991028,0.106307,0,0.18466438353061676,0.38634809851646423,0.26455116271972656,0.06444805860519409,0.06608554720878601,0.021654987707734108,0.01224770862609148
NEUTRAL,0.9313191771507263,0.068681,0,0.07216295599937439,0.10426320880651474,0.3503224551677704,0.12024348229169846,0.07063942402601242,0.22174127399921417,0.06062716245651245,NEUTRAL,0.9315452575683594,0.068455,0,0.3690190315246582,0.09238146245479584,0.2316015660762787,0.12845776975154877,0.041674792766571045,0.08036200702190399,0.05650336295366287
NEUTRAL,0.9665185809135437,0.033481,0,0.09358285367488861,0.17506495118141174,0.2649841606616974,0.14546731114387512,0.09956991672515869,0.15466637909412384,0.06666445732116699,NEUTRAL,0.9492871165275574,0.050713,0,0.38227179646492004,0.37083306908607483,0.0495968721807003,0.06173057481646538,0.029509447515010834,0.029706580564379692,0.07635173201560974
NEUTRAL,0.8539457321166992,0.146054,0,0.051291417330503464,0.1818566620349884,0.18130628764629364,0.12595966458320618,0.0804959312081337,0.26782235503196716,0.11126762628555298,NEUTRAL,0.9618303179740906,0.03817,0,0.6005421876907349,0.26622939109802246,0.04744242504239082,0.02269914001226425,0.02480897307395935,0.02223988063633442,0.016037898138165474
NEUTRAL,0.8787612915039062,0.121239,0,0.1357087939977646,0.0961233377456665,0.4792040288448334,0.0838402733206749,0.06492001563310623,0.09332840144634247,0.046875134110450745,NEUTRAL,0.9338008165359497,0.066199,0,0.332769513130188,0.23971617221832275,0.17014041543006897,0.11955346167087555,0.05309564620256424,0.05607219412922859,0.028652582317590714
NEUTRAL,0.963221549987793,0.036778,0,0.19579100608825684,0.13857242465019226,0.3371066451072693,0.09355668723583221,0.07413068413734436,0.09332740306854248,0.06751517951488495,NEUTRAL,0.9525105357170105,0.047489,0,0.24699191749095917,0.2418031245470047,0.14251931011676788,0.17173150181770325,0.09044075757265091,0.08481907844543457,0.021694261580705643
NEUTRAL,0.9480379819869995,0.051962,0,0.03102637454867363,0.29022130370140076,0.17766685783863068,0.13602492213249207,0.06228373944759369,0.14844533801078796,0.15433143079280853,NEUTRAL,0.924778163433075,0.075222,0,0.22599294781684875,0.3173123896121979,0.19681666791439056,0.09638889133930206,0.10136622190475464,0.028347529470920563,0.0337754525244236
NEUTRAL,0.9118701219558716,0.08813,0,0.16224828362464905,0.1311427503824234,0.16172301769256592,0.12857504189014435,0.14094412326812744,0.13841260969638824,0.13695421814918518,NEUTRAL,0.9532366991043091,0.046763,0,0.42660048604011536,0.14432428777217865,0.12674756348133087,0.1253134161233902,0.05931105837225914,0.054841697216033936,0.06286150217056274
NEUTRAL,0.961590051651001,0.03841,0,0.06031247228384018,0.15473876893520355,0.3391680121421814,0.16359995305538177,0.06854160875082016,0.12999682128429413,0.08364243060350418,NEUTRAL,0.9772642850875854,0.022736,0,0.5469169020652771,0.12758535146713257,0.07520760595798492,0.08021438121795654,0.057242900133132935,0.058868639171123505,0.053964272141456604
NEUTRAL,0.9521519541740417,0.047848,0,0.1085737943649292,0.1355765461921692,0.3025398850440979,0.11482714861631393,0.07934693247079849,0.16285455226898193,0.09628118574619293,NEUTRAL,0.9000710248947144,0.099929,0,0.10993081331253052,0.6728115677833557,0.06293696910142899,0.030137289315462112,0.08601720631122589,0.02616787515580654,0.011998261325061321
NEUTRAL,0.9403194785118103,0.059681,0,0.04403019696474075,0.26338571310043335,0.2075158953666687,0.11834897845983505,0.09030414372682571,0.20476311445236206,0.07165194302797318,NEUTRAL,0.9408931136131287,0.059107,0,0.5127328038215637,0.11200452595949173,0.15836258232593536,0.07109381258487701,0.025372818112373352,0.03516853228211403,0.08526492863893509
NEUTRAL,0.9065728187561035,0.093427,0,0.03325744718313217,0.2680948078632355,0.22657084465026855,0.11228422075510025,0.11662358790636063,0.13846755027770996,0.10470162332057953,NEUTRAL,0.9406097531318665,0.05939,0,0.4687555134296417,0.15729442238807678,0.12658868730068207,0.1320681869983673,0.052863217890262604,0.04385776445269585,0.018572183325886726
NEUTRAL,0.9115034341812134,0.088497,0,0.11491017788648605,0.2070736289024353,0.347028911113739,0.07567411661148071,0.05292462930083275,0.12220083177089691,0.08018770813941956,NEUTRAL,0.921771764755249,0.078228,0,0.4006998538970947,0.2201310396194458,0.13683004677295685,0.09343883395195007,0.06404139846563339,0.045957051217556,0.038901783525943756
NEUTRAL,0.817124605178833,0.182875,0,0.15513046085834503,0.1496076136827469,0.172857865691185,0.14067968726158142,0.06770963966846466,0.18398873507976532,0.13002604246139526,NEUTRAL,0.9633244276046753,0.036676,0,0.20948392152786255,0.2603268623352051,0.2580582797527313,0.05303550511598587,0.09185194224119186,0.01999802142381668,0.10724546015262604
NEUTRAL,0.9354662895202637,0.064534,0,0.11005482077598572,0.20867127180099487,0.30483299493789673,0.1678290218114853,0.06898590177297592,0.07427109032869339,0.06535489857196808,NEUTRAL,0.9716020226478577,0.028398,0,0.5743522644042969,0.201334610581398,0.020670505240559578,0.11988988518714905,0.032056670635938644,0.039109013974666595,0.012586998753249645
NEUTRAL,0.7500135898590088,0.249986,0,0.14697842299938202,0.14586903154850006,0.2296004742383957,0.12113543599843979,0.10918379575014114,0.13572485744953156,0.11150790750980377,NEUTRAL,0.9542354941368103,0.045765,0,0.12561920285224915,0.3060147166252136,0.20695339143276215,0.21333251893520355,0.050711676478385925,0.05050063133239746,0.04686786234378815
NEUTRAL,0.9235336780548096,0.076466,0,0.15268953144550323,0.12249742448329926,0.23372066020965576,0.16201236844062805,0.09148787707090378,0.1528976410627365,0.08469449728727341,NEUTRAL,0.9426819682121277,0.057318,0,0.2598629295825958,0.1292564868927002,0.17915576696395874,0.14910930395126343,0.10509280115365982,0.10517293959856033,0.07234979420900345
NEUTRAL,0.8107883930206299,0.189212,0,0.16123387217521667,0.23862971365451813,0.15971460938453674,0.11527371406555176,0.09372732788324356,0.16263025999069214,0.0687904953956604,NEUTRAL,0.9488243460655212,0.051176,0,0.21837405860424042,0.28767693042755127,0.15022359788417816,0.10230915248394012,0.08617586642503738,0.09717459231615067,0.05806581303477287
NEUTRAL,0.9443497657775879,0.05565,0,0.06037507951259613,0.295083612203598,0.11171173304319382,0.19021490216255188,0.08955144882202148,0.1568896323442459,0.09617356210947037,NEUTRAL,0.9489913582801819,0.051009,0,0.39656272530555725,0.20820046961307526,0.2661542594432831,0.059390004724264145,0.01621927320957184,0.021962979808449745,0.031510334461927414
NEUTRAL,0.9746761918067932,0.025324,0,0.03093678131699562,0.26922109723091125,0.1096046194434166,0.11187337338924408,0.11165420711040497,0.284232497215271,0.08247742801904678,NEUTRAL,0.9708036184310913,0.029196,0,0.25452691316604614,0.17619656026363373,0.22366271913051605,0.09651165455579758,0.09004431217908859,0.1339341402053833,0.025123726576566696
NEUTRAL,0.9039691686630249,0.096031,0,0.15905869007110596,0.1351863592863083,0.3033994138240814,0.2539483904838562,0.045953959226608276,0.05964279919862747,0.0428103506565094,NEUTRAL,0.9084665179252625,0.091533,0,0.3264090120792389,0.11319013684988022,0.07248666137456894,0.21694278717041016,0.06651882082223892,0.07951804995536804,0.12493456900119781
NEUTRAL,0.9275124669075012,0.072488,0,0.03633401542901993,0.1956888884305954,0.27032890915870667,0.20288343727588654,0.09479561448097229,0.13928557932376862,0.060683492571115494,NEUTRAL,0.9559177160263062,0.044082,0,0.29307419061660767,0.15219487249851227,0.16980314254760742,0.09671446681022644,0.11647843569517136,0.12176111340522766,0.049973879009485245
NEUTRAL,0.9568648338317871,0.043135,0,0.04727299511432648,0.11912853270769119,0.12008441984653473,0.12826980650424957,0.23439694941043854,0.1928943395614624,0.15795296430587769,NEUTRAL,0.9654503464698792,0.03455,0,0.08461867272853851,0.24744366109371185,0.31002742052078247,0.08978275954723358,0.11314218491315842,0.14607924222946167,0.008906077593564987
NEUTRAL,0.9263743758201599,0.073626,0,0.08545424044132233,0.1807243376970291,0.3298569619655609,0.13410638272762299,0.08369450271129608,0.10967591404914856,0.07648762315511703,NEUTRAL,0.8865681886672974,0.113432,0,0.42449766397476196,0.21910636126995087,0.1198844313621521,0.11371994763612747,0.04322226718068123,0.042238615453243256,0.03733070567250252
NEUTRAL,0.956589937210083,0.04341,0,0.054570794105529785,0.27503663301467896,0.20398567616939545,0.19052737951278687,0.08637675642967224,0.13389061391353607,0.05561209097504616,NEUTRAL,0.9381946921348572,0.061805,0,0.32953768968582153,0.17322078347206116,0.22102463245391846,0.15417000651359558,0.03212111443281174,0.04389985650777817,0.04602580890059471
NEUTRAL,0.9388386607170105,0.061161,0,0.03036833368241787,0.18485699594020844,0.3305027186870575,0.19560836255550385,0.08280845731496811,0.10905198752880096,0.06680319458246231,NEUTRAL,0.9576293230056763,0.042371,0,0.21562428772449493,0.30083757638931274,0.18764911592006683,0.12327205389738083,0.07110688090324402,0.054893672466278076,0.04661646857857704
NEUTRAL,0.9523230195045471,0.047677,0,0.07404268532991409,0.18136894702911377,0.1904359757900238,0.15918664634227753,0.09242366999387741,0.16178449988365173,0.14075762033462524,NEUTRAL,0.9404611587524414,0.059539,0,0.4670468270778656,0.23042644560337067,0.13349545001983643,0.04969750717282295,0.037950821220874786,0.028665907680988312,0.05271703377366066
NEUTRAL,0.7250073552131653,0.274993,0,0.2819538712501526,0.1581805944442749,0.2520987093448639,0.09005547314882278,0.055376794189214706,0.10564036667346954,0.05669417977333069,NEUTRAL,0.944694459438324,0.055306,0,0.18223054707050323,0.21790768206119537,0.31581252813339233,0.10711981356143951,0.07024718075990677,0.06261846423149109,0.04406379163265228
NEUTRAL,0.9429046511650085,0.057095,0,0.044260554015636444,0.16324105858802795,0.275397926568985,0.1142156571149826,0.05117568001151085,0.288152813911438,0.06355638056993484,NEUTRAL,0.9483913779258728,0.051609,0,0.2968074679374695,0.2104339301586151,0.23111800849437714,0.1218700110912323,0.05858897790312767,0.05330990254878998,0.027871720492839813
NEUTRAL,0.9394385814666748,0.060561,0,0.038217693567276,0.19372902810573578,0.3376380205154419,0.12616631388664246,0.09126052260398865,0.11734344065189362,0.09564496576786041,NEUTRAL,0.9046906232833862,0.095309,0,0.131841778755188,0.04912707954645157,0.49161699414253235,0.009907743893563747,0.269322007894516,0.04204703867435455,0.00613736966624856
NEUTRAL,0.8839350342750549,0.116065,0,0.04468653351068497,0.13224059343338013,0.28200563788414,0.051954787224531174,0.24067087471485138,0.16624970734119415,0.08219191431999207,NEUTRAL,0.909960150718689,0.09004,0,0.6157160401344299,0.19575069844722748,0.04862546548247337,0.02742815390229225,0.022343549877405167,0.03305954858660698,0.057076502591371536
NEUTRAL,0.9311975836753845,0.068802,0,0.1706806868314743,0.15299732983112335,0.4790760576725006,0.04772055521607399,0.04430512338876724,0.05820081755518913,0.04701938107609749,NEUTRAL,0.8757866621017456,0.124213,0,0.4203215539455414,0.2896745800971985,0.06006130576133728,0.06948494911193848,0.04925820603966713,0.05804441124200821,0.053154975175857544
NEUTRAL,0.9240257740020752,0.075974,0,0.1752341389656067,0.11802895367145538,0.15803250670433044,0.156813845038414,0.11527320742607117,0.1396126002073288,0.1370047926902771,NEUTRAL,0.8749452233314514,0.125055,0,0.1798490285873413,0.33187147974967957,0.08907060325145721,0.11885299533605576,0.0653892382979393,0.19007357954978943,0.024893013760447502
NEUTRAL,0.9334243535995483,0.066576,0,0.03373446315526962,0.17874455451965332,0.29230496287345886,0.12711137533187866,0.10773447155952454,0.17285674810409546,0.08751349151134491,NEUTRAL,0.9352843165397644,0.064716,0,0.41181591153144836,0.22664406895637512,0.15789178013801575,0.07598690688610077,0.03049449250102043,0.03802860528230667,0.05913826823234558
NEUTRAL,0.8438461422920227,0.156154,0,0.08913096785545349,0.1430639773607254,0.2541203796863556,0.11752540618181229,0.10820281505584717,0.24436572194099426,0.043590664863586426,NEUTRAL,0.9362722635269165,0.063728,0,0.1370629519224167,0.20330102741718292,0.2642667293548584,0.1275397092103958,0.10252281278371811,0.13381560146808624,0.031491268426179886
NEUTRAL,0.9096129536628723,0.090387,0,0.07297169417142868,0.2473316490650177,0.17297883331775665,0.11432675272226334,0.05248696729540825,0.2589036226272583,0.08100049942731857,NEUTRAL,0.9549027681350708,0.045097,0,0.46299952268600464,0.20189183950424194,0.13433627784252167,0.06636825948953629,0.045472726225852966,0.04230763763189316,0.046623773872852325
NEUTRAL,0.9311264157295227,0.068874,0,0.12909869849681854,0.18399296700954437,0.1621021330356598,0.126142218708992,0.13279762864112854,0.14410753548145294,0.12175879627466202,NEUTRAL,0.940942108631134,0.059058,0,0.40163952112197876,0.20883828401565552,0.16899968683719635,0.049263082444667816,0.052769824862480164,0.07630231231451035,0.04218732565641403
NEUTRAL,0.8954861760139465,0.104514,0,0.17210663855075836,0.1862201988697052,0.2695523500442505,0.10806037485599518,0.08719334006309509,0.11747382581233978,0.05939324200153351,NEUTRAL,0.9400281310081482,0.059972,0,0.22730983793735504,0.20582039654254913,0.24091693758964539,0.13515616953372955,0.07573866844177246,0.08667532354593277,0.028382616117596626
NEUTRAL,0.9613967537879944,0.038603,0,0.03642132133245468,0.1905733197927475,0.14761394262313843,0.11678794026374817,0.11798859387636185,0.27620047330856323,0.11441442370414734,NEUTRAL,0.9650822877883911,0.034918,0,0.10727425664663315,0.3537134826183319,0.21640804409980774,0.12387076765298843,0.12062260508537292,0.05590975657105446,0.02220102958381176
NEUTRAL,0.9411168098449707,0.058883,0,0.08494899421930313,0.17129133641719818,0.17805960774421692,0.14822891354560852,0.1272387057542801,0.18159547448158264,0.10863688588142395,NEUTRAL,0.9535688161849976,0.046431,0,0.6277415156364441,0.06263081729412079,0.1492174118757248,0.05627421289682388,0.0245266892015934,0.06056198850274086,0.019047392532229424
NEUTRAL,0.9451819658279419,0.054818,0,0.030456312000751495,0.12043099850416183,0.04351615905761719,0.34740933775901794,0.07584598660469055,0.2465551793575287,0.1357860118150711,NEUTRAL,0.9524267315864563,0.047573,0,0.2292267233133316,0.18669472634792328,0.18624933063983917,0.12783148884773254,0.13029205799102783,0.10992206633090973,0.029783625155687332
NEUTRAL,0.9391601085662842,0.06084,0,0.06627631187438965,0.1653159260749817,0.3030778765678406,0.10515040904283524,0.1155129000544548,0.17343080043792725,0.07123568654060364,NEUTRAL,0.9578198194503784,0.04218,0,0.2644709348678589,0.2505815923213959,0.29678040742874146,0.04906889423727989,0.05453227832913399,0.045565251260995865,0.039000701159238815
NEUTRAL,0.8735636472702026,0.126436,0,0.05906365066766739,0.1594216227531433,0.2997003197669983,0.13528329133987427,0.07267200946807861,0.1635221242904663,0.11033695191144943,NEUTRAL,0.9544676542282104,0.045532,0,0.10543029755353928,0.32135191559791565,0.21773570775985718,0.12445338070392609,0.12949508428573608,0.06936583667993546,0.03216775134205818
NEUTRAL,0.9442250728607178,0.055775,0,0.027325931936502457,0.12819641828536987,0.2714731693267822,0.20626837015151978,0.09357795864343643,0.1625984162092209,0.11055972427129745,NEUTRAL,0.8882375955581665,0.111762,0,0.2520522177219391,0.1812555342912674,0.1782776564359665,0.15603791177272797,0.08004061877727509,0.1034374013543129,0.048898641020059586
NEUTRAL,0.915705144405365,0.084295,0,0.05053479224443436,0.15081362426280975,0.08886948972940445,0.038845110684633255,0.1241627112030983,0.4131789207458496,0.13359537720680237,NEUTRAL,0.9298139810562134,0.070186,0,0.2135663479566574,0.06682366132736206,0.39157965779304504,0.026367390528321266,0.04503275826573372,0.05518820509314537,0.2014419287443161
NEUTRAL,0.9485480785369873,0.051452,0,0.056436359882354736,0.19469483196735382,0.2294350266456604,0.16569781303405762,0.06647225469350815,0.20606370270252228,0.081200011074543,NEUTRAL,0.9447755217552185,0.055224,0,0.2969876527786255,0.21278376877307892,0.17596428096294403,0.14159910380840302,0.09892997145652771,0.047094643115997314,0.026640530675649643
NEUTRAL,0.9410227537155151,0.058977,0,0.03205708786845207,0.3221035599708557,0.17678429186344147,0.10200566798448563,0.040801893919706345,0.2566869258880615,0.06956057995557785,NEUTRAL,0.9336900115013123,0.06631,0,0.11904389411211014,0.2597596049308777,0.27739080786705017,0.126615509390831,0.1253846287727356,0.041894447058439255,0.04991111904382706
NEUTRAL,0.8907060623168945,0.109294,0,0.05617261305451393,0.18576286733150482,0.11173129826784134,0.22060295939445496,0.08785569667816162,0.2682136297225952,0.069660983979702,NEUTRAL,0.9254728555679321,0.074527,0,0.20750907063484192,0.29371342062950134,0.2260928750038147,0.06926311552524567,0.09321951866149902,0.08283320814371109,0.027368763461709023
NEUTRAL,0.9297478199005127,0.070252,0,0.31470778584480286,0.17120014131069183,0.13965179026126862,0.05733969807624817,0.03171538934111595,0.25584307312965393,0.02954215556383133,NEUTRAL,0.967578113079071,0.032422,0,0.399591863155365,0.11600951105356216,0.16701047122478485,0.08551241457462311,0.06355439871549606,0.07292857021093369,0.09539282321929932
NEUTRAL,0.9257808923721313,0.074219,0,0.02758042700588703,0.26208895444869995,0.3388109505176544,0.09918682277202606,0.09196342527866364,0.11983076483011246,0.06053873896598816,NEUTRAL,0.9153695106506348,0.08463,0,0.5463058352470398,0.24180015921592712,0.08284132182598114,0.03398335725069046,0.03157651424407959,0.03288828209042549,0.03060455434024334
NEUTRAL,0.9644633531570435,0.035537,0,0.08440583199262619,0.16852280497550964,0.42615243792533875,0.11663161218166351,0.07928945124149323,0.06524300575256348,0.05975488945841789,NEUTRAL,0.9572415351867676,0.042758,0,0.46485772728919983,0.17717233300209045,0.07302682846784592,0.06263481825590134,0.039387594908475876,0.03690207377076149,0.14601857960224152
NEUTRAL,0.8916913866996765,0.108309,0,0.08405997604131699,0.15668031573295593,0.2612309753894806,0.13367921113967896,0.09427271038293839,0.1585061252117157,0.11157064139842987,NEUTRAL,0.8329036831855774,0.167096,0,0.4860748052597046,0.1257433295249939,0.09209224581718445,0.09167264401912689,0.05572860315442085,0.05572918802499771,0.09295913577079773
NEUTRAL,0.9479816555976868,0.052018,0,0.19216801226139069,0.15813569724559784,0.1379784494638443,0.1399325728416443,0.12845326960086823,0.16085566580295563,0.08247635513544083,NEUTRAL,0.8504855632781982,0.149514,0,0.3574926555156708,0.2836240530014038,0.08400735259056091,0.059225957840681076,0.06470071524381638,0.05646032094955444,0.09448897838592529
NEUTRAL,0.8260804414749146,0.17392,0,0.07200197875499725,0.029749101027846336,0.34796351194381714,0.19631427526474,0.06491958349943161,0.2528810203075409,0.036170609295368195,NEUTRAL,0.8930844068527222,0.106916,0,0.373091459274292,0.1516035795211792,0.13249407708644867,0.1386290341615677,0.048079125583171844,0.07521476596593857,0.08088798075914383
NEUTRAL,0.9332147836685181,0.066785,0,0.05974830314517021,0.2001713216304779,0.12284283339977264,0.161903515458107,0.09769637882709503,0.2191295176744461,0.1385081559419632,NEUTRAL,0.950570821762085,0.049429,0,0.24742712080478668,0.4321129322052002,0.1425706297159195,0.05570053309202194,0.0421905592083931,0.036769427359104156,0.04322878271341324
NEUTRAL,0.9304656982421875,0.069534,0,0.08651628345251083,0.09564688056707382,0.3898800015449524,0.06841624528169632,0.12912991642951965,0.13100524246692657,0.09940539300441742,NEUTRAL,0.9542704820632935,0.04573,0,0.3961528241634369,0.09190600365400314,0.10846930742263794,0.14400191605091095,0.08715197443962097,0.1136246994137764,0.058693286031484604
NEUTRAL,0.9523842334747314,0.047616,0,0.07352862507104874,0.16331015527248383,0.24800652265548706,0.14734546840190887,0.08876467496156693,0.18915992975234985,0.08988466113805771,NEUTRAL,0.9691099524497986,0.03089,0,0.3715895116329193,0.2333681434392929,0.1386832892894745,0.07745331525802612,0.06094491481781006,0.09000801295042038,0.027952861040830612
NEUTRAL,0.929652750492096,0.070347,0,0.031161023303866386,0.22182908654212952,0.246366947889328,0.21420030295848846,0.039089545607566833,0.13041773438453674,0.1169353500008583,NEUTRAL,0.9704453349113464,0.029555,0,0.37529775500297546,0.17713001370429993,0.15162938833236694,0.11093226820230484,0.03280913829803467,0.1258360743522644,0.026365336030721664
NEUTRAL,0.9556261897087097,0.044374,0,0.028199495747685432,0.20650313794612885,0.09689749032258987,0.1752704381942749,0.09786127507686615,0.24030807614326477,0.1549600213766098,NEUTRAL,0.9684611558914185,0.031539,0,0.3996407091617584,0.10366780310869217,0.15071864426136017,0.18616436421871185,0.08780574053525925,0.03468501195311546,0.0373176671564579
NEUTRAL,0.9527611136436462,0.047239,0,0.08333087712526321,0.1411183625459671,0.18566563725471497,0.23402537405490875,0.06655016541481018,0.18965740501880646,0.09965218603610992,NEUTRAL,0.9642885327339172,0.035711,0,0.6352084875106812,0.1362745612859726,0.06139976158738136,0.06287653744220734,0.035588644444942474,0.021325260400772095,0.04732669144868851
NEUTRAL,0.9119587540626526,0.088041,0,0.06371782720088959,0.1106661856174469,0.2555232346057892,0.15266995131969452,0.17994436621665955,0.1409551501274109,0.09652334451675415,NEUTRAL,0.959227442741394,0.040773,0,0.12401261925697327,0.1625601202249527,0.1597452461719513,0.05911502242088318,0.036260657012462616,0.4253975450992584,0.032908786088228226
NEUTRAL,0.8875701427459717,0.11243,0,0.1457870751619339,0.22574160993099213,0.23380379378795624,0.09207789599895477,0.08823268860578537,0.14516112208366394,0.06919577717781067,NEUTRAL,0.9365792870521545,0.063421,0,0.2468402087688446,0.32407230138778687,0.08174091577529907,0.13235245645046234,0.06257862597703934,0.07429943233728409,0.0781160518527031
NEUTRAL,0.9070442318916321,0.092956,0,0.06783288717269897,0.31628698110580444,0.24786052107810974,0.03726103529334068,0.02933265082538128,0.112759530544281,0.18866640329360962,NEUTRAL,0.9682281613349915,0.031772,0,0.2403593212366104,0.2946489751338959,0.16340850293636322,0.09855828434228897,0.08807054162025452,0.05886085331439972,0.05609355494379997
NEUTRAL,0.773814857006073,0.226185,0,0.15674014389514923,0.16620062291622162,0.3223077654838562,0.1335238218307495,0.09217168390750885,0.0867062360048294,0.04234971106052399,NEUTRAL,0.900461733341217,0.099538,0,0.6389519572257996,0.06993307918310165,0.060449887067079544,0.04380153864622116,0.03595536947250366,0.042174387723207474,0.10873377323150635
NEUTRAL,0.9483998417854309,0.0516,0,0.02800159715116024,0.3237645924091339,0.12258361279964447,0.13478931784629822,0.07260940968990326,0.19849331676959991,0.11975810676813126,NEUTRAL,0.9506834149360657,0.049317,0,0.2830158770084381,0.30980753898620605,0.12327607721090317,0.09613735228776932,0.06422925740480423,0.05156363546848297,0.07197025418281555
NEUTRAL,0.8568912744522095,0.143109,0,0.07877634465694427,0.11781082302331924,0.4893245995044708,0.09041999280452728,0.039253294467926025,0.12826372683048248,0.056151293218135834,NEUTRAL,0.8769537210464478,0.123046,0,0.4012787640094757,0.17017033696174622,0.1450398862361908,0.07659713923931122,0.08421336859464645,0.07051299512386322,0.05218754708766937
NEUTRAL,0.9173173904418945,0.082683,0,0.06865829229354858,0.13960474729537964,0.383504182100296,0.10437782853841782,0.07788722962141037,0.17100122570991516,0.054966483265161514,NEUTRAL,0.9567552208900452,0.043245,0,0.22584939002990723,0.20902606844902039,0.2891237437725067,0.13344919681549072,0.054798297584056854,0.043684057891368866,0.04406933858990669
NEUTRAL,0.9458776712417603,0.054122,0,0.03581646457314491,0.256961464881897,0.14078183472156525,0.16040487587451935,0.10071684420108795,0.19946958124637604,0.10584887117147446,NEUTRAL,0.9508930444717407,0.049107,0,0.36681267619132996,0.4158622920513153,0.06360537558794022,0.07462015002965927,0.025967808440327644,0.027686195448040962,0.025445492938160896
NEUTRAL,0.9625670313835144,0.037433,0,0.06958754360675812,0.20115213096141815,0.3103840947151184,0.09411508589982986,0.06334295868873596,0.18149228394031525,0.07992591708898544,NEUTRAL,0.9204069972038269,0.079593,0,0.29572540521621704,0.2542332112789154,0.11690667271614075,0.04961060732603073,0.06494603306055069,0.03605637699365616,0.18252168595790863
NEUTRAL,0.9479712247848511,0.052029,0,0.026525573804974556,0.05926291272044182,0.054412342607975006,0.030668925493955612,0.6839486360549927,0.1258583962917328,0.019323155283927917,NEUTRAL,0.9508630633354187,0.049137,0,0.31015464663505554,0.18116290867328644,0.12432776391506195,0.12712959945201874,0.0739533081650734,0.1465311199426651,0.03674076870083809
NEUTRAL,0.9337114095687866,0.066289,0,0.06912552565336227,0.17944537103176117,0.261944979429245,0.11297062784433365,0.11107020080089569,0.16351380944252014,0.10192940384149551,NEUTRAL,0.9473414421081543,0.052659,0,0.21921603381633759,0.33246269822120667,0.12974026799201965,0.16839900612831116,0.09924660623073578,0.023425664752721786,0.02750971168279648
NEUTRAL,0.911283016204834,0.088717,0,0.05304551124572754,0.15074515342712402,0.25295913219451904,0.147007554769516,0.11445511132478714,0.17229586839675903,0.10949163883924484,NEUTRAL,0.965994119644165,0.034006,0,0.27764812111854553,0.18212956190109253,0.16903959214687347,0.06790335476398468,0.1055038645863533,0.127714142203331,0.07006140798330307
NEUTRAL,0.9275779724121094,0.072422,0,0.03835814818739891,0.14711318910121918,0.17570480704307556,0.21723376214504242,0.10265618562698364,0.16280072927474976,0.15613313019275665,NEUTRAL,0.9404209852218628,0.059579,0,0.07682249695062637,0.3490910232067108,0.1868666708469391,0.21853700280189514,0.06608077138662338,0.057156626135110855,0.045445408672094345
NEUTRAL,0.9068773984909058,0.093123,0,0.16270636022090912,0.1283780187368393,0.39763158559799194,0.0775047317147255,0.07338501513004303,0.09252166748046875,0.06787262111902237,NEUTRAL,0.9575288891792297,0.042471,0,0.44120484590530396,0.1756596714258194,0.1362937092781067,0.08016683161258698,0.06033329293131828,0.0532243512570858,0.053117334842681885
NEUTRAL,0.9604947566986084,0.039505,0,0.04270524904131889,0.3890281617641449,0.08279198408126831,0.17140787839889526,0.04535047709941864,0.19732943177223206,0.07138681411743164,NEUTRAL,0.9658293128013611,0.034171,0,0.13986222445964813,0.357633113861084,0.093695729970932,0.2805182933807373,0.08637729287147522,0.026217389851808548,0.015696028247475624
NEUTRAL,0.9494970440864563,0.050503,0,0.0813654437661171,0.22700530290603638,0.32095539569854736,0.08112308382987976,0.086857371032238,0.12117233872413635,0.08152107894420624,NEUTRAL,0.9567842483520508,0.043216,0,0.17422884702682495,0.2970392107963562,0.16901463270187378,0.11852522939443588,0.1412447988986969,0.07149912416934967,0.028448177501559258
NEUTRAL,0.9450908303260803,0.054909,0,0.062464870512485504,0.16908112168312073,0.24441535770893097,0.13035134971141815,0.11215765029191971,0.19245733320713043,0.0890723168849945,NEUTRAL,0.9533066153526306,0.046693,0,0.24299480020999908,0.12967878580093384,0.1889735609292984,0.16335146129131317,0.1464730203151703,0.11679182946681976,0.011736473999917507
NEUTRAL,0.9188107252120972,0.081189,0,0.07676467299461365,0.3043367266654968,0.19160111248493195,0.0809829831123352,0.06656514108181,0.20828986167907715,0.07145953923463821,NEUTRAL,0.9367238879203796,0.063276,0,0.37022310495376587,0.15908394753932953,0.1613614857196808,0.08182784914970398,0.055506497621536255,0.07064848393201828,0.10134857892990112
NEUTRAL,0.9386760592460632,0.061324,0,0.06011250242590904,0.2337985336780548,0.2382054179906845,0.08992870897054672,0.05919090658426285,0.2782893180847168,0.040474530309438705,NEUTRAL,0.9295436143875122,0.070456,0,0.5058029294013977,0.16628901660442352,0.0845056101679802,0.05096089467406273,0.07781003415584564,0.07112600654363632,0.0435054674744606
NEUTRAL,0.9437153339385986,0.056285,0,0.07024020701646805,0.07966981828212738,0.3801780939102173,0.156513512134552,0.09033689647912979,0.15474584698677063,0.06831558793783188,NEUTRAL,0.9733378291130066,0.026662,0,0.4501068592071533,0.1783720701932907,0.09368223696947098,0.07383734732866287,0.049751561135053635,0.07529843598604202,0.07895147055387497
NEUTRAL,0.9487588405609131,0.051241,0,0.08404063433408737,0.12341050803661346,0.31343874335289,0.07621598243713379,0.2273261845111847,0.11249837279319763,0.06306952983140945,NEUTRAL,0.9173941612243652,0.082606,0,0.21152561902999878,0.03903261944651604,0.0562775693833828,0.00581831531599164,0.017042087391018867,0.6618130803108215,0.008490707725286484
NEUTRAL,0.9435794353485107,0.056421,0,0.004605977796018124,0.33919626474380493,0.14758364856243134,0.11364612728357315,0.0579395666718483,0.16981784999370575,0.16721050441265106,NEUTRAL,0.8586838841438293,0.141316,0,0.34823739528656006,0.21185056865215302,0.1819026917219162,0.08165080100297928,0.07729631662368774,0.01912928745150566,0.07993294298648834
NEUTRAL,0.6246097087860107,0.37539,0,0.3003978133201599,0.04798706993460655,0.41027751564979553,0.0883970782160759,0.03568175062537193,0.08372821658849716,0.033530596643686295,NEUTRAL,0.9791299700737,0.02087,0,0.4444519281387329,0.11689179390668869,0.1310814917087555,0.14476001262664795,0.05761822685599327,0.04061046615242958,0.06458607316017151
NEUTRAL,0.9040229320526123,0.095977,0,0.14494051039218903,0.0949004590511322,0.49826580286026,0.07810349762439728,0.05225168168544769,0.08321890234947205,0.048319168388843536,NEUTRAL,0.9249200820922852,0.07508,0,0.17574715614318848,0.16238941252231598,0.3766978681087494,0.13621783256530762,0.07028401643037796,0.045499611645936966,0.03316414728760719
NEUTRAL,0.9350858926773071,0.064914,0,0.07384141534566879,0.14227846264839172,0.17870885133743286,0.13383664190769196,0.16080282628536224,0.1889951378107071,0.1215367242693901,NEUTRAL,0.9339695572853088,0.06603,0,0.25492361187934875,0.1577044129371643,0.1464247703552246,0.098063625395298,0.12419005483388901,0.07494337111711502,0.1437501609325409
NEUTRAL,0.8894926905632019,0.110507,0,0.18218305706977844,0.18331126868724823,0.29415297508239746,0.06119205057621002,0.07260125130414963,0.13395294547080994,0.07260646671056747,NEUTRAL,0.9083117842674255,0.091688,0,0.4251228868961334,0.21991482377052307,0.12551134824752808,0.05481068417429924,0.05077965557575226,0.0707097128033638,0.05315086245536804
NEUTRAL,0.9226543307304382,0.077346,0,0.06948312371969223,0.1355552226305008,0.21128171682357788,0.1323566734790802,0.17099200189113617,0.15440958738327026,0.12592168152332306,NEUTRAL,0.9327453374862671,0.067255,0,0.15039941668510437,0.3073744773864746,0.18124710023403168,0.1270809769630432,0.13320420682430267,0.07626795768737793,0.024425890296697617
NEUTRAL,0.9306486248970032,0.069351,0,0.09635084122419357,0.1545969545841217,0.18054428696632385,0.16100731492042542,0.08162348717451096,0.26252609491348267,0.06335096061229706,NEUTRAL,0.948340892791748,0.051659,0,0.12426799535751343,0.05563156679272652,0.5739974975585938,0.1253327876329422,0.043308086693286896,0.03259119763970375,0.044870972633361816
NEUTRAL,0.9432584643363953,0.056742,0,0.033459316939115524,0.06335007399320602,0.09447156637907028,0.038053955882787704,0.6704432964324951,0.07020379602909088,0.030017971992492676,NEUTRAL,0.967765748500824,0.032234,0,0.0321633480489254,0.014097633771598339,0.0323648564517498,0.017893889918923378,0.006478404626250267,0.8925721049308777,0.004429676104336977
NEUTRAL,0.8595669865608215,0.140433,0,0.19216467440128326,0.16779765486717224,0.1938232183456421,0.10602575540542603,0.06414863467216492,0.1892227679491043,0.08681730180978775,NEUTRAL,0.9673150181770325,0.032685,0,0.2594076097011566,0.23381604254245758,0.13627006113529205,0.11390598118305206,0.09287372976541519,0.09976319223642349,0.06396341323852539
NEUTRAL,0.952282726764679,0.047717,0,0.019959889352321625,0.10060665011405945,0.39408889412879944,0.06777317821979523,0.09355772286653519,0.2801533639431,0.043860260397195816,NEUTRAL,0.9744085073471069,0.025591,0,0.18820789456367493,0.21314787864685059,0.26769450306892395,0.09205948561429977,0.11656136810779572,0.09183039516210556,0.030498329550027847
NEUTRAL,0.7034065127372742,0.296593,0,0.13391034305095673,0.14593496918678284,0.19410595297813416,0.1209908276796341,0.11539379507303238,0.16474400460720062,0.12492003291845322,NEUTRAL,0.9290805459022522,0.070919,0,0.2192210555076599,0.189600870013237,0.2578895390033722,0.10042820870876312,0.09401749074459076,0.07983066886663437,0.059012144804000854
NEUTRAL,0.9559683799743652,0.044032,0,0.044604863971471786,0.12492900341749191,0.2702614367008209,0.18133549392223358,0.11674204468727112,0.1629365086555481,0.09919057786464691,NEUTRAL,0.9442217946052551,0.055778,0,0.5682147145271301,0.0811215192079544,0.08610580861568451,0.09137691557407379,0.058124519884586334,0.047540538012981415,0.0675160139799118
NEUTRAL,0.9316102266311646,0.06839,0,0.14314790070056915,0.14899301528930664,0.18468919396400452,0.1209435760974884,0.13482587039470673,0.17230205237865448,0.09509837627410889,NEUTRAL,0.9512641429901123,0.048736,0,0.6133368015289307,0.11462373286485672,0.07462522387504578,0.03903859108686447,0.026158293709158897,0.1095724031329155,0.0226450152695179
NEUTRAL,0.9213833808898926,0.078617,0,0.07525883615016937,0.15245337784290314,0.49155545234680176,0.0753762423992157,0.05544612556695938,0.08761698752641678,0.06229296699166298,NEUTRAL,0.905947744846344,0.094052,0,0.2122575342655182,0.23614907264709473,0.24597276747226715,0.11108255386352539,0.1139543205499649,0.0536310151219368,0.02695271372795105
NEUTRAL,0.9346943497657776,0.065306,0,0.0675564631819725,0.14154310524463654,0.2405628263950348,0.180495485663414,0.139334574341774,0.14635713398456573,0.08415038138628006,NEUTRAL,0.881350040435791,0.11865,0,0.6801219582557678,0.057841211557388306,0.058945439755916595,0.059493035078048706,0.037626106292009354,0.06598255783319473,0.039989765733480453
NEUTRAL,0.9325466752052307,0.067453,0,0.06889969855546951,0.15031464397907257,0.25225216150283813,0.13717913627624512,0.11971091479063034,0.15566235780715942,0.1159810796380043,NEUTRAL,0.9193916916847229,0.080608,0,0.31335994601249695,0.17361359298229218,0.12971632182598114,0.06452708691358566,0.05877509340643883,0.06030786409974098,0.19970011711120605
NEUTRAL,0.9410962462425232,0.058904,0,0.1369413435459137,0.16944943368434906,0.30880022048950195,0.1362047642469406,0.06741432845592499,0.11437265574932098,0.06681724637746811,NEUTRAL,0.9493752717971802,0.050625,0,0.38146302103996277,0.23810172080993652,0.05606383830308914,0.1163833811879158,0.06954432278871536,0.04799971729516983,0.09044401347637177
NEUTRAL,0.8395140171051025,0.160486,0,0.013615235686302185,0.015837712213397026,0.9126353859901428,0.01545870490372181,0.01419774442911148,0.01645670458674431,0.011798541061580181,NEUTRAL,0.939212441444397,0.060788,0,0.3401544392108917,0.2582859992980957,0.11966904252767563,0.12351401150226593,0.04843049496412277,0.06311404705047607,0.04683194309473038
NEUTRAL,0.9421320557594299,0.057868,0,0.14073316752910614,0.2692956328392029,0.4510955810546875,0.0693080797791481,0.01794426701962948,0.034355733543634415,0.017267508432269096,NEUTRAL,0.7329505085945129,0.267049,0,0.5494927763938904,0.14255033433437347,0.10516899079084396,0.04734900966286659,0.021456122398376465,0.018873650580644608,0.11510911583900452
NEUTRAL,0.7072466015815735,0.292753,0,0.11718108505010605,0.18850241601467133,0.2767010033130646,0.14289115369319916,0.0209663026034832,0.1367715746164322,0.1169864758849144,NEUTRAL,0.9474419951438904,0.052558,0,0.2683893144130707,0.17541968822479248,0.19124485552310944,0.15570053458213806,0.12170568853616714,0.05856072157621384,0.028979139402508736
NEUTRAL,0.8937759399414062,0.106224,0,0.06040263548493385,0.12912409007549286,0.2683742642402649,0.11900687962770462,0.1776195466518402,0.12396523356437683,0.12150739878416061,NEUTRAL,0.9695939421653748,0.030406,0,0.1550784856081009,0.18048006296157837,0.1928042620420456,0.20578424632549286,0.10144801437854767,0.10632076114416122,0.058084215968847275
NEUTRAL,0.9047418236732483,0.095258,0,0.06529060006141663,0.15149512887001038,0.14806321263313293,0.17527222633361816,0.15376360714435577,0.2039898782968521,0.10212540626525879,NEUTRAL,0.9622701406478882,0.03773,0,0.360738605260849,0.34615853428840637,0.07325123995542526,0.05747552216053009,0.04006098210811615,0.04460836201906204,0.0777067095041275
NEUTRAL,0.9544352889060974,0.045565,0,0.12221083790063858,0.14028871059417725,0.3283042013645172,0.12283246219158173,0.1005953699350357,0.08327904343605042,0.10248938947916031,NEUTRAL,0.9382554292678833,0.061745,0,0.25427189469337463,0.17448383569717407,0.1569099724292755,0.141837939620018,0.13799847662448883,0.07010103017091751,0.06439688056707382
NEUTRAL,0.9286012053489685,0.071399,0,0.1064281314611435,0.13633690774440765,0.2265198528766632,0.1204112246632576,0.12760278582572937,0.1645578294992447,0.11814331263303757,NEUTRAL,0.9525822401046753,0.047418,0,0.3184954822063446,0.19939683377742767,0.25192371010780334,0.05780444294214249,0.06691157817840576,0.04871242120862007,0.05675557628273964
NEUTRAL,0.9323893189430237,0.067611,0,0.18871672451496124,0.15388189256191254,0.34008118510246277,0.09671422839164734,0.04878971725702286,0.09941580891609192,0.0724005177617073,NEUTRAL,0.9459211826324463,0.054079,0,0.3210795819759369,0.26954975724220276,0.12916575372219086,0.07660309225320816,0.08331701904535294,0.06692702323198318,0.0533578060567379
NEUTRAL,0.9595285058021545,0.040471,0,0.07536938786506653,0.2931497097015381,0.30651766061782837,0.06045249104499817,0.040382787585258484,0.16682586073875427,0.05730206519365311,NEUTRAL,0.8954886198043823,0.104511,0,0.43950530886650085,0.06622331589460373,0.2267957478761673,0.07038918137550354,0.06254708021879196,0.09484323859214783,0.039696209132671356
NEUTRAL,0.8547104001045227,0.14529,0,0.17574568092823029,0.13561734557151794,0.30749228596687317,0.1340927630662918,0.06780365854501724,0.11590706557035446,0.06334125250577927,NEUTRAL,0.94649338722229,0.053507,0,0.2879687547683716,0.15520797669887543,0.3846891224384308,0.08734771609306335,0.03125923499464989,0.03825201094150543,0.015275132842361927
NEUTRAL,0.7802135348320007,0.219786,0,0.1151997521519661,0.20372335612773895,0.2484738826751709,0.1434095799922943,0.06749827414751053,0.1455157995223999,0.07617932558059692,NEUTRAL,0.9610108733177185,0.038989,0,0.19560746848583221,0.22205407917499542,0.3036910891532898,0.07129032909870148,0.08693620562553406,0.10098350048065186,0.019437279552221298
NEUTRAL,0.8962985873222351,0.103701,0,0.2582947313785553,0.14401152729988098,0.3432599604129791,0.06620465964078903,0.028701310977339745,0.11264215409755707,0.0468856543302536,NEUTRAL,0.9550451040267944,0.044955,0,0.3027120530605316,0.2058098167181015,0.18176476657390594,0.0625828355550766,0.0732668936252594,0.06826463341712952,0.10559897869825363
NEUTRAL,0.9477179646492004,0.052282,0,0.10880408436059952,0.35267311334609985,0.13176745176315308,0.14178553223609924,0.06917830556631088,0.13056813180446625,0.0652233138680458,NEUTRAL,0.9002560973167419,0.099744,0,0.3835248649120331,0.1755928099155426,0.08132576197385788,0.10599544644355774,0.05624775588512421,0.07084518671035767,0.1264682114124298
NEUTRAL,0.9563770890235901,0.043623,0,0.14869728684425354,0.12658776342868805,0.47909456491470337,0.04257424175739288,0.04413295537233353,0.1309443563222885,0.027968844398856163,NEUTRAL,0.9515618085861206,0.048438,0,0.27177292108535767,0.2568361759185791,0.18042568862438202,0.10776788741350174,0.06291728466749191,0.04975467920303345,0.0705253928899765
NEUTRAL,0.9315623641014099,0.068438,0,0.018908990547060966,0.04714914411306381,0.7732900381088257,0.040520571172237396,0.03800387680530548,0.056247539818286896,0.025879865512251854,NEUTRAL,0.8311471939086914,0.168853,0,0.1715531051158905,0.08285224437713623,0.49157261848449707,0.09206170588731766,0.02879658155143261,0.038664139807224274,0.09449948370456696
NEUTRAL,0.8253870010375977,0.174613,0,0.13419993221759796,0.14759507775306702,0.15001435577869415,0.14145886898040771,0.14158742129802704,0.14590494334697723,0.1392393857240677,NEUTRAL,0.9509416222572327,0.049058,0,0.10047990083694458,0.29081621766090393,0.14246349036693573,0.17641106247901917,0.18190144002437592,0.08991096913814545,0.01801690272986889
NEUTRAL,0.8681765198707581,0.131823,0,0.13839316368103027,0.18630172312259674,0.26662978529930115,0.10201813280582428,0.09668129682540894,0.13403873145580292,0.0759371742606163,NEUTRAL,0.9482665657997131,0.051733,0,0.4021891951560974,0.2745465934276581,0.2616686224937439,0.025309456512331963,0.017224673181772232,0.010832644067704678,0.008228912949562073
NEUTRAL,0.8839350342750549,0.116065,0,0.04468653351068497,0.13224059343338013,0.28200563788414,0.051954787224531174,0.24067087471485138,0.16624970734119415,0.08219191431999207,NEUTRAL,0.9417886137962341,0.058211,0,0.5896590948104858,0.20255310833454132,0.05399206653237343,0.04297226667404175,0.027270028367638588,0.05032741278409958,0.033226002007722855
NEUTRAL,0.9311975836753845,0.068802,0,0.1706806868314743,0.15299732983112335,0.4790760576725006,0.04772055521607399,0.04430512338876724,0.05820081755518913,0.04701938107609749,NEUTRAL,0.9458476901054382,0.054152,0,0.3220268785953522,0.2817421853542328,0.15285393595695496,0.08111796528100967,0.05583658814430237,0.02641247771680355,0.08000991493463516
NEUTRAL,0.9442250728607178,0.055775,0,0.027325931936502457,0.12819641828536987,0.2714731693267822,0.20626837015151978,0.09357795864343643,0.1625984162092209,0.11055972427129745,NEUTRAL,0.8882375955581665,0.111762,0,0.2520522177219391,0.1812555342912674,0.1782776564359665,0.15603791177272797,0.08004061877727509,0.1034374013543129,0.048898641020059586
NEUTRAL,0.8907060623168945,0.109294,0,0.05617261305451393,0.18576286733150482,0.11173129826784134,0.22060295939445496,0.08785569667816162,0.2682136297225952,0.069660983979702,NEUTRAL,0.9489979147911072,0.051002,0,0.1626058965921402,0.5584492683410645,0.12212806195020676,0.07338383793830872,0.0425073578953743,0.02493913285434246,0.01598641276359558
NEUTRAL,0.9297478199005127,0.070252,0,0.31470778584480286,0.17120014131069183,0.13965179026126862,0.05733969807624817,0.03171538934111595,0.25584307312965393,0.02954215556383133,NEUTRAL,0.9483199715614319,0.05168,0,0.24996939301490784,0.17349115014076233,0.18533754348754883,0.12161051481962204,0.09648061543703079,0.10715758800506592,0.06595323234796524
NEUTRAL,0.773814857006073,0.226185,0,0.15674014389514923,0.16620062291622162,0.3223077654838562,0.1335238218307495,0.09217168390750885,0.0867062360048294,0.04234971106052399,NEUTRAL,0.9394859671592712,0.060514,0,0.8079633712768555,0.02036283165216446,0.027848253026604652,0.05514010414481163,0.028018977493047714,0.013064893893897533,0.04760156571865082
NEUTRAL,0.8568912744522095,0.143109,0,0.07877634465694427,0.11781082302331924,0.4893245995044708,0.09041999280452728,0.039253294467926025,0.12826372683048248,0.056151293218135834,NEUTRAL,0.8940842747688293,0.105916,0,0.2696599066257477,0.20298215746879578,0.21720461547374725,0.07618247717618942,0.08495305478572845,0.06189071759581566,0.08712717145681381
NEUTRAL,0.9625670313835144,0.037433,0,0.06958754360675812,0.20115213096141815,0.3103840947151184,0.09411508589982986,0.06334295868873596,0.18149228394031525,0.07992591708898544,NEUTRAL,0.966623842716217,0.033376,0,0.3586210310459137,0.2023998498916626,0.18891580402851105,0.11055522412061691,0.0461893267929554,0.055954642593860626,0.03736415505409241
NEUTRAL,0.9337114095687866,0.066289,0,0.06912552565336227,0.17944537103176117,0.261944979429245,0.11297062784433365,0.11107020080089569,0.16351380944252014,0.10192940384149551,NEUTRAL,0.9327676296234131,0.067232,0,0.31162336468696594,0.26578837633132935,0.12105955183506012,0.13592974841594696,0.11052639782428741,0.028290539979934692,0.026782045140862465
NEUTRAL,0.911283016204834,0.088717,0,0.05304551124572754,0.15074515342712402,0.25295913219451904,0.147007554769516,0.11445511132478714,0.17229586839675903,0.10949163883924484,NEUTRAL,0.928234875202179,0.071765,0,0.4692196846008301,0.1088799238204956,0.1551274210214615,0.10497784614562988,0.05474477261304855,0.0692182257771492,0.0378321036696434
NEUTRAL,0.9275779724121094,0.072422,0,0.03835814818739891,0.14711318910121918,0.17570480704307556,0.21723376214504242,0.10265618562698364,0.16280072927474976,0.15613313019275665,NEUTRAL,0.9311399459838867,0.06886,0,0.20974040031433105,0.2036793977022171,0.09528102725744247,0.23004016280174255,0.08248387277126312,0.08013693243265152,0.09863829612731934
NEUTRAL,0.9494970440864563,0.050503,0,0.0813654437661171,0.22700530290603638,0.32095539569854736,0.08112308382987976,0.086857371032238,0.12117233872413635,0.08152107894420624,NEUTRAL,0.9478987455368042,0.052101,0,0.13223303854465485,0.301722913980484,0.3353528678417206,0.08024360984563828,0.05025966838002205,0.06899084150791168,0.03119703009724617
NEUTRAL,0.9188107252120972,0.081189,0,0.07676467299461365,0.3043367266654968,0.19160111248493195,0.0809829831123352,0.06656514108181,0.20828986167907715,0.07145953923463821,NEUTRAL,0.9711524248123169,0.028848,0,0.6687062382698059,0.04829277843236923,0.1259431391954422,0.0650278851389885,0.027043776586651802,0.028582246974110603,0.03640398755669594
NEUTRAL,0.9386760592460632,0.061324,0,0.06011250242590904,0.2337985336780548,0.2382054179906845,0.08992870897054672,0.05919090658426285,0.2782893180847168,0.040474530309438705,NEUTRAL,0.9485356211662292,0.051464,0,0.46094268560409546,0.24216525256633759,0.10866612195968628,0.042713236063718796,0.0540911927819252,0.05661937594413757,0.03480213135480881
NEUTRAL,0.9487588405609131,0.051241,0,0.08404063433408737,0.12341050803661346,0.31343874335289,0.07621598243713379,0.2273261845111847,0.11249837279319763,0.06306952983140945,NEUTRAL,0.9462132453918457,0.053787,0,0.4999179244041443,0.08227009326219559,0.09719713032245636,0.10034610331058502,0.06559249758720398,0.1029883623123169,0.05168787017464638
NEUTRAL,0.9435794353485107,0.056421,0,0.004605977796018124,0.33919626474380493,0.14758364856243134,0.11364612728357315,0.0579395666718483,0.16981784999370575,0.16721050441265106,NEUTRAL,0.8821574449539185,0.117843,0,0.45377007126808167,0.23553387820720673,0.18082693219184875,0.021889179944992065,0.07955500483512878,0.00931935291737318,0.01910552568733692
NEUTRAL,0.9040229320526123,0.095977,0,0.14494051039218903,0.0949004590511322,0.49826580286026,0.07810349762439728,0.05225168168544769,0.08321890234947205,0.048319168388843536,NEUTRAL,0.9283816814422607,0.071618,0,0.11270750313997269,0.14831262826919556,0.14201350510120392,0.13645470142364502,0.11626437306404114,0.1380588561296463,0.2061884105205536
NEUTRAL,0.9316102266311646,0.06839,0,0.14314790070056915,0.14899301528930664,0.18468919396400452,0.1209435760974884,0.13482587039470673,0.17230205237865448,0.09509837627410889,NEUTRAL,0.9196998476982117,0.0803,0,0.6269778609275818,0.0762147381901741,0.08215748518705368,0.023496409878134727,0.02441786602139473,0.11618512868881226,0.05055048689246178
NEUTRAL,0.9346943497657776,0.065306,0,0.0675564631819725,0.14154310524463654,0.2405628263950348,0.180495485663414,0.139334574341774,0.14635713398456573,0.08415038138628006,NEUTRAL,0.946991503238678,0.053008,0,0.48452824354171753,0.10065846890211105,0.17657588422298431,0.09116644412279129,0.04071607068181038,0.06382733583450317,0.04252760484814644
NEUTRAL,0.9325466752052307,0.067453,0,0.06889969855546951,0.15031464397907257,0.25225216150283813,0.13717913627624512,0.11971091479063034,0.15566235780715942,0.1159810796380043,NEUTRAL,0.931988537311554,0.068011,0,0.29623329639434814,0.24959611892700195,0.17237679660320282,0.15220209956169128,0.03408617526292801,0.035630859434604645,0.05987463891506195
NEUTRAL,0.9410962462425232,0.058904,0,0.1369413435459137,0.16944943368434906,0.30880022048950195,0.1362047642469406,0.06741432845592499,0.11437265574932098,0.06681724637746811,NEUTRAL,0.9064852595329285,0.093515,0,0.2223350554704666,0.043311674147844315,0.16506174206733704,0.2804872393608093,0.09308316558599472,0.11877735704183578,0.07694373279809952
NEUTRAL,0.7072466015815735,0.292753,0,0.11718108505010605,0.18850241601467133,0.2767010033130646,0.14289115369319916,0.0209663026034832,0.1367715746164322,0.1169864758849144,NEUTRAL,0.9332303404808044,0.06677,0,0.17766104638576508,0.3138752579689026,0.15626531839370728,0.22802798449993134,0.054628483951091766,0.025157427415251732,0.04438448324799538
NEUTRAL,0.9047418236732483,0.095258,0,0.06529060006141663,0.15149512887001038,0.14806321263313293,0.17527222633361816,0.15376360714435577,0.2039898782968521,0.10212540626525879,NEUTRAL,0.9332237243652344,0.066776,0,0.44650691747665405,0.2623443007469177,0.09159606695175171,0.04811341315507889,0.0683191791176796,0.05403118208050728,0.029088890179991722
NEUTRAL,0.972493588924408,0.027506,0,0.07486353069543839,0.12967057526111603,0.4158627688884735,0.11219296604394913,0.08605792373418808,0.10407224297523499,0.07727998495101929,NEUTRAL,0.9326121211051941,0.067388,0,0.35232242941856384,0.1167568489909172,0.20785047113895416,0.12211959809064865,0.09389082342386246,0.061843279749155045,0.04521651193499565
NEUTRAL,0.9595285058021545,0.040471,0,0.07536938786506653,0.2931497097015381,0.30651766061782837,0.06045249104499817,0.040382787585258484,0.16682586073875427,0.05730206519365311,NEUTRAL,0.9426462650299072,0.057354,0,0.30934691429138184,0.18344514071941376,0.19106142222881317,0.09774128347635269,0.04383152723312378,0.04837042838335037,0.126203253865242
NEUTRAL,0.9477179646492004,0.052282,0,0.10880408436059952,0.35267311334609985,0.13176745176315308,0.14178553223609924,0.06917830556631088,0.13056813180446625,0.0652233138680458,NEUTRAL,0.9111883640289307,0.088812,0,0.4650431275367737,0.20843350887298584,0.06990531086921692,0.10295423120260239,0.038295309990644455,0.03933542221784592,0.07603302597999573
NEUTRAL,0.9315623641014099,0.068438,0,0.018908990547060966,0.04714914411306381,0.7732900381088257,0.040520571172237396,0.03800387680530548,0.056247539818286896,0.025879865512251854,NEUTRAL,0.9629510045051575,0.037049,0,0.21014103293418884,0.2582385838031769,0.15017345547676086,0.19979137182235718,0.11550603061914444,0.0455746203660965,0.02057487890124321
NEUTRAL,0.9135491251945496,0.086451,0,0.10710196942090988,0.1572897881269455,0.20276415348052979,0.115672267973423,0.13503296673297882,0.15581156313419342,0.126327246427536,NEUTRAL,0.9515613317489624,0.048439,0,0.07553321868181229,0.17717421054840088,0.25029078125953674,0.18297486007213593,0.08671111613512039,0.15740779042243958,0.06990796327590942
NEUTRAL,0.9278462529182434,0.072154,0,0.03273032233119011,0.17202475666999817,0.2071864902973175,0.11037851125001907,0.14422069489955902,0.1937863677740097,0.1396729052066803,NEUTRAL,0.9457587003707886,0.054241,0,0.1537247896194458,0.17649468779563904,0.19866721332073212,0.1694176197052002,0.15328410267829895,0.12331880629062653,0.02509278804063797
NEUTRAL,0.9446291327476501,0.055371,0,0.02857055515050888,0.2433663308620453,0.19429320096969604,0.15591320395469666,0.0873551294207573,0.1700635850429535,0.12043803930282593,NEUTRAL,0.9512428045272827,0.048757,0,0.3752678334712982,0.11468590795993805,0.1044655591249466,0.1892499029636383,0.09626919031143188,0.0732109546661377,0.04685065150260925
NEUTRAL,0.9192013740539551,0.080799,0,0.0843353345990181,0.20326142013072968,0.16927075386047363,0.21696218848228455,0.09585872292518616,0.18178880214691162,0.048522673547267914,NEUTRAL,0.9309712052345276,0.069029,0,0.2362343817949295,0.3567134141921997,0.1786646991968155,0.12410801649093628,0.04815952107310295,0.023936059325933456,0.032183900475502014
NEUTRAL,0.6197353005409241,0.380265,0,0.06345599889755249,0.2473277449607849,0.29333704710006714,0.15049417316913605,0.0870048776268959,0.1322302520275116,0.026149947196245193,NEUTRAL,0.5918654799461365,0.408135,0,0.7243683934211731,0.04302799701690674,0.04839128628373146,0.0429433137178421,0.04075716808438301,0.04152984172105789,0.05898192524909973
