human_sentiment_label,human_sentiment_score,human_affective_extremity,human_is_subjective,human_emotion_neutral,human_emotion_surprise,human_emotion_anger,human_emotion_joy,human_emotion_disgust,human_emotion_fear,human_emotion_sadness,llm_sentiment_label,llm_sentiment_score,llm_affective_extremity,llm_is_subjective,llm_emotion_neutral,llm_emotion_joy,llm_emotion_surprise,llm_emotion_anger,llm_emotion_disgust,llm_emotion_sadness,llm_emotion_fear
NEUTRAL,0.8389950394630432,0.161005,0,0.29565081000328064,0.2912355363368988,0.17915067076683044,0.08162111043930054,0.05782535672187805,0.048224400728940964,0.046292103826999664,NEUTRAL,0.5695065259933472,0.430493,0,0.6308428049087524,0.22778794169425964,0.06228257715702057,0.03512350469827652,0.018808908760547638,0.014227673411369324,0.010926617309451103
NEUTRAL,0.8460039496421814,0.153996,0,0.07353746145963669,0.607117772102356,0.08546483516693115,0.0763176903128624,0.05975556746125221,0.05583226680755615,0.04197446256875992,NEUTRAL,0.8108832240104675,0.189117,0,0.17813019454479218,0.20595651865005493,0.38534095883369446,0.07044409215450287,0.07095492631196976,0.059223685413599014,0.029949603602290154
POSITIVE,0.8442267179489136,0.854066,1,0.028234900906682014,0.06794268637895584,0.017789505422115326,0.8626338243484497,0.007238992489874363,0.0062827724032104015,0.009877257980406284,POSITIVE,0.7616651654243469,0.785658,1,0.04866684973239899,0.8777863383293152,0.0225974190980196,0.014516890048980713,0.017711415886878967,0.010665718466043472,0.008055350743234158
NEUTRAL,0.8248903155326843,0.17511,0,0.8557031750679016,0.04740306735038757,0.020426103845238686,0.019040588289499283,0.013258961960673332,0.014863292686641216,0.029304813593626022,NEUTRAL,0.8610207438468933,0.138979,0,0.009528502821922302,0.036708246916532516,0.011869559064507484,0.45721131563186646,0.019221052527427673,0.011264883913099766,0.4541964828968048
NEUTRAL,0.9724326729774475,0.027567,0,0.08392315357923508,0.5612215995788574,0.06994982063770294,0.07697391510009766,0.07094525545835495,0.08475974202156067,0.05222654342651367,NEUTRAL,0.7567177414894104,0.243282,0,0.05186628922820091,0.2706989049911499,0.38689953088760376,0.10686343163251877,0.010576887056231499,0.14349809288978577,0.029596809297800064
NEUTRAL,0.8961010575294495,0.103899,0,0.12628991901874542,0.7597253918647766,0.026812393218278885,0.021566618233919144,0.03072230890393257,0.01917130872607231,0.015712065622210503,NEGATIVE,0.9723100662231445,0.973559,1,0.011147908866405487,0.015577470883727074,0.3133450746536255,0.008294712752103806,0.6377677917480469,0.0037105067167431116,0.010156538337469101
NEUTRAL,0.982311487197876,0.017689,0,0.11912807822227478,0.3260204792022705,0.10774063318967819,0.13896815478801727,0.14133332669734955,0.10786033421754837,0.05894901603460312,NEGATIVE,0.9598595499992371,0.961707,1,0.08315585553646088,0.2573513686656952,0.4107705354690552,0.02754342555999756,0.1371401697397232,0.04563009366393089,0.038408488035202026
NEUTRAL,0.9075153470039368,0.092485,0,0.06946117430925369,0.6499480605125427,0.04682217910885811,0.07840880751609802,0.07116576284170151,0.04113999381661415,0.04305403307080269,NEGATIVE,0.974922776222229,0.975726,1,0.06918732076883316,0.09880418330430984,0.3234740197658539,0.15578041970729828,0.1917695552110672,0.10965669900178909,0.05132786184549332
NEUTRAL,0.9505489468574524,0.049451,0,0.059496231377124786,0.8510926961898804,0.006796621717512608,0.06561268866062164,0.0080109853297472,0.005375897511839867,0.0036148710642009974,NEUTRAL,0.8927237391471863,0.107276,0,0.21114766597747803,0.28885307908058167,0.11616512387990952,0.13329194486141205,0.07167275995016098,0.06039784476161003,0.11847169697284698
NEUTRAL,0.9014967679977417,0.098503,0,0.037544962018728256,0.7390505075454712,0.0681743398308754,0.0599450021982193,0.04757015407085419,0.02244093269109726,0.025274066254496574,NEUTRAL,0.9613029956817627,0.038697,0,0.10251779109239578,0.11019665747880936,0.5051989555358887,0.08100248873233795,0.049228277057409286,0.05245925113558769,0.09939657896757126
POSITIVE,0.969841718673706,0.971788,1,0.03996777907013893,0.2645120322704315,0.05821288004517555,0.4900287389755249,0.048339106142520905,0.06783641129732132,0.03110315650701523,NEUTRAL,0.711178719997406,0.288821,0,0.07826884835958481,0.07199489325284958,0.13741138577461243,0.17172107100486755,0.10281578451395035,0.17939171195030212,0.25839629769325256
NEUTRAL,0.7580081820487976,0.241992,0,0.589860200881958,0.19420775771141052,0.010609213262796402,0.1725231558084488,0.018267476931214333,0.007640393916517496,0.006891840137541294,NEUTRAL,0.5542861223220825,0.445714,0,0.10823437571525574,0.08371630311012268,0.11047455668449402,0.1295006424188614,0.09995555877685547,0.09339868277311325,0.3747198283672333
NEUTRAL,0.5847553610801697,0.415245,0,0.15719996392726898,0.13438758254051208,0.08362092077732086,0.3999497592449188,0.06310850381851196,0.07510144263505936,0.08663184195756912,POSITIVE,0.5231108665466309,0.583571,1,0.0805928036570549,0.04903838410973549,0.04371892288327217,0.23512059450149536,0.06909690797328949,0.15376834571361542,0.36866405606269836
NEUTRAL,0.9316830635070801,0.068317,0,0.3808891475200653,0.2604520618915558,0.07140525430440903,0.11336928606033325,0.07773422449827194,0.05652118846774101,0.03962882235646248,NEGATIVE,0.858300507068634,0.888638,1,0.09786376357078552,0.07838770747184753,0.25120481848716736,0.12197762727737427,0.09132351726293564,0.15367133915424347,0.2055712789297104
NEGATIVE,0.6338334083557129,0.651023,1,0.18727780878543854,0.4574020206928253,0.09626758843660355,0.056114573031663895,0.06733182817697525,0.06641405820846558,0.06919216364622116,NEUTRAL,0.5077077150344849,0.492292,0,0.10705085098743439,0.1814594864845276,0.43288230895996094,0.04055831953883171,0.10847023129463196,0.11229193955659866,0.017286868765950203
NEUTRAL,0.9472158551216125,0.052784,0,0.12539848685264587,0.41716477274894714,0.06933184713125229,0.16712182760238647,0.09404711425304413,0.06981651484966278,0.0571194551885128,NEUTRAL,0.9010704159736633,0.09893,0,0.1822730153799057,0.11272475123405457,0.29295286536216736,0.12877871096134186,0.09194422513246536,0.0795448049902916,0.11178164929151535
NEUTRAL,0.9225984215736389,0.077402,0,0.12171100080013275,0.26655149459838867,0.13777825236320496,0.13755400478839874,0.05307130515575409,0.12943728268146515,0.15389668941497803,NEUTRAL,0.8775390386581421,0.122461,0,0.18831145763397217,0.16967318952083588,0.21142560243606567,0.14452014863491058,0.0805429145693779,0.1086903065443039,0.09683637320995331
NEGATIVE,0.8732622861862183,0.884639,1,0.06869127601385117,0.4778973162174225,0.08200987428426743,0.2798879146575928,0.025386787950992584,0.04274522513151169,0.023381704464554787,NEUTRAL,0.7386207580566406,0.261379,0,0.24009935557842255,0.15258944034576416,0.1435694694519043,0.15187083184719086,0.11534202843904495,0.09137455374002457,0.10515435039997101
NEUTRAL,0.6702470183372498,0.329753,0,0.06397794187068939,0.3976092040538788,0.11456385254859924,0.27275681495666504,0.046200938522815704,0.053958792239427567,0.05093243718147278,NEUTRAL,0.7824836373329163,0.217516,0,0.15141911804676056,0.11600969731807709,0.2590610682964325,0.15457944571971893,0.12147478759288788,0.08171673119068146,0.11573919653892517
NEUTRAL,0.8040540814399719,0.195946,0,0.16847434639930725,0.3208666741847992,0.11175002157688141,0.16624170541763306,0.07850001007318497,0.0862342044711113,0.06793302297592163,NEUTRAL,0.9196411371231079,0.080359,0,0.09111256152391434,0.11652054637670517,0.42200878262519836,0.11600763350725174,0.0927986204624176,0.07192567735910416,0.08962620049715042
NEGATIVE,0.9668015241622925,0.970235,1,0.03288743644952774,0.4718848466873169,0.08297423273324966,0.0122646139934659,0.2867857813835144,0.023816987872123718,0.08938603103160858,NEUTRAL,0.6668548583984375,0.333145,0,0.1209646537899971,0.1573251187801361,0.19826272130012512,0.17625559866428375,0.13154777884483337,0.07752414047718048,0.13812004029750824
NEUTRAL,0.8934150338172913,0.106585,0,0.10773036628961563,0.26183727383613586,0.21422883868217468,0.0839497298002243,0.12449926882982254,0.13828538358211517,0.06946913152933121,NEUTRAL,0.8853979110717773,0.114602,0,0.08476703613996506,0.055321890860795975,0.6656792759895325,0.053312428295612335,0.05348127707839012,0.027630697935819626,0.05980740487575531
POSITIVE,0.6810888648033142,0.687053,1,0.053403470665216446,0.6505987644195557,0.0593823567032814,0.0729980617761612,0.043104421347379684,0.09498149901628494,0.025531398132443428,NEUTRAL,0.9566131830215454,0.043387,0,0.11298180371522903,0.10901866853237152,0.3744845688343048,0.12466063350439072,0.1410219669342041,0.05097498744726181,0.08685734122991562
NEUTRAL,0.6635611653327942,0.336439,0,0.014022402465343475,0.0411563515663147,0.020892906934022903,0.0032784421928226948,0.0025505926460027695,0.9144418239593506,0.0036574455443769693,NEUTRAL,0.9667512774467468,0.033249,0,0.1961316466331482,0.0578724630177021,0.4884229898452759,0.08854057639837265,0.0829913467168808,0.04658099263906479,0.03946002945303917
NEUTRAL,0.9739945530891418,0.026005,0,0.13075873255729675,0.37250274419784546,0.08091819286346436,0.14744670689105988,0.09262829273939133,0.08498096466064453,0.09076439589262009,NEUTRAL,0.9579355120658875,0.042064,0,0.23044264316558838,0.06510937958955765,0.47955775260925293,0.0703628733754158,0.05689619854092598,0.024984432384371758,0.07264673709869385
POSITIVE,0.6764059066772461,0.685634,1,0.031482499092817307,0.05810144916176796,0.0073974705301225185,0.8864665627479553,0.00619962252676487,0.004288761410862207,0.006063677836209536,NEUTRAL,0.9281439781188965,0.071856,0,0.14050453901290894,0.09898703545331955,0.5303272604942322,0.06697426736354828,0.08162880688905716,0.04911705479025841,0.032461002469062805
NEUTRAL,0.7530362606048584,0.246964,0,0.10925937443971634,0.6001154184341431,0.044951777905225754,0.052230242639780045,0.043350618332624435,0.10341495275497437,0.04667763411998749,NEUTRAL,0.9463542699813843,0.053646,0,0.15105773508548737,0.09986405819654465,0.30694299936294556,0.13528180122375488,0.14437347650527954,0.0783676728606224,0.08411217480897903
POSITIVE,0.7757458090782166,0.7808,1,0.06947249919176102,0.44243693351745605,0.07632622867822647,0.2760155498981476,0.036020319908857346,0.06165068596601486,0.03807780519127846,NEUTRAL,0.9665414094924927,0.033459,0,0.025244180113077164,0.018496492877602577,0.9235272407531738,0.009912916459143162,0.005705896764993668,0.007119996473193169,0.009993243031203747
NEUTRAL,0.9563018083572388,0.043698,0,0.024496056139469147,0.8888330459594727,0.015771085396409035,0.023345617577433586,0.01690414547920227,0.019445553421974182,0.011204422451555729,NEUTRAL,0.9030758142471313,0.096924,0,0.03911685198545456,0.07320351153612137,0.7590680718421936,0.021762333810329437,0.03844727948307991,0.026562664657831192,0.041839245706796646
NEUTRAL,0.8463951349258423,0.153605,0,0.4790327847003937,0.3814471364021301,0.020748892799019814,0.044989876449108124,0.0325617678463459,0.024294309318065643,0.016925163567066193,NEUTRAL,0.6286661028862,0.371334,0,0.08419646322727203,0.03728114813566208,0.73322993516922,0.03289621323347092,0.041991863399744034,0.025597458705306053,0.04480691999197006
NEGATIVE,0.9929191470146179,0.993434,1,0.2393745481967926,0.27348750829696655,0.03389756381511688,0.06810702383518219,0.276693195104599,0.055101022124290466,0.05333911255002022,NEGATIVE,0.9939355254173279,0.994352,1,0.01285791490226984,0.01435808464884758,0.696291983127594,0.018576886504888535,0.21154719591140747,0.012273591011762619,0.034094396978616714
NEUTRAL,0.5333437323570251,0.466656,0,0.5519038438796997,0.26275908946990967,0.025299111381173134,0.0655268132686615,0.0422530435025692,0.031582314521074295,0.02067575231194496,NEGATIVE,0.9231817126274109,0.92517,1,0.10065878182649612,0.06461891531944275,0.6759395599365234,0.03124840557575226,0.0594085156917572,0.024592747911810875,0.04353302717208862
NEUTRAL,0.7308028340339661,0.269197,0,0.1083608865737915,0.3550471365451813,0.12005602568387985,0.18298488855361938,0.07805590331554413,0.09047278016805649,0.06502235680818558,NEGATIVE,0.9931867122650146,0.993765,1,0.010015672072768211,0.017202481627464294,0.22357138991355896,0.00875070784240961,0.645656168460846,0.007586638908833265,0.08721684664487839
NEUTRAL,0.8702101111412048,0.12979,0,0.012179330922663212,0.9597063660621643,0.005820370279252529,0.006833143997937441,0.006509944796562195,0.00540902791544795,0.0035418157931417227,NEGATIVE,0.9815717935562134,0.982374,1,0.02617809921503067,0.0509948804974556,0.6059749722480774,0.02836187370121479,0.22704368829727173,0.014298758469522,0.047147661447525024
NEUTRAL,0.8498543500900269,0.150146,0,0.17441925406455994,0.34013816714286804,0.13224253058433533,0.12116154283285141,0.08687571436166763,0.09563129395246506,0.0495314784348011,NEUTRAL,0.9243593215942383,0.075641,0,0.11581964045763016,0.1606362909078598,0.1632949411869049,0.1492021381855011,0.1526884138584137,0.12316620349884033,0.13519228994846344
NEGATIVE,0.5984899997711182,0.611214,1,0.6920357346534729,0.22346621751785278,0.028229881078004837,0.0131944939494133,0.0137709379196167,0.018688300624489784,0.010614409111440182,NEUTRAL,0.8949540257453918,0.105046,0,0.1875242441892624,0.121531642973423,0.2813621163368225,0.12241614609956741,0.10533205419778824,0.07366565614938736,0.10816814750432968
POSITIVE,0.7878609299659729,0.792513,1,0.02810312807559967,0.6167296767234802,0.018881186842918396,0.3050088584423065,0.009943109937012196,0.008670568466186523,0.012663440778851509,NEUTRAL,0.9191429018974304,0.080857,0,0.10405823588371277,0.13989025354385376,0.16543005406856537,0.16303479671478271,0.1552739143371582,0.12320080399513245,0.14911192655563354
NEUTRAL,0.884117603302002,0.115882,0,0.1189064085483551,0.7083763480186462,0.037713680416345596,0.04681508615612984,0.04416688159108162,0.02398676797747612,0.020034877583384514,NEUTRAL,0.8564990162849426,0.143501,0,0.22246216237545013,0.11472692340612411,0.19024118781089783,0.12197563052177429,0.12310902774333954,0.09664159268140793,0.13084346055984497
NEUTRAL,0.8052552342414856,0.194745,0,0.1103447675704956,0.22817187011241913,0.13956977427005768,0.17507556080818176,0.12343063950538635,0.12857356667518616,0.09483382105827332,NEUTRAL,0.846767246723175,0.153233,0,0.21350300312042236,0.2597910463809967,0.3754490613937378,0.050110962241888046,0.032311733812093735,0.03525371477007866,0.033580489456653595
NEUTRAL,0.823006808757782,0.176993,0,0.0729927271604538,0.7458387017250061,0.03078036941587925,0.1057552769780159,0.018880680203437805,0.013770150020718575,0.011982093565165997,NEUTRAL,0.6926482319831848,0.307352,0,0.17097093164920807,0.27172791957855225,0.2531124949455261,0.0869113951921463,0.08657603710889816,0.061247531324625015,0.06945368647575378
NEUTRAL,0.954988420009613,0.045012,0,0.11635571718215942,0.39443111419677734,0.07797101885080338,0.225826233625412,0.0665673092007637,0.06707751750946045,0.051771100610494614,NEUTRAL,0.7728539705276489,0.227146,0,0.25687411427497864,0.08140814304351807,0.3855159878730774,0.08949925750494003,0.07930970191955566,0.04143279418349266,0.06596002727746964
NEUTRAL,0.8994334936141968,0.100567,0,0.1829516887664795,0.4073616564273834,0.0673568844795227,0.08364748954772949,0.14914871752262115,0.059626203030347824,0.04990733414888382,NEUTRAL,0.9181036353111267,0.081896,0,0.15841442346572876,0.10366006195545197,0.4663258492946625,0.08035992830991745,0.08168049901723862,0.050830937922000885,0.05872836709022522
NEUTRAL,0.9048507213592529,0.095149,0,0.1514938622713089,0.3860895335674286,0.11623281240463257,0.1105281263589859,0.09334322810173035,0.07784662395715714,0.06446577608585358,NEUTRAL,0.7099211812019348,0.290079,0,0.14755387604236603,0.11245737224817276,0.48174384236335754,0.08851418644189835,0.06962530314922333,0.044099513441324234,0.05600598454475403
NEGATIVE,0.5997545719146729,0.637841,1,0.22636227309703827,0.3384346067905426,0.05303851142525673,0.17218145728111267,0.11882008612155914,0.05255158245563507,0.038611434400081635,NEUTRAL,0.9059118628501892,0.094088,0,0.09377961605787277,0.11361929774284363,0.39434269070625305,0.12377055734395981,0.14123642444610596,0.07611243426799774,0.05713904649019241
NEUTRAL,0.7865177392959595,0.213482,0,0.013909033499658108,0.9170024991035461,0.008865796029567719,0.012721553444862366,0.022043295204639435,0.01717480644583702,0.008283058181405067,NEUTRAL,0.8111789226531982,0.188821,0,0.09128664433956146,0.12130746990442276,0.4209595024585724,0.12361735850572586,0.10641425102949142,0.06513099372386932,0.07128378003835678
NEUTRAL,0.8905587792396545,0.109441,0,0.15576572716236115,0.15821175277233124,0.1973516196012497,0.11424761265516281,0.16573292016983032,0.09400977194309235,0.11468063294887543,NEUTRAL,0.732729971408844,0.26727,0,0.15802279114723206,0.13790248334407806,0.2476581186056137,0.12226203829050064,0.1350196748971939,0.10298709571361542,0.09614778310060501
NEGATIVE,0.9919455647468567,0.992851,1,0.025388119742274284,0.19645264744758606,0.02006247639656067,0.004771239589899778,0.6601123213768005,0.08854261785745621,0.004670547321438789,POSITIVE,0.8060940504074097,0.836497,1,0.0105831827968359,0.16076315939426422,0.1350628286600113,0.3132880628108978,0.01883651316165924,0.19267448782920837,0.16879191994667053
NEUTRAL,0.9934594631195068,0.006541,0,0.024748748168349266,0.6511073708534241,0.10196052491664886,0.06094316020607948,0.0707407146692276,0.048876773566007614,0.04162270575761795,NEUTRAL,0.9800211787223816,0.019979,0,0.17946046590805054,0.07674594968557358,0.24280954897403717,0.1382487565279007,0.16495566070079803,0.0936695858836174,0.1041100025177002
NEGATIVE,0.5786975622177124,0.654517,1,0.016060324385762215,0.12283103168010712,0.1783142238855362,0.013120069168508053,0.2932667136192322,0.02824603021144867,0.34816157817840576,POSITIVE,0.7503747344017029,0.78044,1,0.13051649928092957,0.055141087621450424,0.451546847820282,0.08350926637649536,0.1299254298210144,0.07332812249660492,0.07603273540735245
NEUTRAL,0.7497758269309998,0.250224,0,0.024845711886882782,0.04932770878076553,0.3328492343425751,0.021368414163589478,0.03508780896663666,0.08309318125247955,0.4534279406070709,POSITIVE,0.48592033982276917,0.537459,1,0.5530049204826355,0.04669879376888275,0.2087756246328354,0.054766833782196045,0.06870990991592407,0.03522704169154167,0.032816868275403976
NEUTRAL,0.7072882056236267,0.292712,0,0.15183280408382416,0.28863051533699036,0.15425969660282135,0.09912165999412537,0.10777468979358673,0.14069435000419617,0.05768628790974617,POSITIVE,0.4764254689216614,0.59363,1,0.1113322302699089,0.10298382490873337,0.38933566212654114,0.08445234596729279,0.15276700258255005,0.07694163173437119,0.08218739181756973
NEUTRAL,0.6451361775398254,0.354864,0,0.06260411441326141,0.5051825642585754,0.09289998561143875,0.07207871973514557,0.10011031478643417,0.062205277383327484,0.10491908341646194,NEUTRAL,0.4431352913379669,0.556865,0,0.21337035298347473,0.11372747272253036,0.37581613659858704,0.06227591633796692,0.1088028997182846,0.06599052995443344,0.06001665070652962
NEGATIVE,0.49170538783073425,0.546831,1,0.053786564618349075,0.25000765919685364,0.1383829563856125,0.046622663736343384,0.4173218309879303,0.05321716144680977,0.04066118597984314,NEUTRAL,0.4614294767379761,0.538571,0,0.17184673249721527,0.06203765422105789,0.21821048855781555,0.101051926612854,0.24064034223556519,0.10051940381526947,0.10569345206022263
NEUTRAL,0.9393608570098877,0.060639,0,0.1270599216222763,0.24005141854286194,0.13427944481372833,0.10748516023159027,0.1703428477048874,0.12196037173271179,0.09882088005542755,NEUTRAL,0.9419039487838745,0.058096,0,0.5032411217689514,0.03345063701272011,0.23137663304805756,0.06888687610626221,0.05752077326178551,0.0584152415394783,0.04710878059267998
NEUTRAL,0.536307156085968,0.463693,0,0.27749982476234436,0.4309467673301697,0.06807302683591843,0.06660447269678116,0.06109379231929779,0.04600447416305542,0.04977763816714287,NEUTRAL,0.885002613067627,0.114997,0,0.10989879071712494,0.051090363413095474,0.6155907511711121,0.051459819078445435,0.08999434858560562,0.03353407233953476,0.04843194782733917
NEUTRAL,0.9371967315673828,0.062803,0,0.268932044506073,0.4540005028247833,0.0671360120177269,0.10170511901378632,0.05330566316843033,0.027298005297780037,0.0276226494461298,NEUTRAL,0.9337493181228638,0.066251,0,0.14151793718338013,0.11791758984327316,0.6584623456001282,0.02019071951508522,0.03192470967769623,0.0134455980733037,0.01654106192290783
NEGATIVE,0.661844789981842,0.675501,1,0.06252112984657288,0.7440601587295532,0.024040747433900833,0.03598495200276375,0.08340205997228622,0.0295926071703434,0.020398389548063278,NEUTRAL,0.9446040391921997,0.055396,0,0.07411076873540878,0.016481731086969376,0.8520033955574036,0.01582142896950245,0.019305454567074776,0.010690462775528431,0.011586795561015606
NEGATIVE,0.5453189611434937,0.552415,1,0.0675266906619072,0.41343075037002563,0.1186656579375267,0.05722039192914963,0.21386070549488068,0.07433248311281204,0.054963354021310806,NEUTRAL,0.9328086376190186,0.067191,0,0.19019706547260284,0.10847403109073639,0.16391482949256897,0.14668148756027222,0.13338005542755127,0.1655750572681427,0.0917774885892868
NEUTRAL,0.9858551621437073,0.014145,0,0.4815828502178192,0.27440178394317627,0.06409896165132523,0.03926335275173187,0.08459368348121643,0.030948711559176445,0.02511073276400566,NEUTRAL,0.9176299571990967,0.08237,0,0.0948185920715332,0.03433271870017052,0.7018171548843384,0.04373079910874367,0.05233975127339363,0.04234235733747482,0.030618559569120407
NEUTRAL,0.6466389894485474,0.353361,0,0.035275913774967194,0.3149780035018921,0.35670751333236694,0.16795067489147186,0.08516845107078552,0.024453038349747658,0.015466372482478619,NEUTRAL,0.9430413246154785,0.056959,0,0.11009729653596878,0.07606258988380432,0.6918359398841858,0.04169035330414772,0.036657605320215225,0.02011384442448616,0.02354244887828827
NEUTRAL,0.753972053527832,0.246028,0,0.04740174487233162,0.5837703943252563,0.053764693439006805,0.18831712007522583,0.052024610340595245,0.03485593572258949,0.039865512400865555,NEUTRAL,0.9074121713638306,0.092588,0,0.0908600240945816,0.014230972155928612,0.8380836248397827,0.016484307125210762,0.016560915857553482,0.010519105941057205,0.01326104998588562
NEGATIVE,0.8639582395553589,0.869344,1,0.9080222845077515,0.05930348113179207,0.006552277598530054,0.005309285596013069,0.00834965705871582,0.00702669657766819,0.005436311475932598,NEUTRAL,0.8470189571380615,0.152981,0,0.17534054815769196,0.11832641065120697,0.35167407989501953,0.10283107310533524,0.096878781914711,0.07408071309328079,0.08086832612752914
NEGATIVE,0.5907489657402039,0.595795,1,0.09212756901979446,0.43033912777900696,0.1002555564045906,0.06687682867050171,0.082496777176857,0.1729937344789505,0.054910436272621155,NEUTRAL,0.9541894793510437,0.045811,0,0.1810494363307953,0.04859383776783943,0.5008420944213867,0.08290649205446243,0.06714997440576553,0.05696270614862442,0.062495432794094086
NEUTRAL,0.9105718731880188,0.089428,0,0.05704038217663765,0.17052361369132996,0.06201658397912979,0.035831257700920105,0.5971387624740601,0.050066832453012466,0.027382580563426018,NEUTRAL,0.9806708097457886,0.019329,0,0.08138018846511841,0.04998423159122467,0.7442254424095154,0.03504205122590065,0.03465546295046806,0.030865279957652092,0.023847321048378944
NEUTRAL,0.9252260327339172,0.074774,0,0.7473178505897522,0.062303267419338226,0.034556519240140915,0.0327206552028656,0.06409527361392975,0.03218549117445946,0.02682097628712654,NEUTRAL,0.9692129492759705,0.030787,0,0.0905022919178009,0.10155296325683594,0.5402237772941589,0.08801091462373734,0.08193953335285187,0.039831582456827164,0.057938944548368454
NEUTRAL,0.7539095878601074,0.24609,0,0.0011338915210217237,0.9693801999092102,0.0016449246322736144,0.0048292940482497215,0.0008575534448027611,0.019063636660575867,0.003090530401095748,NEUTRAL,0.9544796943664551,0.04552,0,0.04090509191155434,0.07422313094139099,0.6644207835197449,0.07443319261074066,0.07272107154130936,0.03582092002034187,0.0374758318066597
NEGATIVE,0.8474764227867126,0.850938,1,0.015347080305218697,0.784679651260376,0.025614717975258827,0.03696802258491516,0.09775439649820328,0.02546064183115959,0.014175502583384514,NEUTRAL,0.9800583124160767,0.019942,0,0.10012095421552658,0.10989038646221161,0.5059106945991516,0.06683725863695145,0.08524637669324875,0.0630977600812912,0.06889655441045761
NEUTRAL,0.9559940695762634,0.044006,0,0.002328412374481559,0.9903910756111145,0.000985380494967103,0.0015497648855671287,0.0021147457882761955,0.0018130838871002197,0.0008175940602086484,NEUTRAL,0.6501017808914185,0.349898,0,0.00611367542296648,0.003973317798227072,0.9761683344841003,0.0029415152966976166,0.004366240929812193,0.001661648042500019,0.0047752950340509415
NEUTRAL,0.7241203188896179,0.27588,0,0.05541384965181351,0.499277800321579,0.13850967586040497,0.04867047816514969,0.049832865595817566,0.13120535016059875,0.07708995044231415,NEUTRAL,0.9295273423194885,0.070473,0,0.17456331849098206,0.08342280238866806,0.42146036028862,0.1058291494846344,0.08075442910194397,0.07545071840286255,0.058519210666418076
NEUTRAL,0.7946611642837524,0.205339,0,0.15396590530872345,0.3922349810600281,0.10289207100868225,0.09029531478881836,0.10955937206745148,0.09202661365270615,0.05902578681707382,NEUTRAL,0.9629651308059692,0.037035,0,0.05024579167366028,0.031780656427145004,0.6815729141235352,0.0824665054678917,0.062186118215322495,0.05290936678647995,0.03883865103125572
NEUTRAL,0.8577421307563782,0.142258,0,0.5875580906867981,0.09443457424640656,0.043526843190193176,0.05666748061776161,0.0562528558075428,0.03423263877630234,0.12732751667499542,NEUTRAL,0.9499942660331726,0.050006,0,0.1326160728931427,0.05230440944433212,0.6590753197669983,0.03845342993736267,0.04837004840373993,0.030161654576659203,0.03901907056570053
NEUTRAL,0.7404832243919373,0.259517,0,0.03679032251238823,0.3843514919281006,0.07173077762126923,0.07755111157894135,0.2802557349205017,0.08033116906881332,0.06898938119411469,NEUTRAL,0.9319014549255371,0.068099,0,0.12083569914102554,0.05276687815785408,0.6059901118278503,0.07871446013450623,0.05287380889058113,0.05438779294490814,0.034431301057338715
NEGATIVE,0.5805294513702393,0.593719,1,0.04409301280975342,0.06989017874002457,0.08892150968313217,0.030856944620609283,0.5283864736557007,0.11378710716962814,0.12406476587057114,NEUTRAL,0.9298716187477112,0.070128,0,0.10891158878803253,0.052024275064468384,0.5462605357170105,0.15038350224494934,0.05248407647013664,0.04036175087094307,0.04957418888807297
NEUTRAL,0.6554363965988159,0.344564,0,0.04907842352986336,0.7447962760925293,0.04926732927560806,0.03105347789824009,0.04781795293092728,0.04370441287755966,0.034282125532627106,NEUTRAL,0.7947308421134949,0.205269,0,0.09698638319969177,0.08557146042585373,0.543358564376831,0.11744049191474915,0.07299759238958359,0.03774958476424217,0.045895956456661224
NEUTRAL,0.6335865259170532,0.366413,0,0.17272712290287018,0.3643549084663391,0.07013258337974548,0.05977605655789375,0.07262061536312103,0.2102508544921875,0.05013788118958473,NEUTRAL,0.7047858834266663,0.295214,0,0.1412232220172882,0.09082603454589844,0.2283763736486435,0.17993448674678802,0.1432797759771347,0.08097246289253235,0.13538758456707
NEGATIVE,0.8526851534843445,0.858479,1,0.0528586320579052,0.7098420858383179,0.04179878905415535,0.07185886055231094,0.04850821569561958,0.03652743995189667,0.038605947047472,NEUTRAL,0.6461498737335205,0.35385,0,0.09617101401090622,0.10638941824436188,0.3584805130958557,0.0950949639081955,0.17980672419071198,0.09168479591608047,0.07237254828214645
NEUTRAL,0.9338746070861816,0.066125,0,0.06535480171442032,0.7077158093452454,0.04262758791446686,0.08437529951334,0.045770514756441116,0.03276774287223816,0.02138824202120304,NEUTRAL,0.885790228843689,0.11421,0,0.0482790544629097,0.04618777707219124,0.6570600867271423,0.08909976482391357,0.053945112973451614,0.04192175343632698,0.06350646913051605
NEUTRAL,0.8029066324234009,0.197093,0,0.15399247407913208,0.21566492319107056,0.14860990643501282,0.17803828418254852,0.07705611735582352,0.13407205045223236,0.09256626665592194,NEUTRAL,0.9265895485877991,0.07341,0,0.411495566368103,0.07365936785936356,0.1816285252571106,0.09400991350412369,0.07310294359922409,0.08618862181901932,0.07991499453783035
POSITIVE,0.8198971748352051,0.823342,1,0.890518844127655,0.08262920379638672,0.004634418059140444,0.007348912768065929,0.006057260558009148,0.004379612859338522,0.004431741777807474,NEUTRAL,0.9143982529640198,0.085602,0,0.2560988664627075,0.11034226417541504,0.25799548625946045,0.13628974556922913,0.0852135717868805,0.05642199516296387,0.09763812273740768
NEUTRAL,0.8666427731513977,0.133357,0,0.038054220378398895,0.8812363743782043,0.014021051116287708,0.046647630631923676,0.007871454581618309,0.006207426078617573,0.005961872171610594,NEUTRAL,0.9384952187538147,0.061505,0,0.20008260011672974,0.06791190803050995,0.40493157505989075,0.09767862409353256,0.10061383247375488,0.0551912896335125,0.07359019666910172
NEUTRAL,0.8406583070755005,0.159342,0,0.00464610243216157,0.9753575325012207,0.0027854640502482653,0.01081131398677826,0.0021972854156047106,0.0025905349757522345,0.0016117662889882922,NEUTRAL,0.9568591117858887,0.043141,0,0.3959996998310089,0.137481227517128,0.12341973930597305,0.10408242791891098,0.06772182136774063,0.07412133365869522,0.09717369079589844
POSITIVE,0.9816785454750061,0.981985,1,0.9052311778068542,0.034271083772182465,0.010923806577920914,0.03661058098077774,0.0020842973608523607,0.00480661541223526,0.006072422489523888,NEUTRAL,0.927807092666626,0.072193,0,0.1458461582660675,0.16186612844467163,0.175815150141716,0.1608334332704544,0.11725503206253052,0.11290718615055084,0.1254768818616867
NEUTRAL,0.8361634016036987,0.163837,0,0.40913155674934387,0.3292350471019745,0.04979001358151436,0.0472162701189518,0.08530028164386749,0.037513669580221176,0.041813213378190994,NEUTRAL,0.9149749875068665,0.085025,0,0.13549284636974335,0.32906922698020935,0.14069025218486786,0.1738661378622055,0.05712372064590454,0.07157038152217865,0.09218744188547134
NEUTRAL,0.9295436143875122,0.070456,0,0.03969281539320946,0.7978646755218506,0.04411705583333969,0.030009403824806213,0.02924925461411476,0.032525692135095596,0.02654113993048668,NEUTRAL,0.8839120268821716,0.116088,0,0.16618622839450836,0.10937303304672241,0.3033698499202728,0.15223027765750885,0.14998380839824677,0.05786904692649841,0.06098775565624237
NEUTRAL,0.9435334801673889,0.056467,0,0.07206780463457108,0.20078155398368835,0.2684484124183655,0.07060045748949051,0.08517615497112274,0.1732632964849472,0.12966230511665344,NEUTRAL,0.8841352462768555,0.115865,0,0.16546455025672913,0.06068379804491997,0.6210536360740662,0.04255145415663719,0.05538767948746681,0.026117142289876938,0.02874167263507843
NEUTRAL,0.7762914896011353,0.223709,0,0.07797013223171234,0.46539926528930664,0.11229267716407776,0.06651841104030609,0.11464371532201767,0.08037670701742172,0.08279912173748016,NEUTRAL,0.9552039504051208,0.044796,0,0.06643445044755936,0.06941067427396774,0.6572079658508301,0.08916644006967545,0.05533589795231819,0.028722146525979042,0.03372244909405708
NEUTRAL,0.8951056599617004,0.104894,0,0.005479797720909119,0.972027599811554,0.004862682428210974,0.002311740070581436,0.007890316657721996,0.003549330634996295,0.0038785687647759914,NEUTRAL,0.8917729258537292,0.108227,0,0.2354145348072052,0.07842828333377838,0.4425293207168579,0.08489043265581131,0.06518564373254776,0.04941706731915474,0.044134724885225296
NEUTRAL,0.9031241536140442,0.096876,0,0.11375058442354202,0.20470944046974182,0.12850014865398407,0.13132287561893463,0.17344968020915985,0.1405801624059677,0.10768706351518631,NEUTRAL,0.9214316010475159,0.078568,0,0.2933160960674286,0.08670487254858017,0.20986846089363098,0.1003170982003212,0.14279067516326904,0.08074308186769485,0.08625975251197815
NEUTRAL,0.9368139505386353,0.063186,0,0.20043803751468658,0.3618931770324707,0.10316221415996552,0.060509104281663895,0.0976857841014862,0.10398274660110474,0.07232896238565445,NEUTRAL,0.8561381101608276,0.143862,0,0.36072254180908203,0.07394243031740189,0.18998047709465027,0.09546694159507751,0.10456931591033936,0.08362967520952225,0.0916885957121849
NEUTRAL,0.9054138660430908,0.094586,0,0.15104377269744873,0.5296378135681152,0.07276831567287445,0.08243145048618317,0.054571203887462616,0.06453341990709305,0.04501407966017723,NEUTRAL,0.6213439702987671,0.378656,0,0.15655089914798737,0.12273110449314117,0.16696284711360931,0.13694366812705994,0.16223320364952087,0.12609663605690002,0.1284816861152649
NEUTRAL,0.943240761756897,0.056759,0,0.11371270567178726,0.49783122539520264,0.11090386658906937,0.08824486285448074,0.06810726225376129,0.0650777667760849,0.05612242594361305,NEUTRAL,0.8126676082611084,0.187332,0,0.1671409010887146,0.06816872954368591,0.26821404695510864,0.08457165211439133,0.05989423394203186,0.06068119406700134,0.29132920503616333
NEUTRAL,0.9383195638656616,0.06168,0,0.008185752667486668,0.9538413286209106,0.004749029874801636,0.006784117314964533,0.019988371059298515,0.0037867180071771145,0.0026647215709090233,NEUTRAL,0.9560019969940186,0.043998,0,0.09221348911523819,0.10807593911886215,0.2608017027378082,0.17664401233196259,0.11233945935964584,0.11418754607439041,0.1357378363609314
NEGATIVE,0.9723807573318481,0.974805,1,0.036010801792144775,0.8553053736686707,0.013535948470234871,0.03442656993865967,0.03895439952611923,0.017167406156659126,0.00459954421967268,POSITIVE,0.8416876792907715,0.843836,1,0.23412752151489258,0.40109118819236755,0.2672771215438843,0.022380851209163666,0.031028201803565025,0.023655889555811882,0.020439239218831062
NEUTRAL,0.8389950394630432,0.161005,0,0.29565081000328064,0.2912355363368988,0.17915067076683044,0.08162111043930054,0.05782535672187805,0.048224400728940964,0.046292103826999664,POSITIVE,0.8829475045204163,0.886029,1,0.14221341907978058,0.24161328375339508,0.6087965369224548,0.002595699392259121,0.0015315295895561576,0.001228158245794475,0.0020214016549289227
NEGATIVE,0.8776355981826782,0.892187,1,0.3439365029335022,0.24691855907440186,0.1141994521021843,0.09312554448843002,0.13256339728832245,0.04129865765571594,0.02795790694653988,POSITIVE,0.5256438851356506,0.542319,1,0.1773103028535843,0.3987751007080078,0.2214219868183136,0.07711923867464066,0.04165058955550194,0.048086438328027725,0.03563632816076279
NEUTRAL,0.9655731320381165,0.034427,0,0.17992009222507477,0.3656071424484253,0.09701626747846603,0.10093392431735992,0.13380025327205658,0.05900569632649422,0.06371661275625229,NEUTRAL,0.8551740050315857,0.144826,0,0.12738260626792908,0.06748446077108383,0.4230634570121765,0.1745464950799942,0.06026236340403557,0.07716483622789383,0.07009588181972504
NEUTRAL,0.6919988989830017,0.308001,0,0.1524367332458496,0.420549601316452,0.07509104162454605,0.07584161311388016,0.10603106021881104,0.0919267013669014,0.07812333852052689,NEUTRAL,0.8090583086013794,0.190942,0,0.05810559540987015,0.10452467948198318,0.49435657262802124,0.10676567256450653,0.1231837049126625,0.044335149228572845,0.06872870773077011
NEGATIVE,0.923193097114563,0.936625,1,0.016905037686228752,0.5147395133972168,0.07539670914411545,0.030167629942297935,0.29806190729141235,0.0342477522790432,0.03048141673207283,NEUTRAL,0.8194696307182312,0.18053,0,0.047007955610752106,0.07757904380559921,0.5032999515533447,0.1336807757616043,0.03726626932621002,0.1692643165588379,0.031901706010103226
NEUTRAL,0.9295729994773865,0.070427,0,0.15986889600753784,0.48690006136894226,0.08535650372505188,0.0413716696202755,0.09396083652973175,0.06441501528024673,0.06812704354524612,NEUTRAL,0.6768118739128113,0.323188,0,0.1166960820555687,0.14975425601005554,0.17591801285743713,0.14584286510944366,0.164693221449852,0.11393219977617264,0.13316339254379272
NEUTRAL,0.813001275062561,0.186999,0,0.09902561455965042,0.3835136294364929,0.11385273188352585,0.09547876566648483,0.10754558444023132,0.09632571041584015,0.10425790399312973,NEUTRAL,0.8486117720603943,0.151388,0,0.10387253761291504,0.09179604053497314,0.3386068642139435,0.16480210423469543,0.08109619468450546,0.09495480358600616,0.12487144023180008
NEUTRAL,0.9481400847434998,0.05186,0,0.00684179924428463,0.9709370732307434,0.005136637017130852,0.00528305396437645,0.0034347306936979294,0.00501952925696969,0.0033471754286438227,NEUTRAL,0.8670783042907715,0.132922,0,0.11223294585943222,0.10450608283281326,0.2734625041484833,0.15910285711288452,0.12584419548511505,0.11965931206941605,0.10519205033779144
NEGATIVE,0.5125684142112732,0.543217,1,0.01057274080812931,0.8741613030433655,0.02514580264687538,0.01583549566566944,0.030643343925476074,0.03089313767850399,0.012748214416205883,NEUTRAL,0.8912412524223328,0.108759,0,0.21820740401744843,0.11704818904399872,0.27531540393829346,0.1127132698893547,0.11293509602546692,0.07544232159852982,0.08833835273981094
NEUTRAL,0.5246251225471497,0.475375,0,0.05929077789187431,0.8565747737884521,0.011587502434849739,0.03165289759635925,0.018231166526675224,0.015903066843748093,0.006759939715266228,NEUTRAL,0.9116186499595642,0.088381,0,0.11321230977773666,0.17110508680343628,0.29064422845840454,0.11915653198957443,0.14507119357585907,0.060805730521678925,0.10000486671924591
NEUTRAL,0.8709557056427002,0.129044,0,0.07289081066846848,0.17749546468257904,0.18290841579437256,0.16752615571022034,0.054484494030475616,0.1970202773809433,0.1476743221282959,NEUTRAL,0.8621002435684204,0.1379,0,0.3463478684425354,0.07606221735477448,0.31199827790260315,0.0883890688419342,0.057021331042051315,0.05942879617214203,0.060752443969249725
POSITIVE,0.9816785454750061,0.981985,1,0.9052311778068542,0.034271083772182465,0.010923806577920914,0.03661058098077774,0.0020842973608523607,0.00480661541223526,0.006072422489523888,NEUTRAL,0.9527891278266907,0.047211,0,0.2876311242580414,0.08470869064331055,0.3403785228729248,0.07366310060024261,0.07582968473434448,0.06334976106882095,0.07443917542695999
POSITIVE,0.5982113480567932,0.609995,1,0.09208937734365463,0.49099278450012207,0.1248244047164917,0.14474225044250488,0.05616293475031853,0.036119136959314346,0.05506898835301399,POSITIVE,0.6543866395950317,0.664176,1,0.015227247960865498,0.3288806676864624,0.5894303917884827,0.018753532320261,0.008912356570363045,0.03245099261403084,0.006344789173454046
NEUTRAL,0.895575225353241,0.104425,0,0.17054487764835358,0.23260830342769623,0.30842125415802,0.06513402611017227,0.08670086413621902,0.06025952473282814,0.07633113116025925,NEUTRAL,0.8332045674324036,0.166795,0,0.15923070907592773,0.0941430926322937,0.29707151651382446,0.1344985067844391,0.10152680426836014,0.09199309349060059,0.12153622508049011
NEUTRAL,0.979690670967102,0.020309,0,0.1573539674282074,0.30314579606056213,0.14278970658779144,0.09581295400857925,0.09109170734882355,0.10833828151226044,0.1014675498008728,NEUTRAL,0.8770235776901245,0.122976,0,0.112329863011837,0.13491110503673553,0.2361571490764618,0.140181764960289,0.14073027670383453,0.10399307310581207,0.13169671595096588
NEGATIVE,0.5985126495361328,0.619075,1,0.06157439947128296,0.4404931366443634,0.2264087051153183,0.14500413835048676,0.04409922659397125,0.05386139824986458,0.028558943420648575,NEUTRAL,0.8833337426185608,0.116666,0,0.08242277801036835,0.09254497289657593,0.21875713765621185,0.295829176902771,0.12389398366212845,0.07253680378198624,0.11401521414518356
NEUTRAL,0.9365542531013489,0.063446,0,0.29109400510787964,0.31113386154174805,0.06538302451372147,0.09760414063930511,0.13851839303970337,0.0522802360355854,0.04398631677031517,NEUTRAL,0.8259313106536865,0.174069,0,0.1344355344772339,0.1064024269580841,0.17562562227249146,0.2644556164741516,0.11750554293394089,0.06882472336292267,0.13275055587291718
NEUTRAL,0.983878493309021,0.016122,0,0.05735694244503975,0.7123392820358276,0.05632590875029564,0.03317253291606903,0.07626517117023468,0.03254839405417442,0.03199179098010063,NEUTRAL,0.91895592212677,0.081044,0,0.1150103509426117,0.07339172810316086,0.24670186638832092,0.33491072058677673,0.08976764976978302,0.05384773388504982,0.0863698348402977
NEGATIVE,0.6720991134643555,0.680954,1,0.003411875106394291,0.8294338583946228,0.027441060170531273,0.0058149304240942,0.09202413260936737,0.03751977160573006,0.00435439171269536,NEGATIVE,0.5224851965904236,0.540432,1,0.032126713544130325,0.014540825970470905,0.9181045293807983,0.009580245241522789,0.011465431191027164,0.005403101444244385,0.008779153227806091
NEUTRAL,0.9227675795555115,0.077232,0,0.13475839793682098,0.45946204662323,0.0868866965174675,0.09805398434400558,0.06230646371841431,0.07467518746852875,0.08385714143514633,NEUTRAL,0.85682612657547,0.143174,0,0.09051091969013214,0.04727230221033096,0.5503299832344055,0.0705520436167717,0.04388490319252014,0.04516955465078354,0.1522803157567978
NEUTRAL,0.9520741105079651,0.047926,0,0.12063555419445038,0.6351805329322815,0.045964524149894714,0.06275734305381775,0.05992833524942398,0.04088854044675827,0.0346451960504055,NEUTRAL,0.866868257522583,0.133132,0,0.056274741888046265,0.021913189440965652,0.7592915892601013,0.04014260321855545,0.03729608654975891,0.021623099222779274,0.06345871090888977
NEUTRAL,0.7249972224235535,0.275003,0,0.25597405433654785,0.15108036994934082,0.11355201154947281,0.15522025525569916,0.10374012589454651,0.1296975016593933,0.09073565155267715,NEUTRAL,0.6848154664039612,0.315185,0,0.046789348125457764,0.016534430906176567,0.8399636745452881,0.05030461773276329,0.017823735252022743,0.010010829195380211,0.018573326990008354
NEGATIVE,0.7334997057914734,0.744424,1,0.26861143112182617,0.456958144903183,0.05218301713466644,0.03399014100432396,0.0891561210155487,0.06368491798639297,0.03541625663638115,NEUTRAL,0.4576353430747986,0.542365,0,0.1461285501718521,0.11024539917707443,0.23400503396987915,0.11824193596839905,0.1462906301021576,0.10388319194316864,0.14120525121688843
NEGATIVE,0.8893231153488159,0.895608,1,0.018051646649837494,0.04777484014630318,0.9030719995498657,0.01204674318432808,0.006914630997925997,0.005755492486059666,0.00638464093208313,POSITIVE,0.8858011960983276,0.889481,1,0.015098894946277142,0.12145157158374786,0.8188285827636719,0.017176035791635513,0.011290289461612701,0.005146985873579979,0.011007647030055523
NEUTRAL,0.5117658972740173,0.488234,0,0.09703068435192108,0.580784261226654,0.07114745676517487,0.0864144116640091,0.06979962438344955,0.05200515687465668,0.04281841591000557,POSITIVE,0.8921090960502625,0.895303,1,0.18472373485565186,0.05308058485388756,0.7160911560058594,0.016390033066272736,0.01331346109509468,0.004555998370051384,0.011845022439956665
NEUTRAL,0.8763511776924133,0.123649,0,0.07828981429338455,0.7961023449897766,0.018186697736382484,0.05734315142035484,0.026192571967840195,0.011325670406222343,0.012559717521071434,NEUTRAL,0.6781550645828247,0.321845,0,0.5143597722053528,0.11701691150665283,0.35505616664886475,0.004623879678547382,0.003856670344248414,0.0018124047201126814,0.0032742596231400967
NEUTRAL,0.9220673441886902,0.077933,0,0.06967513263225555,0.5657663345336914,0.12845265865325928,0.06212177127599716,0.053836721926927567,0.0725039392709732,0.04764344543218613,POSITIVE,0.9807977080345154,0.981637,1,0.009413938969373703,0.021344177424907684,0.9661021828651428,0.0007684338488616049,0.0009556515142321587,0.0004985944251529872,0.0009169571567326784
NEUTRAL,0.8837823271751404,0.116218,0,0.1960502415895462,0.3090924620628357,0.09541055560112,0.1191854327917099,0.15916840732097626,0.07701839506626129,0.04407443106174469,POSITIVE,0.5293838381767273,0.58059,1,0.4514716863632202,0.035232894122600555,0.4933905601501465,0.0035071733873337507,0.010069704614579678,0.0017470411257818341,0.004581000190228224
NEUTRAL,0.9032824635505676,0.096718,0,0.04984088987112045,0.5302391648292542,0.009349679574370384,0.3882368505001068,0.010205642320215702,0.005993782076984644,0.006133927032351494,NEUTRAL,0.5678340792655945,0.432166,0,0.3117678463459015,0.09181652963161469,0.31320565938949585,0.053060803562402725,0.07645159959793091,0.051209621131420135,0.10248792916536331
NEUTRAL,0.9127933382987976,0.087207,0,0.06784158200025558,0.6475293040275574,0.04847103729844093,0.07965102046728134,0.050874996930360794,0.05343249812722206,0.05219956487417221,NEUTRAL,0.5350504517555237,0.46495,0,0.15538761019706726,0.11288612335920334,0.25070860981941223,0.12560781836509705,0.14226512610912323,0.11908633261919022,0.09405836462974548
NEUTRAL,0.9542620778083801,0.045738,0,0.08820044994354248,0.617264986038208,0.06694348156452179,0.06505372375249863,0.06849385052919388,0.051552675664424896,0.042490825057029724,NEUTRAL,0.9010701179504395,0.09893,0,0.28953853249549866,0.1241137683391571,0.17970770597457886,0.13009783625602722,0.09652093797922134,0.11027242243289948,0.06974881142377853
NEGATIVE,0.7663434743881226,0.77393,1,0.07128671556711197,0.054243262857198715,0.050283223390579224,0.01393810473382473,0.013652234338223934,0.006307724863290787,0.7902887463569641,NEUTRAL,0.724791944026947,0.275208,0,0.04769962653517723,0.024988137185573578,0.8347602486610413,0.027493886649608612,0.025839535519480705,0.01867545396089554,0.020543089136481285
NEUTRAL,0.8237389326095581,0.176261,0,0.2634727954864502,0.45427191257476807,0.08247573673725128,0.0711570456624031,0.06113576889038086,0.0397505946457386,0.02773619070649147,NEUTRAL,0.6958743333816528,0.304126,0,0.2081674039363861,0.14331533014774323,0.4324488937854767,0.05042482540011406,0.06304070353507996,0.04441073164343834,0.05819205194711685
NEGATIVE,0.7271374464035034,0.735994,1,0.39292293787002563,0.24575568735599518,0.06723328679800034,0.1071435734629631,0.06710505485534668,0.06504307687282562,0.054796405136585236,NEUTRAL,0.9137428402900696,0.086257,0,0.4014045298099518,0.08122649043798447,0.24079711735248566,0.08521768450737,0.060476433485746384,0.05440468713641167,0.07647302746772766
NEUTRAL,0.8269394636154175,0.173061,0,0.2807399332523346,0.2734143137931824,0.1126348078250885,0.07387770712375641,0.06479240208864212,0.11928850412368774,0.07525228708982468,NEUTRAL,0.8919682502746582,0.108032,0,0.2894938290119171,0.11296950280666351,0.18110889196395874,0.12045013904571533,0.0756552517414093,0.09420585632324219,0.1261165887117386
NEUTRAL,0.941360354423523,0.05864,0,0.28576722741127014,0.1774943470954895,0.1110701933503151,0.06600185483694077,0.18152210116386414,0.09626562893390656,0.0818786546587944,NEUTRAL,0.9593146443367004,0.040685,0,0.6533554792404175,0.025572046637535095,0.17138084769248962,0.0333145335316658,0.0578262023627758,0.024677574634552002,0.03387339785695076
NEUTRAL,0.7573083639144897,0.242692,0,0.07094778120517731,0.2971404492855072,0.156391903758049,0.11427071690559387,0.09947334229946136,0.17422151565551758,0.08755432069301605,NEUTRAL,0.7372364401817322,0.262764,0,0.10638000816106796,0.15146613121032715,0.22466899454593658,0.18661658465862274,0.0860806405544281,0.08858290314674377,0.15620480477809906
NEUTRAL,0.9229351282119751,0.077065,0,0.33145779371261597,0.1783164143562317,0.1596519947052002,0.07993731647729874,0.09507844597101212,0.08052009344100952,0.07503793388605118,NEUTRAL,0.839728832244873,0.160271,0,0.09583166241645813,0.16094370186328888,0.17605477571487427,0.17975887656211853,0.13356730341911316,0.12320868670940399,0.13063491880893707
NEUTRAL,0.5435546636581421,0.456445,0,0.05169418081641197,0.5865939259529114,0.08835751563310623,0.06885554641485214,0.09430450201034546,0.06643722951412201,0.0437571182847023,NEUTRAL,0.7543779611587524,0.245622,0,0.08004970103502274,0.13685274124145508,0.15832509100437164,0.21190673112869263,0.11055158823728561,0.1756899356842041,0.12662433087825775
NEUTRAL,0.9428329467773438,0.057167,0,0.10119172930717468,0.43580693006515503,0.1241070032119751,0.1069764643907547,0.09133480489253998,0.08282236754894257,0.05776066333055496,NEUTRAL,0.6090617775917053,0.390938,0,0.09179621189832687,0.1648084670305252,0.15527641773223877,0.19471850991249084,0.1234123557806015,0.1072055846452713,0.1627824306488037
POSITIVE,0.7305183410644531,0.742561,1,0.04291708767414093,0.7252854108810425,0.048488713800907135,0.05077037215232849,0.060799166560173035,0.03860494866967201,0.033134233206510544,POSITIVE,0.5598391890525818,0.563932,1,0.10209759324789047,0.11901646852493286,0.17327259480953217,0.19161799550056458,0.12294846028089523,0.15336206555366516,0.13768479228019714
NEUTRAL,0.8053925037384033,0.194607,0,0.08588454127311707,0.5816985368728638,0.051103800535202026,0.09864909201860428,0.07924392074346542,0.062064532190561295,0.04135562852025032,NEGATIVE,0.9609043002128601,0.963331,1,0.043183036148548126,0.029743613675236702,0.8957405686378479,0.008673442527651787,0.00709998793900013,0.008528291247785091,0.007031082641333342
POSITIVE,0.9719902276992798,0.973365,1,0.044113222509622574,0.3546234667301178,0.026974482461810112,0.5175692439079285,0.02035990171134472,0.021599438041448593,0.014760173857212067,NEUTRAL,0.7756744623184204,0.224326,0,0.1603674590587616,0.14682605862617493,0.16572391986846924,0.15129216015338898,0.07357032597064972,0.12749435007572174,0.17472577095031738
NEUTRAL,0.9350797533988953,0.06492,0,0.12656258046627045,0.2491222470998764,0.1396465003490448,0.14944973587989807,0.1391068696975708,0.1172797903418541,0.07883229851722717,NEUTRAL,0.9219077229499817,0.078092,0,0.16209466755390167,0.1797112226486206,0.2614600360393524,0.14202618598937988,0.06888280063867569,0.07267673313617706,0.11314832419157028
NEUTRAL,0.967058539390564,0.032941,0,0.0814923569560051,0.4668416678905487,0.15670332312583923,0.09046769887208939,0.10943446308374405,0.05828813835978508,0.03677234426140785,NEUTRAL,0.7446048259735107,0.255395,0,0.130130335688591,0.15910398960113525,0.16492651402950287,0.1760161966085434,0.11460843682289124,0.12119588255882263,0.1340186595916748
POSITIVE,0.6926975250244141,0.695757,1,0.1326054483652115,0.5361685156822205,0.04192383214831352,0.17153160274028778,0.03725198656320572,0.045604411512613297,0.03491421043872833,NEUTRAL,0.8540010452270508,0.145999,0,0.15479311347007751,0.1525282859802246,0.25149086117744446,0.1163937970995903,0.11118458956480026,0.09575728327035904,0.117852121591568
NEUTRAL,0.9265422821044922,0.073458,0,0.28357189893722534,0.3001832664012909,0.11342432349920273,0.167949840426445,0.0538666695356369,0.048760779201984406,0.03224318102002144,NEUTRAL,0.8214608430862427,0.178539,0,0.26865944266319275,0.124233677983284,0.20905017852783203,0.14733140170574188,0.08592315763235092,0.07397685199975967,0.09082527458667755
NEUTRAL,0.9763686656951904,0.023631,0,0.049698781222105026,0.34230169653892517,0.06785306334495544,0.06658731400966644,0.254133403301239,0.1382008045911789,0.08122488111257553,NEUTRAL,0.9235830903053284,0.076417,0,0.08837943524122238,0.19960923492908478,0.16221925616264343,0.1764925867319107,0.14093656837940216,0.09303952753543854,0.13932335376739502
NEUTRAL,0.9311123490333557,0.068888,0,0.1312521994113922,0.13758617639541626,0.15062475204467773,0.1409982293844223,0.13852247595787048,0.16432751715183258,0.136688694357872,NEUTRAL,0.8807954788208008,0.119205,0,0.10870560258626938,0.17627252638339996,0.1493893265724182,0.1497136652469635,0.1328926980495453,0.11911946535110474,0.16390669345855713
NEGATIVE,0.5015438199043274,0.509182,1,0.029933612793684006,0.7628092169761658,0.021971777081489563,0.06330311298370361,0.03762677684426308,0.06454886496067047,0.01980666071176529,NEUTRAL,0.8473913073539734,0.152609,0,0.10038881748914719,0.13856667280197144,0.17257067561149597,0.2637513279914856,0.10979721695184708,0.09536328166723251,0.119562067091465
NEUTRAL,0.934079647064209,0.06592,0,0.04062310606241226,0.8092948198318481,0.024318354204297066,0.04415789991617203,0.03912431001663208,0.027317216619849205,0.015164277516305447,NEUTRAL,0.8966003656387329,0.1034,0,0.09015913307666779,0.1323166787624359,0.16772131621837616,0.3105296194553375,0.1205870732665062,0.05836416408419609,0.12032200396060944
NEUTRAL,0.9893084764480591,0.010692,0,0.007601270452141762,0.2663787305355072,0.02558322809636593,0.01131181325763464,0.03732098266482353,0.07235784083604813,0.5794461369514465,NEUTRAL,0.8106064796447754,0.189394,0,0.09689854830503464,0.14996026456356049,0.19039557874202728,0.17262497544288635,0.14001989364624023,0.10183528065681458,0.14826542139053345
NEUTRAL,0.8465437889099121,0.153456,0,0.007398443762212992,0.9747855067253113,0.0015615487936884165,0.005209752824157476,0.005837241653352976,0.003631934057921171,0.0015755805652588606,NEUTRAL,0.9038287401199341,0.096171,0,0.1843823939561844,0.08401443064212799,0.23456929624080658,0.22844232618808746,0.07180321961641312,0.07887431979179382,0.11791403591632843
NEUTRAL,0.6559102535247803,0.34409,0,0.049961287528276443,0.39379653334617615,0.12103835493326187,0.06060791015625,0.11956571787595749,0.18747489154338837,0.06755530834197998,NEUTRAL,0.87652188539505,0.123478,0,0.42508891224861145,0.1608455777168274,0.16892333328723907,0.0731499195098877,0.0689576044678688,0.05208591744303703,0.05094873905181885
NEUTRAL,0.8171382546424866,0.182862,0,0.024098113179206848,0.8066610097885132,0.044472455978393555,0.034799717366695404,0.03224147856235504,0.026211941614747047,0.031515270471572876,NEUTRAL,0.9063693881034851,0.093631,0,0.15088506042957306,0.13568194210529327,0.3338237404823303,0.13684380054473877,0.08427559584379196,0.07593323290348053,0.08255665749311447
NEUTRAL,0.6585313081741333,0.341469,0,0.12864913046360016,0.25392118096351624,0.14183439314365387,0.1377694308757782,0.10302441567182541,0.13942347466945648,0.09537795931100845,NEUTRAL,0.8228864073753357,0.177114,0,0.0578547939658165,0.0648178830742836,0.6064953804016113,0.09511484950780869,0.03711835294961929,0.051635127514600754,0.08696366846561432
NEUTRAL,0.8062988519668579,0.193701,0,0.12132956087589264,0.3923477232456207,0.18376430869102478,0.03697391226887703,0.17551076412200928,0.07214768975973129,0.017926044762134552,NEUTRAL,0.7367281913757324,0.263272,0,0.09500725567340851,0.08072980493307114,0.5750823020935059,0.08149183541536331,0.02763650007545948,0.059632252901792526,0.08042003214359283
NEUTRAL,0.8237935900688171,0.176206,0,0.11651642620563507,0.22851447761058807,0.12615373730659485,0.13046342134475708,0.11018700897693634,0.19081662595272064,0.09734833985567093,NEUTRAL,0.8373426795005798,0.162657,0,0.03169681131839752,0.019582491368055344,0.863275408744812,0.017382102087140083,0.028586048632860184,0.017803756520152092,0.021673398092389107
NEUTRAL,0.9736477136611938,0.026352,0,0.16185897588729858,0.30301380157470703,0.11293523013591766,0.06771723926067352,0.08328045904636383,0.22291913628578186,0.04827525094151497,NEUTRAL,0.9112116694450378,0.088788,0,0.02320483885705471,0.02221403457224369,0.8712335824966431,0.02118350937962532,0.022190270945429802,0.01463432889431715,0.025339430198073387
NEUTRAL,0.8429150581359863,0.157085,0,0.020701870322227478,0.827971339225769,0.008532612584531307,0.003124186536297202,0.04273197054862976,0.0686802864074707,0.02825767733156681,NEUTRAL,0.8414098620414734,0.15859,0,0.01842784695327282,0.025456704199314117,0.7777695655822754,0.031032660976052284,0.08263498544692993,0.02393755316734314,0.04074077680706978
NEUTRAL,0.7255430817604065,0.274457,0,0.05043508857488632,0.43647903203964233,0.0907774418592453,0.0580718033015728,0.05974622443318367,0.2261895090341568,0.0783008486032486,NEUTRAL,0.8294278979301453,0.170572,0,0.0077697355300188065,0.015034192241728306,0.9442905187606812,0.00818534754216671,0.008951328694820404,0.0063324980437755585,0.009436354972422123
NEUTRAL,0.7654708027839661,0.234529,0,0.03493699058890343,0.4051845669746399,0.1199084147810936,0.026309000328183174,0.22865238785743713,0.08308034390211105,0.1019282415509224,NEUTRAL,0.9308046698570251,0.069195,0,0.09477993845939636,0.10770386457443237,0.5651671886444092,0.0649111270904541,0.059694018214941025,0.035249583423137665,0.07249436527490616
NEUTRAL,0.9721531867980957,0.027847,0,0.010142730548977852,0.9074348211288452,0.029752429574728012,0.024625932797789574,0.009266586042940617,0.010383062064647675,0.008394402451813221,NEUTRAL,0.8699332475662231,0.130067,0,0.15735478699207306,0.07935359328985214,0.20704731345176697,0.14324887096881866,0.1897478550672531,0.09795629978179932,0.12529122829437256
NEUTRAL,0.45158812403678894,0.548412,0,0.10322890430688858,0.22360068559646606,0.1431659460067749,0.08074779808521271,0.1688796579837799,0.14251185953617096,0.1378650814294815,NEUTRAL,0.8604423999786377,0.139558,0,0.0668787881731987,0.02894335240125656,0.42846009135246277,0.08884592354297638,0.2225191593170166,0.019017867743968964,0.14533478021621704
NEGATIVE,0.5127984881401062,0.544916,1,0.002770423423498869,0.8257617354393005,0.032786544412374496,0.005382173229008913,0.08650439977645874,0.029115965589880943,0.01767876371741295,NEUTRAL,0.82012939453125,0.179871,0,0.1568010300397873,0.0692291408777237,0.29026293754577637,0.1386864334344864,0.22833912074565887,0.05455099046230316,0.06213034689426422
NEUTRAL,0.9169659614562988,0.083034,0,0.009108885191380978,0.9212389588356018,0.012242616154253483,0.01875017024576664,0.016961384564638138,0.011805526912212372,0.009892386384308338,NEUTRAL,0.8459970355033875,0.154003,0,0.15849360823631287,0.10437662899494171,0.16332904994487762,0.15526878833770752,0.14261457324028015,0.12618419528007507,0.14973315596580505
NEGATIVE,0.7615293860435486,0.802224,1,0.09796728938817978,0.357896089553833,0.12082154303789139,0.09325781464576721,0.12689702212810516,0.10667911171913147,0.0964810773730278,NEUTRAL,0.9415085911750793,0.058491,0,0.04806318134069443,0.05343402549624443,0.7398700714111328,0.05168180540204048,0.04845816269516945,0.026286188513040543,0.03220662474632263
NEUTRAL,0.6195772290229797,0.380423,0,0.005401482339948416,0.9482042193412781,0.01025463454425335,0.006579250562936068,0.006409707944840193,0.01742401160299778,0.005726709496229887,NEUTRAL,0.9051094651222229,0.094891,0,0.21053794026374817,0.11043313890695572,0.34490254521369934,0.1333315372467041,0.056591104716062546,0.06700067222118378,0.07720305025577545
NEUTRAL,0.9547937512397766,0.045206,0,0.06070313602685928,0.3199860751628876,0.13719549775123596,0.08713044971227646,0.216644287109375,0.10802755504846573,0.0703129693865776,NEUTRAL,0.7916696667671204,0.20833,0,0.18608327209949493,0.21254996955394745,0.23825772106647491,0.1122436597943306,0.1297052651643753,0.04901301488280296,0.07214712351560593
NEUTRAL,0.841392993927002,0.158607,0,0.040660757571458817,0.8511444330215454,0.027426419779658318,0.028069794178009033,0.021649958565831184,0.015904339030385017,0.015144302509725094,NEUTRAL,0.7748836874961853,0.225116,0,0.147480770945549,0.09812554717063904,0.3695225119590759,0.12768025696277618,0.07623660564422607,0.07667900621891022,0.10427535325288773
NEUTRAL,0.5563489198684692,0.443651,0,0.13044531643390656,0.649428129196167,0.02909301593899727,0.10675659775733948,0.037472642958164215,0.027253609150648117,0.019550712779164314,NEUTRAL,0.9509164094924927,0.049084,0,0.1750655472278595,0.09317325055599213,0.4891100227832794,0.08569420129060745,0.05001450330018997,0.048047613352537155,0.05889485403895378
NEUTRAL,0.9546419978141785,0.045358,0,0.1251995861530304,0.44706448912620544,0.08148147910833359,0.1173122227191925,0.08443385362625122,0.0835924968123436,0.06091587245464325,NEUTRAL,0.9280108213424683,0.071989,0,0.19459569454193115,0.13457871973514557,0.3472594916820526,0.14929147064685822,0.06923402100801468,0.04333661124110222,0.06170397996902466
NEUTRAL,0.9599940180778503,0.040006,0,0.07705827057361603,0.48154354095458984,0.10200173407793045,0.10851530730724335,0.06031620502471924,0.11134380102157593,0.05922117084264755,NEUTRAL,0.921718180179596,0.078282,0,0.21223559975624084,0.10348774492740631,0.2646595537662506,0.10464231669902802,0.131605863571167,0.08730132132768631,0.0960676372051239
NEUTRAL,0.9398760199546814,0.060124,0,0.07426270842552185,0.7559500932693481,0.05049784854054451,0.022231653332710266,0.028441142290830612,0.030161278322339058,0.038455262780189514,NEUTRAL,0.9354183077812195,0.064582,0,0.24390047788619995,0.10313306003808975,0.21594376862049103,0.1404350996017456,0.12186934798955917,0.08420085906982422,0.09051739424467087
NEUTRAL,0.9763884544372559,0.023612,0,0.07721234112977982,0.19661679863929749,0.10719854384660721,0.3379806876182556,0.08673969656229019,0.11078964918851852,0.08346229046583176,NEUTRAL,0.7780481576919556,0.221952,0,0.19710558652877808,0.25041958689689636,0.11150731146335602,0.1262349933385849,0.0976404920220375,0.11379541456699371,0.10329649597406387
POSITIVE,0.928492546081543,0.931007,1,0.1441391408443451,0.22253131866455078,0.05490566045045853,0.45686355233192444,0.048505835235118866,0.04319550096988678,0.029859066009521484,NEUTRAL,0.9241402745246887,0.07586,0,0.1562124341726303,0.15919914841651917,0.23418685793876648,0.17306560277938843,0.09840194880962372,0.07189173996448517,0.10704224556684494
NEUTRAL,0.9541606307029724,0.045839,0,0.044898681342601776,0.35655269026756287,0.13847501575946808,0.2956697344779968,0.050694555044174194,0.07570088654756546,0.038008421659469604,NEUTRAL,0.8152686953544617,0.184731,0,0.12032357603311539,0.12113236635923386,0.14838601648807526,0.16894979774951935,0.14925798773765564,0.1230541542172432,0.16889603435993195
POSITIVE,0.9463750720024109,0.95101,1,0.1552533209323883,0.38347169756889343,0.06742125749588013,0.2543920576572418,0.046865224838256836,0.04916216433048248,0.04343418776988983,NEUTRAL,0.9622450470924377,0.037755,0,0.36149564385414124,0.09648359566926956,0.2101069688796997,0.11647643148899078,0.0943617895245552,0.058984432369470596,0.06209124997258186
NEUTRAL,0.9738381505012512,0.026162,0,0.13703316450119019,0.36022791266441345,0.17124293744564056,0.07710336148738861,0.0676296055316925,0.09519300609827042,0.09157000482082367,NEUTRAL,0.9696964025497437,0.030304,0,0.37290531396865845,0.11883693188428879,0.17416685819625854,0.1300196796655655,0.05762916058301926,0.06895852088928223,0.07748354226350784
NEUTRAL,0.9145327210426331,0.085467,0,0.13526955246925354,0.1941269338130951,0.14380648732185364,0.12868644297122955,0.1201089546084404,0.13743159174919128,0.14057008922100067,NEUTRAL,0.9365622997283936,0.063438,0,0.4785071909427643,0.09415987879037857,0.12323776632547379,0.09799659997224808,0.06068629398941994,0.07482355833053589,0.07058874517679214
NEUTRAL,0.6518307328224182,0.348169,0,0.1985214799642563,0.13257530331611633,0.17573092877864838,0.15699148178100586,0.10830369591712952,0.11779005825519562,0.11008698493242264,NEUTRAL,0.954417884349823,0.045582,0,0.16386640071868896,0.14557787775993347,0.14696970582008362,0.13716810941696167,0.1300780475139618,0.12756957113742828,0.1487703025341034
NEUTRAL,0.9523259401321411,0.047674,0,0.13954751193523407,0.28956010937690735,0.1767655909061432,0.14603476226329803,0.08814163506031036,0.0814356878399849,0.0785147175192833,NEUTRAL,0.9485284090042114,0.051472,0,0.7648869156837463,0.03430420905351639,0.09075108170509338,0.034537363797426224,0.02739834226667881,0.023890431970357895,0.024231595918536186
POSITIVE,0.4837912917137146,0.522103,1,0.2928937077522278,0.16093716025352478,0.10177654772996902,0.12150566279888153,0.09995841234922409,0.11324210464954376,0.10968642681837082,NEUTRAL,0.8833186626434326,0.116681,0,0.1586412787437439,0.14054833352565765,0.2103462815284729,0.13947907090187073,0.0939636379480362,0.11785862594842911,0.13916274905204773
NEUTRAL,0.9127368330955505,0.087263,0,0.16074340045452118,0.2951836884021759,0.09924537688493729,0.1537484973669052,0.12501990795135498,0.08533831685781479,0.08072078973054886,NEUTRAL,0.7486412525177002,0.251359,0,0.11228056252002716,0.13962088525295258,0.13264799118041992,0.15637655556201935,0.16596050560474396,0.1349206119775772,0.15819290280342102
NEUTRAL,0.7789985537528992,0.221001,0,0.06875687837600708,0.6016254425048828,0.07444465160369873,0.06497485935688019,0.049649614840745926,0.06761857867240906,0.07292996346950531,NEUTRAL,0.8818546533584595,0.118145,0,0.10047393292188644,0.16160447895526886,0.18929147720336914,0.1562936007976532,0.11050587147474289,0.1300881952047348,0.15174254775047302
NEUTRAL,0.8961229920387268,0.103877,0,0.3534155488014221,0.3314150273799896,0.05287589877843857,0.08826769888401031,0.0715511292219162,0.07185005396604538,0.030624615028500557,NEUTRAL,0.7154725790023804,0.284527,0,0.18335434794425964,0.17129114270210266,0.18423151969909668,0.15007294714450836,0.09504684060811996,0.08217357099056244,0.13382957875728607
NEUTRAL,0.9700924754142761,0.029908,0,0.11978723853826523,0.3649429976940155,0.0986253097653389,0.13008172810077667,0.1312440186738968,0.0846085250377655,0.07071017473936081,NEUTRAL,0.9306584596633911,0.069342,0,0.23977549374103546,0.07887450605630875,0.19317057728767395,0.1626269817352295,0.09510208666324615,0.10771263390779495,0.12273775786161423
NEUTRAL,0.9446653127670288,0.055335,0,0.06758881360292435,0.6555083394050598,0.06702377647161484,0.03901202976703644,0.08076370507478714,0.05668944492936134,0.03341400623321533,NEUTRAL,0.9232142567634583,0.076786,0,0.1769622415304184,0.09234067052602768,0.19435304403305054,0.11360221356153488,0.14056754112243652,0.1254158467054367,0.15675851702690125
NEUTRAL,0.9039296507835388,0.09607,0,0.07936211675405502,0.6212511658668518,0.08114532381296158,0.052383165806531906,0.05399544537067413,0.05935586616396904,0.052506931126117706,NEUTRAL,0.9332532286643982,0.066747,0,0.15579454600811005,0.11789017915725708,0.2887613773345947,0.12626412510871887,0.13145451247692108,0.09096406400203705,0.08887118846178055
POSITIVE,0.9767435789108276,0.977211,1,0.09715374559164047,0.2588765025138855,0.14620451629161835,0.2828983962535858,0.05355393886566162,0.09364649653434753,0.06766635179519653,NEUTRAL,0.7327163219451904,0.267284,0,0.22878211736679077,0.12008924037218094,0.15495623648166656,0.13895370066165924,0.10496149212121964,0.10821819305419922,0.14403901994228363
NEUTRAL,0.7655526995658875,0.234447,0,0.33156734704971313,0.18805867433547974,0.09451145678758621,0.10358864814043045,0.09944683313369751,0.07491158694028854,0.10791546106338501,POSITIVE,0.5494784712791443,0.554281,1,0.19354604184627533,0.12345238029956818,0.11512267589569092,0.14476992189884186,0.14203816652297974,0.13377659022808075,0.14729420840740204
NEUTRAL,0.8987826108932495,0.101217,0,0.1590767651796341,0.2874874770641327,0.15021446347236633,0.132748544216156,0.08993712067604065,0.11173243075609207,0.06880320608615875,NEUTRAL,0.5076348185539246,0.492365,0,0.26283061504364014,0.16357922554016113,0.08887479454278946,0.12652306258678436,0.13402491807937622,0.12250671535730362,0.10166073590517044
NEUTRAL,0.7114115357398987,0.288588,0,0.08914977312088013,0.3739200830459595,0.1288413107395172,0.11153686791658401,0.10454709082841873,0.09094510972499847,0.1010596826672554,POSITIVE,0.5077056884765625,0.511409,1,0.29557791352272034,0.11023198813199997,0.15822990238666534,0.12767615914344788,0.10309663414955139,0.08950228244066238,0.1156851127743721
POSITIVE,0.7739824652671814,0.786825,1,0.0788756012916565,0.34127503633499146,0.0853767916560173,0.392325222492218,0.030876124277710915,0.04586375877261162,0.02540755085647106,NEUTRAL,0.9545181393623352,0.045482,0,0.047451432794332504,0.0023299751337617636,0.9379658102989197,0.002496938221156597,0.0037896158173680305,0.0026565559674054384,0.0033096610568463802
NEUTRAL,0.9244064092636108,0.075594,0,0.11596255749464035,0.24394571781158447,0.20161552727222443,0.13529737293720245,0.1808757185935974,0.07358663529157639,0.048716530203819275,NEUTRAL,0.9262211322784424,0.073779,0,0.13720069825649261,0.14281031489372253,0.14103621244430542,0.1456013023853302,0.13737303018569946,0.145482137799263,0.15049627423286438
POSITIVE,0.8615418076515198,0.86665,1,0.04383094981312752,0.8521676063537598,0.03283676877617836,0.01762903854250908,0.020896853879094124,0.01939786784350872,0.01324091199785471,NEUTRAL,0.9091780781745911,0.090822,0,0.1067233458161354,0.1365637630224228,0.16830818355083466,0.14928461611270905,0.1560373455286026,0.1170274019241333,0.1660553365945816
NEUTRAL,0.9504898190498352,0.04951,0,0.058425094932317734,0.6918208003044128,0.0633607730269432,0.04176916182041168,0.06140792742371559,0.04096722975373268,0.042249009013175964,NEUTRAL,0.8906274437904358,0.109373,0,0.09802119433879852,0.12683235108852386,0.1623687744140625,0.18100103735923767,0.15634837746620178,0.14677414298057556,0.12865415215492249
POSITIVE,0.9874909520149231,0.988257,1,0.08113489300012589,0.529594361782074,0.07226235419511795,0.1849595457315445,0.05254100263118744,0.05504859238862991,0.02445918507874012,NEUTRAL,0.9139447212219238,0.086055,0,0.13512681424617767,0.12091343849897385,0.1917801946401596,0.15453502535820007,0.15661998093128204,0.12631148099899292,0.11471313238143921
NEUTRAL,0.9234070181846619,0.076593,0,0.23276616632938385,0.37783941626548767,0.09292729198932648,0.057417772710323334,0.15730416774749756,0.03722091391682625,0.04452424868941307,NEUTRAL,0.9439918398857117,0.056008,0,0.08369600027799606,0.12441898882389069,0.23888468742370605,0.16591724753379822,0.19078662991523743,0.09319417923688889,0.10310222208499908
POSITIVE,0.8339791297912598,0.840071,1,0.07943082600831985,0.6496185660362244,0.0705488845705986,0.16851963102817535,0.014483585022389889,0.011881006881594658,0.005517556797713041,NEUTRAL,0.7333168387413025,0.266683,0,0.1296147108078003,0.1017422154545784,0.17306195199489594,0.20654025673866272,0.1489635407924652,0.06966176629066467,0.17041565477848053
NEUTRAL,0.9343529939651489,0.065647,0,0.08436127007007599,0.6057137250900269,0.07744807749986649,0.05922342836856842,0.056227706372737885,0.05412304028868675,0.06290282309055328,NEUTRAL,0.9070976972579956,0.092902,0,0.06954213231801987,0.18191397190093994,0.166424959897995,0.15651027858257294,0.13237155973911285,0.08845001459121704,0.2047870010137558
POSITIVE,0.9574663639068604,0.960363,1,0.03150460124015808,0.12476852536201477,0.029337221756577492,0.7568565011024475,0.023244835436344147,0.01521255075931549,0.019075775519013405,POSITIVE,0.7399981617927551,0.750976,1,0.08263253420591354,0.06398625671863556,0.6737645268440247,0.04088476300239563,0.06483872979879379,0.02945415861904621,0.04443899914622307
NEUTRAL,0.8262668251991272,0.173733,0,0.02440451830625534,0.2841673195362091,0.2709711194038391,0.06002368777990341,0.01152894552797079,0.3304786682128906,0.01842581294476986,POSITIVE,0.7480888962745667,0.755855,1,0.1804686188697815,0.11393576115369797,0.11719253659248352,0.10296116024255753,0.2572435438632965,0.059164807200431824,0.16903354227542877
NEUTRAL,0.7241005897521973,0.275899,0,0.07782062888145447,0.494882732629776,0.09505528211593628,0.036261219531297684,0.04825896397233009,0.17730936408042908,0.0704118087887764,NEUTRAL,0.7802555561065674,0.219744,0,0.06806226819753647,0.07369689643383026,0.7038278579711914,0.047296155244112015,0.041592855006456375,0.023137522861361504,0.04238643869757652
POSITIVE,0.6483221650123596,0.656512,1,0.31012511253356934,0.1406194120645523,0.16981135308742523,0.14567266404628754,0.04846131056547165,0.08351221680641174,0.10179799050092697,NEUTRAL,0.8525761961936951,0.147424,0,0.18579648435115814,0.13176706433296204,0.17811450362205505,0.1584530770778656,0.12315203994512558,0.11252088099718094,0.11019595712423325
NEUTRAL,0.5512427091598511,0.448757,0,0.39538508653640747,0.30052995681762695,0.07728008925914764,0.06673310697078705,0.056894078850746155,0.057293377816677094,0.04588432237505913,NEUTRAL,0.7577885389328003,0.242211,0,0.11443906277418137,0.09533146768808365,0.25116637349128723,0.11937922984361649,0.19481804966926575,0.0928187370300293,0.13204710185527802
NEUTRAL,0.5764644742012024,0.423536,0,0.6173928380012512,0.12576881051063538,0.05213061720132828,0.038379400968551636,0.057396531105041504,0.06648020446300507,0.04245159402489662,NEUTRAL,0.8796021938323975,0.120398,0,0.4374457001686096,0.07033436000347137,0.19175896048545837,0.07840889692306519,0.06763456761837006,0.06875476241111755,0.08566277474164963
POSITIVE,0.743939220905304,0.761489,1,0.1473654955625534,0.24422529339790344,0.12939754128456116,0.13501425087451935,0.11078265309333801,0.12223587930202484,0.11097893863916397,NEUTRAL,0.8626778721809387,0.137322,0,0.18055512011051178,0.12548160552978516,0.2716781497001648,0.13052091002464294,0.09578002989292145,0.09792256355285645,0.09806162118911743
NEUTRAL,0.8589136004447937,0.141086,0,0.016380522400140762,0.9211824536323547,0.011889022774994373,0.01287582702934742,0.011110390536487103,0.016043134033679962,0.010518684983253479,NEUTRAL,0.9043868780136108,0.095613,0,0.19070017337799072,0.16244424879550934,0.18231883645057678,0.17829960584640503,0.12566764652729034,0.10043453425168991,0.06013496592640877
NEUTRAL,0.9402585625648499,0.059741,0,0.18015418946743011,0.6799671053886414,0.021171392872929573,0.026614386588335037,0.04127227142453194,0.027872955426573753,0.022947680205106735,NEUTRAL,0.6722135543823242,0.327786,0,0.011887723580002785,0.03373522683978081,0.7231848239898682,0.005434930324554443,0.00549492659047246,0.004647133406251669,0.2156151682138443
NEUTRAL,0.946300208568573,0.0537,0,0.18913233280181885,0.318518728017807,0.11960160732269287,0.11885613948106766,0.09249233454465866,0.087476946413517,0.07392194122076035,NEUTRAL,0.6891052722930908,0.310895,0,0.14739061892032623,0.16975121200084686,0.3004814684391022,0.15992936491966248,0.06652124226093292,0.07883074879646301,0.0770954042673111
NEUTRAL,0.8789419531822205,0.121058,0,0.16267883777618408,0.7140361070632935,0.029159152880311012,0.038530897349119186,0.015902694314718246,0.024660442024469376,0.01503184624016285,NEUTRAL,0.5603224039077759,0.439678,0,0.1390196830034256,0.13164086639881134,0.27036216855049133,0.13857389986515045,0.05347108095884323,0.056145310401916504,0.21078698337078094
NEUTRAL,0.8593576550483704,0.140642,0,0.08281734585762024,0.23787015676498413,0.11386675387620926,0.09886594116687775,0.22659175097942352,0.1927366703748703,0.047251295298337936,NEUTRAL,0.8696398735046387,0.13036,0,0.1949716955423355,0.09801452606916428,0.3968019485473633,0.10490313917398453,0.07722078263759613,0.06019892171025276,0.067889004945755
NEUTRAL,0.8951750993728638,0.104825,0,0.06363536417484283,0.21264827251434326,0.19755728542804718,0.11199668049812317,0.22449712455272675,0.12135063111782074,0.06831465661525726,NEUTRAL,0.8320021629333496,0.167998,0,0.12263793498277664,0.11332356929779053,0.39848729968070984,0.0976373478770256,0.11234745383262634,0.07073616236448288,0.08483026921749115
NEUTRAL,0.9273204803466797,0.07268,0,0.13044650852680206,0.1523001492023468,0.15271177887916565,0.18602986633777618,0.13952875137329102,0.1544540375471115,0.08452887088060379,NEUTRAL,0.8129772543907166,0.187023,0,0.2917616665363312,0.07511455565690994,0.3461120128631592,0.08406751602888107,0.0816769227385521,0.06634004414081573,0.05492732301354408
