row,column,source,artefact,chars_before,chars_after,before,after
2,human_comment,reddit,html_entity+quote_marker,82,0,&gt;ensam och full &gt;skönt med ensam tid Hur många gånger hinner du på en kväll?,
47,human_comment,reddit,html_entity+quote_marker,190,0,&gt;Purser är titel för högsta befälet för passagerarservicen på ett fartyg. En liknande titel är intendent. Pursern lyder direkt under fartygets kapten. https://sv.wikipedia.org/wiki/Purser,
51,human_comment,reddit,html_entity+quote_marker,233,0,"&gt;Är det någon som inte tycker att våldtäktsmännen faktiskt förtjänar det? Mmm, högerpopulism. Varför inte bara låta lynchmobbar sätta en kula i pannan på alla usla kriminella. I ett civiliserat samhälle är kriminella inte laglösa.",
54,human_comment,reddit,html_entity+quote_marker,53,0,&gt;Ett land där konsensus är viktigare än rimlighet.,
55,human_comment,reddit,html_entity+quote_marker,68,0,&gt;Ett land där alla har rätt till sin egen postmoderna verklighet.,
56,human_comment,reddit,html_entity+quote_marker,54,0,&gt;Ett land där tydlighet avfärdas som härskarteknik.,
57,human_comment,reddit,html_entity+quote_marker,96,0,&gt;Ett land där det är ett värre brott att fuska med skatten än att sticka en kniv någon annan.,
58,human_comment,reddit,html_entity,145,142,**Removed**: &gt; Ingen redigering av titlar förutom när det bidrar till att förtydliga vad det handlar om och ska då anges inom [hakparenteser].,**Removed**: > Ingen redigering av titlar förutom när det bidrar till att förtydliga vad det handlar om och ska då anges inom [hakparenteser].
59,human_comment,reddit,html_entity+quote_marker,80,0,&gt; Ett land där det är något slags bekräftelse och merit att känna sig kränkt.,
60,human_comment,reddit,html_entity+quote_marker,115,0,&gt;Ett land där man förutsätts lägga hela sitt liv och välbefinnande i det välfärdsindustriella komplexets händer.,
61,human_comment,reddit,html_entity+quote_marker,54,0,&gt;Ett land där man varken tar eller utkräver ansvar.,
62,human_comment,reddit,html_entity+quote_marker,118,0,&gt;Ett land där politikerna tycker att det är viktigare att övervaka folket än att försvara landet mot yttre fiender.,
135,human_comment,reddit,quote_marker,174,0,"> Hej, Jag sitter I Vancouver och jag fick enorma förseningar både tur och nu retur. Beskriv lite mer vad som hänt. Har flygbolaget kaosat eller är det någon som blivit sjuk?",
143,human_comment,reddit,quote_marker,509,0,>Naiviteten inför det största hotet mot den västerländska demokratin sedan kommunismen är farlig. Jag befarar att svenska politiker inte kommer förstå var det handlar om förrän det sker ett större terrordåd på svensk mark. Om ens då. Terrorism är inte det stora problemet. Nästan dagsfärsk tråd i r /,
152,human_comment,reddit,quote_marker,1054,0,">Det måste tas en annan sorts grepp som har med avbyråkratisering, nyföretagande, utbildning och grundforskning att göra. Vem betalar för forskning och utbildning av arbetskraften? De mest prokapitalistiska partierna i Sverige har ju en enda önskan - fler lågavlönade jobb, enklare gymnasieutbildning",
172,human_comment,reddit,quote_marker,41,0,>Kungshölmen Lasse Hölm. Skogahölmslimpa.,
255,human_comment,flashback,signoff,150,126, Tråden har tenderat att bli en kontaktsite med vissa bestämda önskemål. Det ska inte existera här så jag sätter lås på tråden. Mvh Eliza CT/moderator,Tråden har tenderat att bli en kontaktsite med vissa bestämda önskemål. Det ska inte existera här så jag sätter lås på tråden.
260,human_comment,flashback,signoff,130,126,"jag skulle ha tagit det lugnt, väntat lite längre. typ rökt en fet holk och softat ett tag. dumt att chansa med andningsdepp.. Mvh","jag skulle ha tagit det lugnt, väntat lite längre. typ rökt en fet holk och softat ett tag. dumt att chansa med andningsdepp.."
545,human_comment,flashback,signoff,271,250,Beskriv utslagen mer i detalj. Samt: När kom de i förhållande till att du startade behandling med omeprazol. Har du haft något liknande tidigare? Sväljsvårigheter som minskar när du tar en halstablett eller dricker tyder  inte  på allergisk reaktion. Mvh /Nybliven läkare,Beskriv utslagen mer i detalj. Samt: När kom de i förhållande till att du startade behandling med omeprazol. Har du haft något liknande tidigare? Sväljsvårigheter som minskar när du tar en halstablett eller dricker tyder  inte  på allergisk reaktion.
636,human_comment,flashback,signoff,854,843," Tja Den sömnmedicin som verkligen fungerar är ju flunitrazepam ex 1mg Fluscand. Men att få den utskriven är ju inte det enklaste, visst är det en beroendeframkallande medicin, men 1mg fluscand max 2mg tycker jag är viktigt. Själv har jag 1-2st 5mg zopiklon som jag gått på i några år, o visst funger","Tja Den sömnmedicin som verkligen fungerar är ju flunitrazepam ex 1mg Fluscand. Men att få den utskriven är ju inte det enklaste, visst är det en beroendeframkallande medicin, men 1mg fluscand max 2mg tycker jag är viktigt. Själv har jag 1-2st 5mg zopiklon som jag gått på i några år, o visst fungera"
642,human_comment,flashback,signoff,377,373," Ok, är detta sant så låter det jättebra, tackar så hemskt mycket för infon  Men om jag  t ex bara tänkte på det nu, vill få fram en spec som typ motsvarar en htc hd2 är det någrlunda möjligt hos en asiatisk eller annat företag bara sådär, eller får man nöja sig med lite sämre pga htc osv har den bä","Ok, är detta sant så låter det jättebra, tackar så hemskt mycket för infon  Men om jag  t ex bara tänkte på det nu, vill få fram en spec som typ motsvarar en htc hd2 är det någrlunda möjligt hos en asiatisk eller annat företag bara sådär, eller får man nöja sig med lite sämre pga htc osv har den bät"
644,human_comment,flashback,signoff,78,55,"Denna låses då det finns en annan tråd med samma fråga. Mvh, Oddball Moderator",Denna låses då det finns en annan tråd med samma fråga.
1042,human_comment,flashback,signoff,332,327," Varför? D låter som en kur som folk med kroniska smärtor skulle köra... Personligen tycker jag inte kodein ger nått som helst och ditt förbruk verkar ju bara som ett jobbigt waste of money, d kan ju inte va kul å behöva trycka lax för å skita. vill inte klanka ner utan undrar bara va du tycker du f","Varför? D låter som en kur som folk med kroniska smärtor skulle köra... Personligen tycker jag inte kodein ger nått som helst och ditt förbruk verkar ju bara som ett jobbigt waste of money, d kan ju inte va kul å behöva trycka lax för å skita. vill inte klanka ner utan undrar bara va du tycker du få"
467,comment_baseline,flashback,blank_lines,3186,3184,"Det är egentligen två helt olika Sverigekartor du tittar på.

1) Inlands-/småkommunerna i norr med <1%  
I många av de där kommunerna har SD (eller ”invandringsfrågan” generellt) aldrig blivit den lokala konfliktlinjen. Det handlar ofta om:
- Glesbygd med stabila sociala nätverk där personröster, sl","Det är egentligen två helt olika Sverigekartor du tittar på.

1) Inlands-/småkommunerna i norr med <1%  
I många av de där kommunerna har SD (eller ”invandringsfrågan” generellt) aldrig blivit den lokala konfliktlinjen. Det handlar ofta om:
- Glesbygd med stabila sociala nätverk där personröster, sl"
468,comment_baseline,flashback,blank_lines,2952,2948,"Det är rätt tydliga mönster om man kollar lite bortom “norr vs söder”.

<1% i inlandet (Bjurholm, Dorotea, Åsele, Norsjö, Vilhelmina, Storuman osv): det där är gamla S- och i viss mån C-fästen där politiken länge varit väldigt personburen och “kommunen är vi”-kultur. Man röstar på Kalle som fixar vä","Det är rätt tydliga mönster om man kollar lite bortom “norr vs söder”.

<1% i inlandet (Bjurholm, Dorotea, Åsele, Norsjö, Vilhelmina, Storuman osv): det där är gamla S- och i viss mån C-fästen där politiken länge varit väldigt personburen och “kommunen är vi”-kultur. Man röstar på Kalle som fixar vä"
