human_bigram_repetition_rate,human_trigram_repetition_rate,human_function_word_rate,human_ttr,human_mattr,human_mtld,human_punct_period,human_punct_exclaim,human_punct_question,human_punct_comma,human_punct_semicolon,human_punct_colon,human_punct_dash,human_punct_ellipsis,llm_bigram_repetition_rate,llm_trigram_repetition_rate,llm_function_word_rate,llm_ttr,llm_mattr,llm_mtld,llm_punct_period,llm_punct_exclaim,llm_punct_question,llm_punct_comma,llm_punct_semicolon,llm_punct_colon,llm_punct_dash,llm_punct_ellipsis
0.0,0.0,0.5,0.75,0.75,12.72,20.0,0.0,0.0,0.0,0.0,0.0,0.0,0.0,0.0,0.0,0.45454545454545453,0.9090909090909091,0.9090909090909091,101.63999999999999,4.3478260869565215,0.0,0.0,4.3478260869565215,0.0,2.1739130434782608,0.0,0.0
0.0,0.0,0.5061728395061729,0.7654320987654321,0.7654320987654321,96.68842105263157,1.1111111111111112,2.2222222222222223,0.0,2.2222222222222223,0.0,1.1111111111111112,0.0,0.0,0.014084507042253521,0.0,0.5277777777777778,0.8194444444444444,0.8194444444444444,111.6553846153846,3.409090909090909,0.0,1.1363636363636365,5.6818181818181825,0.0,1.1363636363636365,0.0,0.0
0.0,0.0,0.46153846153846156,1.0,1.0,13.0,0.0,0.0,5.555555555555555,0.0,11.11111111111111,0.0,0.0,0.0,0.0,0.0,0.47058823529411764,0.9019607843137255,0.9019607843137255,145.65600000000003,6.349206349206349,1.5873015873015872,0.0,6.349206349206349,0.0,0.0,1.5873015873015872,0.0
0.0,0.0,0.5714285714285714,1.0,1.0,,20.0,0.0,0.0,10.0,0.0,0.0,0.0,0.0,0.0,0.0,0.5333333333333333,0.8666666666666667,0.8666666666666667,126.00000000000004,5.47945205479452,0.0,2.73972602739726,5.47945205479452,0.0,0.0,0.0,0.0
0.0,0.0,0.5,1.0,1.0,,0.0,0.0,33.333333333333336,0.0,0.0,0.0,0.0,0.0,0.0,0.0,0.5263157894736842,0.9122807017543859,0.9122807017543859,181.9439999999999,2.857142857142857,1.4285714285714286,1.4285714285714286,7.142857142857143,0.0,0.0,1.4285714285714286,0.0
0.0,0.0,0.6428571428571429,0.9285714285714286,0.9285714285714286,54.88000000000004,0.0,0.0,6.666666666666667,0.0,0.0,0.0,0.0,0.0,0.0,0.0,0.5423728813559322,0.7796610169491526,0.7796610169491526,74.97538461538464,5.633802816901408,0.0,0.0,1.408450704225352,0.0,0.0,1.408450704225352,0.0
0.0,0.0,0.2,1.0,1.0,,16.666666666666668,0.0,0.0,0.0,0.0,0.0,0.0,0.0,0.0,0.0,0.5510204081632653,0.8571428571428571,0.8571428571428571,96.03999999999998,5.357142857142858,0.0,0.0,3.5714285714285716,0.0,0.0,0.0,0.0
0.0,0.0,0.6666666666666666,1.0,1.0,,0.0,0.0,40.0,0.0,0.0,0.0,0.0,0.0,0.0,0.0,0.4915254237288136,0.8135593220338984,0.8135593220338984,88.60727272727276,5.714285714285714,0.0,0.0,2.857142857142857,0.0,1.4285714285714286,0.0,0.0
0.0,0.0,0.5,0.9,0.9,56.000000000000014,4.166666666666667,0.0,0.0,4.166666666666667,0.0,8.333333333333334,0.0,0.0,0.0,0.0,0.39285714285714285,0.7857142857142857,0.7857142857142857,73.17333333333333,5.405405405405405,0.0,0.0,1.3513513513513513,0.0,0.0,1.3513513513513513,0.0
0.0,0.0,0.5,0.9166666666666666,0.9166666666666666,80.63999999999997,0.0,0.0,4.0,0.0,0.0,0.0,0.0,0.0,0.028169014084507043,0.0,0.4027777777777778,0.7916666666666666,0.7916666666666666,96.768,5.208333333333334,0.0,0.0,2.0833333333333335,0.0,1.0416666666666667,0.0,0.0
0.0,0.0,0.5,1.0,1.0,28.0,5.882352941176471,2.9411764705882355,0.0,2.9411764705882355,0.0,2.9411764705882355,0.0,0.0,0.031446540880503145,0.012658227848101266,0.5,0.66875,0.7399999999999998,95.74575859556603,4.25531914893617,0.0,0.5319148936170213,4.787234042553191,0.0,1.0638297872340425,0.5319148936170213,0.0
0.0,0.0,0.5476190476190477,0.8333333333333334,0.8333333333333334,70.56000000000003,8.0,0.0,0.0,4.0,0.0,2.0,0.0,0.0,0.023952095808383235,0.0,0.5059523809523809,0.7023809523809523,0.7998550724637683,168.0,5.472636815920398,0.9950248756218906,0.4975124378109453,3.482587064676617,0.0,1.492537313432836,0.0,0.0
0.0,0.0,0.48214285714285715,0.7678571428571429,0.7678571428571429,67.5446153846154,4.838709677419354,0.0,0.0,1.6129032258064515,0.0,0.0,0.0,0.0,0.011695906432748537,0.0,0.5,0.686046511627907,0.7717808219178082,123.74097664543527,5.445544554455445,0.0,0.49504950495049505,2.9702970297029703,0.0,1.4851485148514851,0.0,0.0
0.0,0.0,0.5555555555555556,1.0,1.0,,8.333333333333334,0.0,0.0,16.666666666666668,0.0,0.0,0.0,0.0,0.017045454545454544,0.0,0.5028248587570622,0.6949152542372882,0.7752564102564103,146.6518599264205,5.633802816901408,0.0,0.4694835680751174,3.2863849765258215,0.0,1.8779342723004695,0.0,0.0
0.0,0.0,0.5319148936170213,0.8297872340425532,0.8297872340425532,77.315,3.7037037037037037,0.0,0.0,7.407407407407407,0.0,1.8518518518518519,0.0,0.0,0.005434782608695652,0.0,0.5081081081081081,0.6648648648648648,0.7488372093023254,114.76671101527734,4.910714285714286,0.0,0.44642857142857145,3.125,0.0,1.7857142857142858,0.0,0.0
0.0,0.0,0.5,1.0,1.0,,16.666666666666668,0.0,0.0,16.666666666666668,0.0,0.0,0.0,0.0,0.0,0.0,0.42028985507246375,0.9130434782608695,0.9130434782608695,222.1799999999999,4.395604395604396,1.098901098901099,0.0,3.296703296703297,0.0,3.296703296703297,2.197802197802198,0.0
0.0,0.0,0.4166666666666667,1.0,1.0,12.0,7.142857142857143,0.0,0.0,7.142857142857143,0.0,0.0,0.0,0.0,0.0,0.0,0.43859649122807015,0.8245614035087719,0.8245614035087719,90.97200000000002,4.054054054054054,0.0,0.0,2.7027027027027026,0.0,2.7027027027027026,1.3513513513513513,0.0
0.0,0.0,0.14285714285714285,1.0,1.0,,0.0,0.0,0.0,0.0,0.0,0.0,0.0,0.0,0.009900990099009901,0.0,0.5098039215686274,0.7450980392156863,0.75,112.04307692307694,3.787878787878788,0.0,0.0,3.787878787878788,0.0,0.7575757575757576,0.0,0.0
0.0,0.0,0.4166666666666667,1.0,1.0,12.0,7.142857142857143,0.0,0.0,7.142857142857143,0.0,0.0,0.0,0.0,0.04424778761061947,0.017857142857142856,0.5087719298245614,0.6578947368421053,0.6673333333333333,64.25224498032489,3.821656050955414,0.0,0.0,1.910828025477707,0.0,0.6369426751592356,0.0,0.0
0.0,0.0,0.5,0.9285714285714286,0.9285714285714286,54.88000000000004,5.882352941176471,0.0,0.0,11.764705882352942,0.0,0.0,0.0,0.0,0.023255813953488372,0.0,0.5230769230769231,0.676923076923077,0.7003225806451613,97.06774409977112,3.370786516853933,0.0,0.0,3.9325842696629216,0.0,1.1235955056179776,0.0,0.0
0.0,0.0,0.42857142857142855,1.0,1.0,,0.0,11.11111111111111,0.0,11.11111111111111,0.0,0.0,0.0,0.0,0.0,0.0,0.4943820224719101,0.8089887640449438,0.8089887640449438,130.4635294117647,3.389830508474576,0.0,0.0,3.389830508474576,0.0,1.694915254237288,0.0,0.0
0.0,0.0,0.4166666666666667,1.0,1.0,12.0,0.0,0.0,0.0,7.142857142857143,0.0,0.0,0.0,0.0,0.016260162601626018,0.00819672131147541,0.5403225806451613,0.7096774193548387,0.7296,110.83651804670913,3.0303030303030303,0.0,0.6060606060606061,3.6363636363636367,0.0,1.8181818181818183,0.0,0.0
0.0,0.0,0.5,1.0,1.0,,12.5,0.0,0.0,0.0,0.0,0.0,0.0,0.0,0.0,0.0,0.3829787234042553,0.8723404255319149,0.8723404255319149,75.04333333333335,1.5267175572519085,0.0,0.0,10.68702290076336,0.0,1.5267175572519085,0.0,0.0
0.0,0.0,0.6666666666666666,0.8888888888888888,0.8888888888888888,,0.0,0.0,0.0,7.6923076923076925,0.0,7.6923076923076925,0.0,0.0,0.0,0.0,0.4318181818181818,0.9318181818181818,0.9318181818181818,180.69333333333321,1.8691588785046729,0.0,0.0,9.345794392523365,0.0,0.9345794392523364,0.0,0.0
0.0,0.0,0.46153846153846156,1.0,1.0,13.0,4.545454545454546,0.0,0.0,4.545454545454546,0.0,0.0,0.0,0.0,0.0,0.0,0.4897959183673469,0.7959183673469388,0.7959183673469388,67.22800000000001,3.8461538461538467,0.0,0.0,5.128205128205129,0.0,2.5641025641025643,0.0,0.0
0.0,0.0,0.16666666666666666,1.0,1.0,,0.0,0.0,0.0,0.0,0.0,0.0,0.0,0.0,0.0,0.0,0.42105263157894735,0.8157894736842105,0.8157894736842105,57.76,4.411764705882353,0.0,0.0,7.352941176470589,0.0,2.9411764705882355,0.0,0.0
0.0,0.0,0.0,1.0,1.0,,16.666666666666668,0.0,0.0,33.333333333333336,0.0,0.0,0.0,0.0,0.0,0.0,0.35,0.875,0.875,89.60000000000001,3.3333333333333335,0.0,0.0,21.666666666666668,0.0,1.6666666666666667,0.0,0.0
0.0,0.0,0.42857142857142855,1.0,1.0,,33.33333333333333,0.0,11.11111111111111,0.0,0.0,11.11111111111111,0.0,0.0,0.0,0.0,0.4666666666666667,0.8666666666666667,0.8666666666666667,94.50000000000003,4.615384615384616,0.0,0.0,1.5384615384615385,0.0,0.0,1.5384615384615385,0.0
0.0,0.0,0.5,1.0,1.0,16.0,4.761904761904762,0.0,4.761904761904762,0.0,0.0,4.761904761904762,0.0,0.0,0.023255813953488372,0.0,0.6136363636363636,0.8181818181818182,0.8181818181818182,67.76000000000002,3.6363636363636362,0.0,0.0,1.8181818181818181,0.0,0.0,0.0,0.0
0.0,0.0,0.46153846153846156,1.0,1.0,13.0,37.5,0.0,0.0,6.25,0.0,6.25,0.0,6.25,0.0,0.0,0.5666666666666667,0.8666666666666667,0.8666666666666667,63.00000000000002,5.405405405405405,0.0,2.7027027027027026,2.7027027027027026,0.0,2.7027027027027026,0.0,0.0
0.0,0.0,0.5483870967741935,0.967741935483871,0.967741935483871,269.08000000000027,9.09090909090909,0.0,0.0,0.0,0.0,0.0,0.0,0.0,0.0,0.0,0.4418604651162791,0.8837209302325582,0.8837209302325582,103.54400000000003,6.122448979591837,0.0,0.0,2.0408163265306123,0.0,0.0,0.0,0.0
0.034482758620689655,0.0,0.6333333333333333,0.8,0.8,42.000000000000014,3.125,0.0,0.0,3.125,0.0,0.0,0.0,0.0,0.0,0.0,0.54,0.88,0.88,116.66666666666669,5.357142857142858,1.7857142857142858,0.0,0.0,0.0,0.0,0.0,0.0
0.0,0.0,0.5454545454545454,0.9090909090909091,0.9090909090909091,33.879999999999995,15.384615384615385,0.0,0.0,0.0,0.0,0.0,0.0,0.0,0.0,0.0,0.42857142857142855,0.8979591836734694,0.8979591836734694,134.45600000000002,6.779661016949152,0.0,0.0,3.389830508474576,0.0,0.0,0.0,0.0
0.0,0.0,0.5,0.7857142857142857,0.7857142857142857,18.293333333333333,0.0,0.0,6.25,6.25,0.0,0.0,0.0,0.0,0.0,0.0,0.48,0.86,0.86,100.0,5.263157894736842,0.0,0.0,3.508771929824561,0.0,0.0,0.0,0.0
0.0,0.0,0.3076923076923077,1.0,1.0,13.0,6.666666666666667,0.0,6.666666666666667,0.0,0.0,0.0,0.0,0.0,0.016129032258064516,0.0,0.464,0.736,0.7657692307692308,132.5757575757576,3.947368421052632,0.0,0.0,2.6315789473684212,0.0,1.3157894736842106,0.6578947368421053,0.0
0.043478260869565216,0.0,0.5833333333333334,0.8333333333333334,0.8333333333333334,40.320000000000014,4.0,0.0,0.0,0.0,0.0,0.0,0.0,0.0,0.02040816326530612,0.010309278350515464,0.42424242424242425,0.8181818181818182,0.8181818181818182,152.46000000000006,3.3333333333333335,0.0,0.0,3.3333333333333335,0.0,1.6666666666666667,0.0,0.0
0.0,0.0,0.4166666666666667,1.0,1.0,12.0,0.0,0.0,0.0,0.0,0.0,0.0,0.0,0.0,0.0,0.0,0.4020618556701031,0.845360824742268,0.845360824742268,175.6346666666667,2.985074626865672,0.0,0.0,5.970149253731344,0.0,1.492537313432836,0.0,0.0
0.0,0.0,0.6666666666666666,0.9047619047619048,0.9047619047619048,61.74000000000001,14.814814814814815,0.0,0.0,3.7037037037037037,0.0,0.0,0.0,0.0,0.006944444444444444,0.0,0.4413793103448276,0.7172413793103448,0.7795652173913047,145.0,3.592814371257485,0.0,0.0,3.592814371257485,0.0,1.1976047904191616,0.0,0.0
0.024390243902439025,0.012345679012345678,0.4939759036144578,0.7590361445783133,0.7590361445783133,96.44600000000001,6.521739130434782,0.0,0.0,3.260869565217391,0.0,1.0869565217391304,0.0,0.0,0.007042253521126761,0.0,0.44755244755244755,0.7692307692307693,0.8240909090909091,173.50666666666672,3.5294117647058822,0.0,0.0,2.3529411764705883,0.0,2.3529411764705883,0.0,0.0
0.0,0.0,0.25,1.0,1.0,,33.333333333333336,0.0,0.0,16.666666666666668,0.0,0.0,0.0,8.333333333333334,0.013333333333333334,0.0,0.47019867549668876,0.7350993377483444,0.8021153846153845,159.607,3.825136612021858,0.0,0.0,2.185792349726776,0.0,2.7322404371584703,0.546448087431694,0.0
0.0625,0.0,0.4117647058823529,0.8235294117647058,0.8235294117647058,26.97333333333333,13.88888888888889,0.0,0.0,0.0,0.0,5.555555555555555,0.0,0.0,0.0,0.0,0.4032258064516129,0.75,0.7752000000000001,138.88000000000002,3.947368421052632,0.0,0.0,2.6315789473684212,0.0,2.6315789473684212,0.0,0.0
0.0,0.0,0.5238095238095238,0.8571428571428571,0.8571428571428571,82.31999999999998,4.545454545454546,0.0,0.0,0.0,0.0,0.0,0.0,0.0,0.07758620689655173,0.004329004329004329,0.45064377682403434,0.6223175965665236,0.7542537313432836,125.64367464972304,5.3872053872053876,0.0,0.0,3.367003367003367,0.0,2.0202020202020203,0.0,0.0
0.0,0.0,0.6,0.9333333333333333,0.9333333333333333,63.00000000000002,5.882352941176471,0.0,5.882352941176471,0.0,0.0,0.0,0.0,0.0,0.03153153153153153,0.0,0.4260089686098655,0.672645739910314,0.8119354838709677,171.94239786647913,4.560260586319218,0.0,0.9771986970684039,2.280130293159609,0.0,1.9543973941368078,0.6514657980456026,0.0
0.030303030303030304,0.015384615384615385,0.582089552238806,0.746268656716418,0.746268656716418,73.93647058823531,4.10958904109589,0.0,0.0,0.0,0.0,0.0,0.0,0.0,0.029850746268656716,0.0,0.40892193308550184,0.6022304832713755,0.7902941176470588,151.438630689803,3.4782608695652177,0.0,1.1594202898550725,2.318840579710145,0.0,1.4492753623188406,0.2898550724637681,0.0
0.06293706293706294,0.017543859649122806,0.5679442508710801,0.5505226480836237,0.7127659574468085,95.66666666666667,6.5420560747663545,0.0,0.0,0.9345794392523363,0.0,0.0,0.0,0.0,0.04417670682730924,0.004032258064516129,0.496,0.564,0.7250331125827814,84.00537634408602,3.323262839879154,0.0,0.6042296072507553,3.021148036253776,0.0,1.510574018126888,0.6042296072507553,0.0
0.0,0.0,0.4,0.8666666666666667,0.8666666666666667,31.50000000000001,11.11111111111111,0.0,0.0,5.555555555555555,0.0,0.0,0.0,0.0,0.06513409961685823,0.015384615384615385,0.4312977099236641,0.6068702290076335,0.7631288343558283,135.91659221626162,5.056179775280899,0.0,0.2808988764044944,1.6853932584269664,0.0,0.8426966292134832,0.8426966292134832,0.0
0.0,0.0,0.5,1.0,1.0,,14.285714285714286,0.0,0.0,0.0,0.0,0.0,0.0,0.0,0.0,0.0,0.5588235294117647,0.8676470588235294,0.8676470588235294,143.8577777777778,3.79746835443038,0.0,0.0,1.2658227848101267,0.0,1.2658227848101267,0.0,0.0
0.0,0.0,0.38095238095238093,0.8571428571428571,0.8571428571428571,41.15999999999999,18.51851851851852,0.0,0.0,0.0,3.7037037037037037,3.7037037037037037,0.0,0.0,0.0,0.0,0.3333333333333333,0.9090909090909091,0.9090909090909091,101.63999999999999,3.7735849056603774,0.0,0.0,1.8867924528301887,0.0,0.0,0.0,0.0
0.0,0.0,0.5857142857142857,0.7285714285714285,0.7285714285714285,72.21052631578947,3.947368421052632,0.0,1.3157894736842106,0.0,0.0,0.0,0.0,0.0,0.0,0.0,0.45569620253164556,0.8227848101265823,0.8227848101265823,124.82000000000006,4.49438202247191,0.0,0.0,4.49438202247191,0.0,1.1235955056179776,1.1235955056179776,0.0
0.0,0.0,0.5076923076923077,0.7846153846153846,0.7846153846153846,84.50000000000001,4.054054054054054,0.0,0.0,5.405405405405405,0.0,0.0,0.0,0.0,0.019801980198019802,0.0,0.49019607843137253,0.7058823529411765,0.6999999999999998,83.28134796238244,3.4782608695652173,0.0,0.0,3.4782608695652173,0.0,0.8695652173913043,0.0,0.0
0.0,0.0,0.3333333333333333,0.8888888888888888,0.8888888888888888,45.359999999999985,9.090909090909092,0.0,0.0,0.0,0.0,0.0,0.0,0.0,0.0,0.0,0.44594594594594594,0.7972972972972973,0.7972972972972973,102.21866666666665,8.23529411764706,0.0,0.0,5.882352941176471,0.0,1.1764705882352942,0.0,0.0
0.0,0.0,0.47058823529411764,0.8529411764705882,0.8529411764705882,64.736,7.317073170731707,0.0,2.4390243902439024,2.4390243902439024,2.4390243902439024,0.0,0.0,0.0,0.01694915254237288,0.0,0.45,0.7833333333333333,0.7833333333333333,64.57928663515256,10.0,0.0,0.0,2.857142857142857,0.0,1.4285714285714286,0.0,0.0
0.0,0.0,0.4444444444444444,1.0,1.0,,18.181818181818183,0.0,0.0,0.0,0.0,0.0,0.0,0.0,0.0,0.0,0.5616438356164384,0.7671232876712328,0.7671232876712328,87.77176470588233,4.878048780487805,0.0,0.0,4.878048780487805,0.0,0.0,1.2195121951219512,0.0
0.017857142857142856,0.0,0.5680473372781065,0.6035502958579881,0.7028571428571427,62.14401164988105,5.789473684210526,0.0,1.0526315789473684,1.0526315789473684,0.0,0.0,0.0,0.0,0.0,0.0,0.4661016949152542,0.7627118644067796,0.7705263157894736,139.23999999999998,4.316546762589928,0.0,0.0,4.316546762589928,0.0,0.7194244604316546,0.7194244604316546,0.0
0.0,0.0,0.42857142857142855,1.0,1.0,,10.0,0.0,0.0,0.0,10.0,0.0,0.0,0.0,0.0,0.0,0.49193548387096775,0.7903225806451613,0.8056,165.5876923076923,3.4482758620689657,0.0,0.0,2.7586206896551726,0.0,0.6896551724137931,1.3793103448275863,0.0
0.0,0.0,0.5,1.0,1.0,10.0,7.6923076923076925,0.0,0.0,0.0,7.6923076923076925,0.0,0.0,0.0,0.0072992700729927005,0.0,0.4782608695652174,0.7536231884057971,0.7964102564102563,156.83294117647063,4.3478260869565215,0.0,0.0,4.3478260869565215,0.0,1.2422360248447204,0.6211180124223602,0.0
0.0,0.0,0.3333333333333333,1.0,1.0,,11.11111111111111,0.0,0.0,0.0,11.11111111111111,0.0,0.0,0.0,0.02127659574468085,0.010752688172043012,0.5894736842105263,0.7684210526315789,0.7684210526315789,87.07467532467533,3.7383177570093458,0.0,0.0,3.7383177570093458,0.0,0.0,0.9345794392523364,0.0
0.0,0.0,0.5555555555555556,0.9444444444444444,0.9444444444444444,90.71999999999997,4.761904761904762,0.0,0.0,0.0,4.761904761904762,0.0,0.0,0.0,0.030120481927710843,0.006060606060606061,0.49700598802395207,0.6946107784431138,0.7807352941176469,129.30513031439978,3.5532994923857864,0.0,0.0,4.060913705583756,0.0,0.5076142131979695,1.015228426395939,0.0
0.0,0.0,0.5217391304347826,0.9565217391304348,0.9565217391304348,148.12000000000012,3.0303030303030303,0.0,0.0,0.0,3.0303030303030303,3.0303030303030303,0.0,0.0,0.03355704697986577,0.0,0.5533333333333333,0.6733333333333333,0.7429411764705882,92.59546930618873,3.5294117647058822,0.0,0.0,2.3529411764705883,0.0,0.5882352941176471,0.5882352941176471,0.0
0.0,0.0,0.5333333333333333,1.0,1.0,15.0,5.555555555555555,0.0,0.0,0.0,5.555555555555555,0.0,0.0,0.0,0.02185792349726776,0.0,0.5108695652173914,0.6793478260869565,0.762470588235294,130.78353483016696,3.669724770642202,0.0,0.0,4.128440366972478,0.0,0.45871559633027525,0.45871559633027525,0.0
0.0,0.0,0.4,1.0,1.0,15.0,5.555555555555555,0.0,0.0,0.0,5.555555555555555,0.0,0.0,0.0,0.013888888888888888,0.0,0.496551724137931,0.7103448275862069,0.7730434782608696,129.375,4.093567251461988,0.0,0.5847953216374269,3.508771929824561,0.0,0.5847953216374269,0.5847953216374269,0.0
0.0,0.0,0.5,1.0,1.0,,9.090909090909092,0.0,0.0,0.0,9.090909090909092,0.0,0.0,0.0,0.009615384615384616,0.0,0.5142857142857142,0.8095238095238095,0.8150000000000001,154.35000000000002,4.273504273504273,0.0,0.0,2.564102564102564,0.0,0.8547008547008547,0.8547008547008547,0.0
0.0,0.0,0.4444444444444444,0.8888888888888888,0.8888888888888888,45.359999999999985,4.761904761904762,0.0,0.0,0.0,4.761904761904762,0.0,0.0,0.0,0.02054794520547945,0.0,0.5238095238095238,0.7006802721088435,0.75375,119.45297585626054,2.994011976047904,0.0,0.0,3.592814371257485,0.0,0.5988023952095808,1.1976047904191616,0.0
0.0,0.0,0.4,1.0,1.0,,16.666666666666668,0.0,0.0,0.0,0.0,0.0,0.0,0.0,0.007692307692307693,0.0,0.4961832061068702,0.732824427480916,0.76,137.288,5.555555555555555,0.0,0.0,3.0864197530864197,0.0,1.2345679012345678,0.6172839506172839,0.0
0.0,0.0,0.38461538461538464,0.9230769230769231,0.9230769230769231,30.160000000000018,11.11111111111111,5.555555555555555,0.0,0.0,0.0,5.555555555555555,0.0,0.0,0.027210884353741496,0.0,0.5135135135135135,0.7162162162162162,0.755918367346939,148.0,3.9548022598870056,0.0,0.0,2.824858757062147,0.0,0.5649717514124294,0.5649717514124294,0.0
0.0,0.0,0.5652173913043478,1.0,1.0,23.0,11.11111111111111,0.0,0.0,0.0,0.0,0.0,0.0,0.0,0.03676470588235294,0.014814814814814815,0.5109489051094891,0.6642335766423357,0.7186842105263158,79.94949698969788,3.7735849056603774,0.0,0.6289308176100629,3.144654088050314,0.0,1.2578616352201257,1.2578616352201257,0.0
0.0,0.0,0.5526315789473685,0.9736842105263158,0.9736842105263158,404.3200000000005,13.636363636363637,0.0,0.0,2.272727272727273,0.0,6.818181818181818,0.0,0.0,0.011560693641618497,0.0,0.5287356321839081,0.6896551724137931,0.7785333333333333,121.68262313226343,3.4313725490196076,0.0,0.0,3.4313725490196076,0.0,0.49019607843137253,0.9803921568627451,0.0
0.0,0.0,0.625,0.7916666666666666,0.7916666666666666,32.256,3.3333333333333335,0.0,3.3333333333333335,10.0,0.0,0.0,0.0,0.0,0.007462686567164179,0.0,0.48148148148148145,0.725925925925926,0.7522222222222223,135.0,3.048780487804878,0.0,1.2195121951219512,4.878048780487805,0.0,1.2195121951219512,1.2195121951219512,0.0
0.0,0.0,0.45714285714285713,0.8857142857142857,0.8857142857142857,85.74999999999997,2.5,0.0,5.0,0.0,0.0,0.0,0.0,0.0,0.06060606060606061,0.015384615384615385,0.34328358208955223,0.8507462686567164,0.8507462686567164,125.69200000000002,2.272727272727273,0.0,0.0,11.363636363636365,0.0,1.1363636363636365,0.0,0.0
0.0,0.0,0.3333333333333333,1.0,1.0,24.0,5.882352941176471,0.0,0.0,23.529411764705884,0.0,0.0,0.0,0.0,0.0,0.0,0.43548387096774194,0.9193548387096774,0.9193548387096774,215.2639999999999,4.819277108433735,0.0,0.0,13.253012048192772,0.0,2.4096385542168677,0.0,0.0
0.0,0.0,0.0,1.0,1.0,,25.0,0.0,0.0,25.0,0.0,0.0,0.0,0.0,0.0,0.0,0.3448275862068966,0.9310344827586207,0.9310344827586207,235.47999999999993,3.8461538461538467,0.0,0.0,8.974358974358974,0.0,1.2820512820512822,1.2820512820512822,0.0
0.0,0.0,0.4647887323943662,0.7605633802816901,0.7605633802816901,83.02823529411765,10.344827586206897,0.0,0.0,9.195402298850574,0.0,0.0,0.0,1.1494252873563218,0.06521739130434782,0.01098901098901099,0.3978494623655914,0.7096774193548387,0.7096774193548387,73.145139065163,1.6260162601626016,0.0,0.0,9.75609756097561,0.0,0.8130081300813008,0.0,0.0
0.0,0.0,0.4666666666666667,0.9333333333333333,0.9333333333333333,63.00000000000002,5.2631578947368425,0.0,0.0,5.2631578947368425,0.0,5.2631578947368425,0.0,0.0,0.08791208791208792,0.03333333333333333,0.44565217391304346,0.717391304347826,0.717391304347826,75.54397051079515,1.7699115044247788,0.0,0.0,9.734513274336283,0.0,0.8849557522123894,0.0,0.0
0.0,0.0,0.3269230769230769,0.8846153846153846,0.8846153846153846,126.18666666666664,5.172413793103448,0.0,0.0,5.172413793103448,0.0,0.0,0.0,0.0,0.03333333333333333,0.00303951367781155,0.3776435045317221,0.6465256797583081,0.8337068965517243,195.0841773570134,3.991130820399113,0.0,0.0,4.656319290465632,0.0,1.7738359201773837,0.4434589800443459,0.0
0.0,0.0,0.4634146341463415,0.8048780487804879,0.8048780487804879,58.83500000000002,6.818181818181818,0.0,0.0,0.0,0.0,0.0,0.0,0.0,0.021538461538461538,0.0,0.3834355828220859,0.6717791411042945,0.7887224669603523,183.51201687842993,3.1890660592255125,0.0,0.0,5.694760820045558,0.0,2.050113895216401,0.22779043280182232,0.0
0.09359605911330049,0.014792899408284023,0.49803149606299213,0.3887795275590551,0.7227917121046892,97.83471386187854,3.063063063063063,0.0,0.0,3.423423423423423,0.09009009009009009,0.36036036036036034,0.0,0.0,0.052995391705069124,0.004618937644341801,0.39080459770114945,0.5977011494252874,0.783452380952381,154.09676114903203,3.75,0.0,0.0,5.0,0.0,0.7142857142857143,0.17857142857142858,0.0
0.0,0.0,0.5,1.0,1.0,16.0,5.882352941176471,0.0,0.0,0.0,0.0,0.0,0.0,0.0,0.015424164524421594,0.0,0.39487179487179486,0.6461538461538462,0.8159450171821305,198.85389730328777,4.716981132075472,0.0,0.18867924528301888,4.339622641509434,0.0,2.264150943396227,0.18867924528301888,0.0
0.007575757575757576,0.0,0.45112781954887216,0.7443609022556391,0.775,145.67411764705884,5.882352941176471,0.0,0.0,2.6143790849673203,0.0,0.0,0.0,0.0,0.017699115044247787,0.0,0.47368421052631576,0.7982456140350878,0.8026666666666669,158.21217391304353,5.34351145038168,0.0,0.0,2.290076335877863,0.0,0.7633587786259542,0.0,0.0
0.0,0.0,0.42857142857142855,0.9523809523809523,0.9523809523809523,246.95999999999975,6.0,0.0,0.0,6.0,0.0,0.0,0.0,0.0,0.021739130434782608,0.0,0.460431654676259,0.7266187050359713,0.8,140.6826315789474,4.278074866310161,0.0,0.0,2.6737967914438503,0.0,3.2085561497326207,0.0,0.0
0.0,0.0,0.3333333333333333,1.0,1.0,27.0,10.0,0.0,0.0,0.0,0.0,0.0,0.0,0.0,0.02666666666666667,0.0,0.45695364238410596,0.6887417218543046,0.7442307692307693,97.0334354774042,4.128440366972478,0.0,0.0,3.211009174311927,0.0,0.45871559633027525,3.211009174311927,0.0
0.0,0.0,0.4,1.0,1.0,10.0,8.333333333333334,0.0,0.0,8.333333333333334,0.0,0.0,0.0,0.0,0.010526315789473684,0.0,0.3854166666666667,0.7395833333333334,0.7395833333333334,103.21920000000001,4.587155963302752,0.0,0.0,1.834862385321101,0.0,0.0,0.0,0.0
0.0,0.0,0.29411764705882354,0.9411764705882353,0.9411764705882353,80.91999999999999,15.0,0.0,0.0,0.0,0.0,0.0,0.0,0.0,0.005917159763313609,0.0,0.4470588235294118,0.711764705882353,0.7887323943661971,159.375,4.23728813559322,0.0,0.423728813559322,3.389830508474576,0.0,2.542372881355932,0.423728813559322,0.0
0.0,0.0,0.6,1.0,1.0,,16.666666666666668,0.0,0.0,0.0,0.0,0.0,0.0,0.0,0.0111731843575419,0.0,0.46111111111111114,0.6777777777777778,0.7650617283950618,131.71296615427036,2.643171806167401,0.0,0.0,4.845814977973568,0.0,1.7621145374449338,0.0,0.0
0.01020408163265306,0.0,0.5151515151515151,0.7474747474747475,0.7474747474747475,109.77120000000004,13.392857142857144,0.0,0.0,0.0,0.0,1.7857142857142858,0.0,0.0,0.018072289156626505,0.0,0.46107784431137727,0.7005988023952096,0.7645588235294117,97.04054054054053,2.8846153846153846,0.0,0.0,5.288461538461538,0.0,1.4423076923076923,0.4807692307692308,0.0
0.0,0.0,0.2857142857142857,0.8928571428571429,0.8928571428571429,47.569425287356346,28.358208955223883,0.0,0.0,1.492537313432836,0.0,7.462686567164179,0.0,0.0,0.012121212121212121,0.0,0.46987951807228917,0.7289156626506024,0.7849253731343283,171.45955555555554,2.4509803921568625,0.0,0.0,2.941176470588235,0.0,0.9803921568627451,0.49019607843137253,0.0
0.0,0.0,0.5,0.9444444444444444,0.9444444444444444,90.71999999999997,4.3478260869565215,0.0,0.0,0.0,0.0,0.0,0.0,0.0,0.015463917525773196,0.0,0.4717948717948718,0.6666666666666666,0.7338541666666668,118.67321924348795,3.1372549019607843,0.0,0.39215686274509803,3.1372549019607843,0.0,1.5686274509803921,0.39215686274509803,0.0
0.0,0.0,0.5106382978723404,0.7872340425531915,0.7872340425531915,61.85200000000001,4.0,0.0,2.0,0.0,0.0,0.0,0.0,0.0,0.011299435028248588,0.0,0.4550561797752809,0.7247191011235955,0.7697468354430381,179.5257142857143,2.1929824561403506,0.0,0.43859649122807015,5.701754385964912,0.0,1.3157894736842104,0.8771929824561403,0.0
0.012987012987012988,0.0,0.41935483870967744,0.7161290322580646,0.7925000000000001,125.89201877934272,4.761904761904762,0.0,0.0,0.5952380952380952,0.0,0.5952380952380952,0.0,0.0,0.020833333333333332,0.0041841004184100415,0.4107883817427386,0.6721991701244814,0.7923943661971831,148.3402447474981,4.482758620689656,0.0,0.0,4.827586206896552,0.0,0.6896551724137931,0.3448275862068966,0.0
0.017857142857142856,0.0,0.42105263157894735,0.8421052631578947,0.8421052631578947,101.07999999999997,7.936507936507936,0.0,0.0,4.761904761904762,0.0,0.0,0.0,1.5873015873015872,0.006872852233676976,0.0,0.4520547945205479,0.6198630136986302,0.7782383419689118,146.78074866310163,3.4782608695652177,0.0,0.0,4.9275362318840585,0.0,0.8695652173913044,0.8695652173913044,0.0
0.02912621359223301,0.0,0.4519230769230769,0.75,0.74,116.48,6.896551724137931,0.0,0.0,5.172413793103448,0.0,0.0,0.0,0.0,0.03460207612456748,0.003472222222222222,0.45517241379310347,0.6482758620689655,0.765392670157068,150.47650785269366,4.199475065616798,0.0,0.0,4.724409448818897,0.0,0.5249343832020997,0.0,0.0
0.0,0.0,0.3103448275862069,0.7241379310344828,0.7241379310344828,58.0,4.6875,0.0,0.0,4.6875,0.0,0.0,0.0,0.0,0.04,0.004464285714285714,0.48672566371681414,0.6106194690265486,0.7474015748031495,115.51981240571743,4.123711340206185,0.0,0.3436426116838488,4.810996563573883,0.0,1.3745704467353952,0.6872852233676976,0.0
0.0,0.0,0.5,0.8846153846153846,0.8846153846153846,63.09333333333332,3.3333333333333335,0.0,3.3333333333333335,6.666666666666667,0.0,0.0,0.0,0.0,0.005681818181818182,0.0,0.5028248587570622,0.6949152542372882,0.7562820512820513,125.57647250404642,5.0228310502283104,0.0,0.91324200913242,5.0228310502283104,0.0,0.91324200913242,0.45662100456621,0.0
0.0,0.0,0.6,0.9,0.9,28.000000000000007,0.0,8.333333333333334,0.0,8.333333333333334,0.0,0.0,0.0,0.0,0.0,0.0,0.46938775510204084,0.8367346938775511,0.8367346938775511,84.03500000000003,3.278688524590164,0.0,0.0,3.278688524590164,0.0,1.639344262295082,0.0,0.0
0.0,0.0,0.5,0.75,0.75,12.72,20.0,0.0,0.0,0.0,0.0,0.0,0.0,0.0,0.0,0.0,0.43243243243243246,0.8918918918918919,0.8918918918918919,95.83,4.545454545454546,0.0,0.0,2.272727272727273,0.0,2.272727272727273,2.272727272727273,0.0
0.0,0.0,0.2,1.0,1.0,,14.285714285714286,0.0,0.0,0.0,0.0,0.0,0.0,0.0,0.0,0.0,0.4787234042553192,0.7659574468085106,0.7659574468085106,112.45818181818183,4.464285714285714,0.0,0.0,6.25,0.0,0.8928571428571429,0.8928571428571429,0.0
0.0,0.0,0.5,1.0,1.0,,14.285714285714286,0.0,0.0,0.0,0.0,0.0,0.0,0.0,0.0125,0.0,0.5555555555555556,0.7530864197530864,0.7530864197530864,91.85400000000001,2.830188679245283,0.0,0.0,3.7735849056603774,0.0,1.8867924528301887,0.0,0.0
0.0,0.0,0.3333333333333333,1.0,1.0,,25.0,0.0,0.0,0.0,0.0,0.0,0.0,0.0,0.057692307692307696,0.019417475728155338,0.5714285714285714,0.6571428571428571,0.6616666666666667,71.06618546611207,4.545454545454545,0.0,0.0,1.5151515151515151,0.0,0.7575757575757576,0.0,0.0
0.0,0.0,0.0,1.0,1.0,,0.0,33.333333333333336,0.0,0.0,0.0,0.0,0.0,0.0,0.011627906976744186,0.0,0.5287356321839081,0.7701149425287356,0.7701149425287356,105.96599999999998,2.8846153846153846,0.0,0.0,0.9615384615384616,0.0,0.9615384615384616,0.0,0.0
0.0,0.0,0.45454545454545453,1.0,1.0,22.0,8.0,0.0,4.0,0.0,0.0,0.0,0.0,0.0,0.009259259259259259,0.0,0.46788990825688076,0.7706422018348624,0.8039999999999999,133.06720000000004,3.4965034965034962,0.0,0.0,2.097902097902098,0.0,0.0,0.6993006993006993,0.0
0.02,0.010101010101010102,0.5247524752475248,0.7227722772277227,0.725,101.505,4.587155963302752,0.0,0.0,2.7522935779816518,0.0,0.0,0.0,0.0,0.021352313167259787,0.007142857142857143,0.43617021276595747,0.6347517730496454,0.7884153005464483,150.04721412796454,4.021447721179625,0.0,0.0,2.412868632707775,0.0,1.8766756032171583,0.0,0.0
0.025,0.0,0.5853658536585366,0.8048780487804879,0.8048780487804879,58.83500000000002,4.545454545454546,0.0,0.0,0.0,0.0,0.0,0.0,0.0,0.01,0.0,0.43564356435643564,0.7722772277227723,0.77,124.18608695652176,3.361344537815126,0.0,0.0,5.042016806722689,0.0,1.680672268907563,0.0,0.0
0.0,0.0,0.4626865671641791,0.9104477611940298,0.9104477611940298,209.4866666666666,6.4935064935064934,0.0,1.2987012987012987,2.5974025974025974,0.0,0.0,0.0,0.0,0.006622516556291391,0.0,0.45394736842105265,0.6907894736842105,0.7549056603773584,119.38197424892704,3.804347826086956,0.0,0.0,4.3478260869565215,0.0,2.1739130434782608,1.0869565217391304,0.0
0.0,0.0,0.34375,0.9375,0.9375,143.36,7.5,0.0,0.0,5.0,0.0,0.0,0.0,0.0,0.00819672131147541,0.0,0.4634146341463415,0.7398373983739838,0.7633333333333333,132.37875000000003,4.285714285714286,0.0,0.0,2.142857142857143,0.0,0.7142857142857143,0.7142857142857143,0.0
0.0,0.0,0.47368421052631576,1.0,1.0,19.0,5.0,0.0,0.0,0.0,0.0,0.0,0.0,0.0,0.01680672268907563,0.00847457627118644,0.48333333333333334,0.7166666666666667,0.7538095238095237,120.0,4.477611940298508,0.0,0.0,1.492537313432836,0.0,0.0,0.0,0.0
0.0,0.0,0.29411764705882354,0.9411764705882353,0.9411764705882353,80.91999999999999,15.0,0.0,0.0,0.0,0.0,0.0,0.0,0.0,0.009523809523809525,0.0,0.4716981132075472,0.7830188679245284,0.7928571428571428,136.78608695652179,3.278688524590164,0.0,0.0,4.0983606557377055,0.0,0.0,0.0,0.0
0.029850746268656716,0.0,0.5294117647058824,0.7352941176470589,0.7352941176470589,69.96444444444445,3.8461538461538467,0.0,0.0,7.692307692307693,0.0,0.0,0.0,0.0,0.03365384615384615,0.0,0.49760765550239233,0.6650717703349283,0.7544545454545457,113.49567263778488,4.918032786885246,0.0,0.0,4.508196721311475,0.0,1.639344262295082,0.4098360655737705,0.0
0.08333333333333333,0.043478260869565216,0.4,0.8,0.8,35.00000000000001,6.896551724137931,0.0,0.0,3.4482758620689653,0.0,0.0,0.0,0.0,0.0,0.0,0.4396551724137931,0.7844827586206896,0.815294117647059,150.70719999999997,4.3478260869565215,0.0,0.0,3.6231884057971016,0.0,0.0,0.7246376811594203,0.0
0.0,0.0,0.5,0.9230769230769231,0.9230769230769231,94.64000000000007,8.333333333333332,0.0,2.7777777777777777,0.0,2.7777777777777777,2.7777777777777777,0.0,0.0,0.0,0.0,0.45161290322580644,0.7661290322580645,0.7939999999999999,148.45793103448275,3.2467532467532467,0.0,0.0,3.896103896103896,0.0,0.0,1.2987012987012987,0.0
0.0,0.0,0.35294117647058826,1.0,1.0,17.0,5.2631578947368425,0.0,0.0,5.2631578947368425,0.0,0.0,0.0,0.0,0.03496503496503497,0.007042253521126761,0.4236111111111111,0.7361111111111112,0.8026666666666668,152.79157894736846,3.804347826086956,0.0,0.0,5.434782608695652,0.0,0.5434782608695652,2.1739130434782608,0.0
0.0,0.0,0.5833333333333334,0.875,0.875,53.760000000000005,7.142857142857143,0.0,0.0,0.0,0.0,0.0,0.0,0.0,0.009345794392523364,0.0,0.4166666666666667,0.7685185185185185,0.7777777777777778,130.6368,3.7037037037037033,0.0,0.0,5.925925925925926,0.0,0.7407407407407407,0.7407407407407407,0.0
0.0,0.0,0.47619047619047616,1.0,1.0,21.0,4.3478260869565215,0.0,0.0,4.3478260869565215,0.0,0.0,0.0,0.0,0.014492753623188406,0.0,0.4172661870503597,0.7553956834532374,0.7985,159.1141176470588,5.056179775280899,0.0,0.0,5.617977528089888,0.0,0.0,2.808988764044944,0.0
0.0,0.0,0.55,1.0,1.0,20.0,0.0,0.0,0.0,4.761904761904762,0.0,0.0,0.0,0.0,0.0380952380952381,0.0,0.5471698113207547,0.6415094339622641,0.63,56.86920529801324,3.2,0.0,0.0,4.0,0.0,0.0,0.8,0.0
0.0,0.0,0.5,1.0,1.0,,0.0,0.0,20.0,0.0,0.0,0.0,0.0,0.0,0.01098901098901099,0.0,0.4782608695652174,0.8260869565217391,0.8260869565217391,148.12,4.424778761061948,0.0,0.0,8.849557522123895,0.0,0.0,0.8849557522123894,0.0
0.0,0.0,0.8333333333333334,0.8333333333333334,0.8333333333333334,,0.0,0.0,14.285714285714286,0.0,0.0,0.0,0.0,0.0,0.015267175572519083,0.0,0.45454545454545453,0.7803030303030303,0.806969696969697,168.23172413793102,3.0864197530864197,0.0,0.6172839506172839,6.790123456790123,0.0,0.6172839506172839,1.2345679012345678,0.0
0.0,0.0,0.6666666666666666,0.8333333333333334,0.8333333333333334,,14.285714285714286,0.0,0.0,0.0,0.0,0.0,0.0,0.0,0.007874015748031496,0.0,0.5234375,0.6875,0.7437931034482758,90.60162601626018,4.3478260869565215,0.0,0.0,7.453416149068323,0.0,0.6211180124223602,0.6211180124223602,0.0
0.0,0.0,0.4827586206896552,0.9310344827586207,0.9310344827586207,117.73999999999997,9.375,0.0,0.0,0.0,0.0,6.25,0.0,0.0,0.018518518518518517,0.006211180124223602,0.48466257668711654,0.7361963190184049,0.7789062500000001,173.00744186046512,4.123711340206185,0.0,1.0309278350515463,5.6701030927835046,0.0,0.5154639175257731,0.5154639175257731,0.0
0.0,0.0,0.5625,0.9375,0.9375,71.68,0.0,0.0,0.0,0.0,0.0,5.882352941176471,0.0,0.0,0.0,0.0,0.4583333333333333,0.9583333333333334,0.9583333333333334,161.28000000000014,3.5714285714285716,0.0,0.0,7.142857142857143,0.0,0.0,3.5714285714285716,0.0
0.0,0.0,0.45454545454545453,1.0,1.0,11.0,23.076923076923077,0.0,7.6923076923076925,0.0,0.0,0.0,0.0,7.6923076923076925,0.0,0.0,0.5,1.0,1.0,20.0,4.0,0.0,0.0,4.0,0.0,0.0,4.0,0.0
0.0,0.0,0.46153846153846156,1.0,1.0,13.0,6.666666666666667,0.0,0.0,6.666666666666667,0.0,0.0,0.0,0.0,0.0,0.0,0.5357142857142857,1.0,1.0,28.0,3.0303030303030303,0.0,0.0,3.0303030303030303,0.0,0.0,3.0303030303030303,0.0
0.0625,0.0,0.5294117647058824,0.8235294117647058,0.8235294117647058,26.97333333333333,5.2631578947368425,0.0,5.2631578947368425,0.0,0.0,0.0,0.0,0.0,0.0,0.0,0.42857142857142855,1.0,1.0,21.0,3.7037037037037037,0.0,0.0,3.7037037037037037,0.0,0.0,3.7037037037037037,0.0
0.0,0.0,0.3333333333333333,1.0,1.0,,25.0,0.0,0.0,0.0,0.0,0.0,0.0,0.0,0.0,0.0,0.5454545454545454,0.9090909090909091,0.9090909090909091,67.75999999999999,3.4482758620689653,0.0,0.0,6.896551724137931,0.0,0.0,3.4482758620689653,0.0
0.0,0.0,0.41379310344827586,0.9310344827586207,0.9310344827586207,117.73999999999997,6.25,0.0,0.0,3.125,0.0,0.0,0.0,0.0,0.0,0.0,0.5909090909090909,0.7878787878787878,0.7878787878787878,87.12,4.0,0.0,0.0,2.6666666666666665,0.0,0.0,0.0,0.0
0.04838709677419355,0.01639344262295082,0.49206349206349204,0.6984126984126984,0.6984126984126984,50.12534059945504,2.857142857142857,0.0,2.857142857142857,4.285714285714286,0.0,0.0,0.0,0.0,0.0,0.0,0.5081967213114754,0.8032786885245902,0.8032786885245902,86.82333333333335,4.285714285714286,0.0,0.0,4.285714285714286,0.0,0.0,0.0,0.0
0.0,0.0,0.41379310344827586,0.9310344827586207,0.9310344827586207,117.73999999999997,18.96551724137931,0.0,1.7241379310344827,1.7241379310344827,0.0,3.4482758620689653,0.0,0.0,0.0136986301369863,0.0,0.47297297297297297,0.7972972972972973,0.7972972972972973,102.21866666666665,4.819277108433735,0.0,0.0,1.2048192771084338,0.0,1.2048192771084338,1.2048192771084338,0.0
0.0,0.0,0.5,1.0,1.0,12.0,7.6923076923076925,0.0,0.0,0.0,0.0,0.0,0.0,0.0,0.0,0.0,0.48,0.9,0.9,140.00000000000003,3.5714285714285716,0.0,0.0,1.7857142857142858,0.0,0.0,0.0,0.0
0.0,0.0,0.5263157894736842,0.8947368421052632,0.8947368421052632,50.54000000000001,9.523809523809524,0.0,0.0,0.0,0.0,0.0,0.0,0.0,0.0,0.0,0.41379310344827586,0.8793103448275862,0.8793103448275862,134.56,4.615384615384616,0.0,0.0,1.5384615384615385,0.0,0.0,0.0,0.0
0.0,0.0,0.4857142857142857,0.9142857142857143,0.9142857142857143,114.33333333333331,5.0,0.0,0.0,2.5,0.0,0.0,0.0,0.0,0.009433962264150943,0.0,0.4672897196261682,0.7383177570093458,0.7375,114.49,5.34351145038168,0.0,0.0,2.290076335877863,0.0,0.7633587786259542,0.0,0.0
0.0,0.0,0.34782608695652173,0.9565217391304348,0.9565217391304348,148.12000000000012,4.0,0.0,0.0,4.0,0.0,0.0,0.0,0.0,0.0,0.0,0.46,0.79,0.79,133.33333333333337,4.201680672268908,0.0,0.0,1.680672268907563,0.0,0.0,0.8403361344537815,0.0
0.0,0.0,0.45098039215686275,0.8235294117647058,0.8235294117647058,80.91999999999999,6.779661016949152,0.0,0.0,3.389830508474576,0.0,0.0,0.0,0.0,0.0,0.0,0.47297297297297297,0.7837837837837838,0.7837837837837838,95.83,3.409090909090909,0.0,0.0,2.272727272727273,0.0,0.0,0.0,0.0
0.0,0.0,0.4444444444444444,1.0,1.0,18.0,15.0,0.0,5.0,0.0,0.0,5.0,0.0,0.0,0.040229885057471264,0.017341040462427744,0.3657142857142857,0.68,0.7563157894736844,129.94780646071376,2.3728813559322033,0.3389830508474576,0.0,6.440677966101695,0.0,2.0338983050847457,0.3389830508474576,0.0
0.0,0.0,0.2857142857142857,0.9523809523809523,0.9523809523809523,123.47999999999988,4.545454545454546,0.0,0.0,0.0,0.0,0.0,0.0,0.0,0.040697674418604654,0.005847953216374269,0.3699421965317919,0.7052023121387283,0.78,96.44602448574184,3.508771929824561,0.43859649122807015,1.7543859649122806,6.140350877192982,0.0,1.7543859649122806,0.0,0.0
0.0,0.0,0.5238095238095238,1.0,1.0,21.0,14.285714285714286,0.0,3.5714285714285716,10.714285714285715,0.0,3.5714285714285716,0.0,3.5714285714285716,0.024096385542168676,0.0,0.3652694610778443,0.688622754491018,0.7920588235294118,121.8189958250934,8.16326530612245,0.3401360544217687,0.0,2.380952380952381,0.0,0.6802721088435374,2.380952380952381,0.0
0.023809523809523808,0.0,0.41732283464566927,0.7007874015748031,0.7539285714285713,103.74766977363515,6.0402684563758395,0.0,0.0,4.697986577181208,0.0,0.0,0.0,0.0,0.0058823529411764705,0.0,0.3157894736842105,0.7134502923976608,0.8084722222222223,152.0,1.6339869281045751,0.32679738562091504,0.32679738562091504,5.555555555555555,0.0,1.6339869281045751,0.32679738562091504,0.0
0.05699481865284974,0.015625,0.4381443298969072,0.5824742268041238,0.6498947368421054,86.25261885576148,6.666666666666666,0.0,0.0,4.888888888888888,0.0,0.0,0.0,0.0,0.02564102564102564,0.0,0.3469387755102041,0.6836734693877551,0.7885567010309278,126.90673752953981,1.2012012012012012,0.3003003003003003,0.0,3.6036036036036037,0.0,1.2012012012012012,2.4024024024024024,0.0
0.0,0.0,0.25,1.0,1.0,,11.11111111111111,0.0,0.0,0.0,0.0,0.0,0.0,0.0,0.0,0.0,0.532258064516129,0.8548387096774194,0.8548387096774194,119.59111111111113,3.896103896103896,0.0,1.2987012987012987,7.792207792207792,0.0,0.0,0.0,0.0
0.0,0.0,0.3333333333333333,0.8333333333333334,0.8333333333333334,20.160000000000007,6.666666666666667,0.0,0.0,13.333333333333334,0.0,0.0,0.0,0.0,0.0196078431372549,0.0,0.39805825242718446,0.7572815533980582,0.76,118.8208,2.9197080291970803,0.0,0.0,2.9197080291970803,0.0,2.18978102189781,0.7299270072992701,0.0
0.02857142857142857,0.009615384615384616,0.5,0.6886792452830188,0.7014285714285713,83.91666666666667,6.818181818181818,0.0,6.0606060606060606,2.2727272727272725,0.0,0.0,0.0,0.0,0.027522935779816515,0.0,0.37272727272727274,0.7727272727272727,0.7872727272727272,135.52,1.2422360248447204,0.0,0.0,2.484472049689441,0.0,0.6211180124223602,0.0,0.0
0.0,0.0,0.25,1.0,1.0,,0.0,0.0,8.333333333333334,25.0,0.0,0.0,0.0,0.0,0.032432432432432434,0.0,0.3655913978494624,0.7204301075268817,0.8043678160919542,186.0,4.635761589403974,0.0,0.0,3.6423841059602653,0.0,2.6490066225165565,0.33112582781456956,0.0
0.0,0.0,0.2,1.0,1.0,,0.0,14.285714285714286,0.0,0.0,0.0,0.0,0.0,0.0,0.012658227848101266,0.0,0.36477987421383645,0.7358490566037735,0.8291666666666667,168.54,5.668016194331984,0.0,0.0,3.643724696356275,0.0,1.214574898785425,0.0,0.0
0.0,0.0,0.3076923076923077,1.0,1.0,13.0,6.666666666666667,0.0,6.666666666666667,0.0,0.0,0.0,0.0,0.0,0.011627906976744186,0.0,0.3793103448275862,0.8160919540229885,0.8160919540229885,132.4575,5.454545454545454,0.0,0.0,1.8181818181818181,0.0,0.9090909090909091,0.0,0.0
0.0,0.0,0.6956521739130435,0.9130434782608695,0.9130434782608695,74.05999999999996,3.8461538461538463,0.0,3.8461538461538463,0.0,0.0,0.0,0.0,0.0,0.011904761904761904,0.00398406374501992,0.3794466403162055,0.6996047430830039,0.8256493506493506,228.6730769230769,4.046242774566474,0.0,0.0,2.3121387283236996,0.0,1.4450867052023122,0.28901734104046245,0.0
0.029850746268656716,0.005,0.4801980198019802,0.6336633663366337,0.749611650485437,130.53911112308563,6.140350877192982,0.43859649122807015,0.0,3.070175438596491,0.0,0.43859649122807015,0.0,0.0,0.0391304347826087,0.004366812227074236,0.4155844155844156,0.645021645021645,0.7768939393939392,135.04370095902357,5.806451612903226,0.0,0.0,4.516129032258064,0.0,1.2903225806451613,0.0,0.0
0.0,0.0,0.5483870967741935,0.9032258064516129,0.9032258064516129,89.69333333333331,5.555555555555555,0.0,2.7777777777777777,2.7777777777777777,0.0,0.0,0.0,0.0,0.02512562814070352,0.005050505050505051,0.445,0.67,0.777920792079208,123.00338243926984,3.968253968253968,0.0,0.3968253968253968,2.380952380952381,0.0,1.5873015873015872,0.0,0.0
0.0,0.0,0.5833333333333334,1.0,1.0,12.0,12.5,0.0,6.25,0.0,0.0,6.25,0.0,0.0,0.019867549668874173,0.006666666666666667,0.34210526315789475,0.7763157894736842,0.8126415094339623,190.26823529411763,5.116279069767442,0.0,0.0,2.3255813953488373,0.0,1.8604651162790697,1.3953488372093024,0.0
0.0,0.0,0.4,1.0,1.0,10.0,22.22222222222222,0.0,0.0,0.0,0.0,5.555555555555555,0.0,0.0,0.011976047904191617,0.0,0.42857142857142855,0.7261904761904762,0.8075362318840581,171.7982608695652,4.366812227074236,0.0,0.0,3.9301310043668125,0.0,1.7467248908296944,0.0,0.0
0.06451612903225806,0.0,0.59375,0.78125,0.78125,40.96000000000001,2.857142857142857,0.0,0.0,0.0,0.0,0.0,0.0,0.0,0.03375527426160337,0.00847457627118644,0.5294117647058824,0.6260504201680672,0.7547482014388489,125.375,3.8327526132404186,0.0,0.34843205574912894,3.8327526132404186,0.0,1.7421602787456447,0.0,0.0
0.03773584905660377,0.0,0.48598130841121495,0.7009345794392523,0.7075,97.23722627737226,4.166666666666667,0.0,0.8333333333333334,5.0,0.0,0.0,0.0,0.0,0.005681818181818182,0.0,0.5254237288135594,0.711864406779661,0.7811538461538462,177.0,3.7209302325581395,0.0,0.0,3.255813953488372,0.0,2.3255813953488373,0.46511627906976744,0.0
0.017964071856287425,0.006024096385542169,0.375,0.7797619047619048,0.8191304347826089,213.58702702702706,3.5353535353535355,0.0,0.0,5.050505050505051,0.0,1.0101010101010102,0.0,0.0,0.03571428571428571,0.013452914798206279,0.4888888888888889,0.68,0.770952380952381,152.67166863524108,4.844290657439446,0.0,0.0,3.1141868512110724,0.0,1.3840830449826989,0.0,0.0
0.05555555555555555,0.009345794392523364,0.5504587155963303,0.6605504587155964,0.679,65.05026488934462,4.0650406504065035,0.0,1.6260162601626016,1.6260162601626016,0.0,0.0,0.0,0.0,0.0,0.0,0.4423076923076923,0.7435897435897436,0.7791228070175439,170.35200000000003,3.5,0.0,0.0,2.5,0.0,1.5,0.0,0.0
0.0,0.0,0.5384615384615384,0.9230769230769231,0.9230769230769231,47.320000000000036,6.25,0.0,0.0,0.0,0.0,0.0,0.0,0.0,0.015463917525773196,0.0,0.49743589743589745,0.6871794871794872,0.7517708333333334,113.43155095184771,3.4334763948497855,0.0,0.0,3.0042918454935625,0.0,1.7167381974248928,0.0,0.0
0.015151515151515152,0.0,0.3283582089552239,0.8805970149253731,0.8805970149253731,157.115,7.142857142857142,0.0,1.1904761904761905,1.1904761904761905,0.0,2.380952380952381,0.0,0.0,0.026595744680851064,0.0053475935828877,0.455026455026455,0.6984126984126984,0.7981111111111112,170.8269230769231,3.4782608695652173,0.0,0.0,3.043478260869565,0.0,1.7391304347826086,0.8695652173913043,0.0
0.0,0.0,0.32,0.92,0.92,175.0000000000001,5.797101449275362,0.0,0.0,2.898550724637681,0.0,1.4492753623188406,0.0,0.0,0.06321839080459771,0.04046242774566474,0.4685714285714286,0.6342857142857142,0.7289473684210526,82.86583063119376,3.755868544600939,0.0,0.0,4.225352112676056,0.0,0.4694835680751174,0.0,0.0
0.0,0.0,0.5294117647058824,0.8235294117647058,0.8235294117647058,26.97333333333333,9.090909090909092,0.0,0.0,4.545454545454546,0.0,0.0,0.0,0.0,0.034722222222222224,0.0,0.503448275862069,0.6758620689655173,0.7206521739130435,100.56463326071169,4.0,0.0,0.0,3.4285714285714284,0.0,0.5714285714285714,0.5714285714285714,0.0
0.0,0.0,0.75,0.875,0.875,,10.0,0.0,0.0,0.0,0.0,0.0,0.0,0.0,0.006896551724137931,0.0,0.4863013698630137,0.6575342465753424,0.7261702127659576,90.64100913000485,4.022988505747126,0.0,0.0,2.8735632183908044,0.0,0.5747126436781609,0.5747126436781609,0.0
0.0,0.0,0.55,0.85,0.85,37.333333333333336,4.545454545454546,0.0,0.0,4.545454545454546,0.0,0.0,0.0,0.0,0.038834951456310676,0.0,0.47342995169082125,0.5990338164251208,0.7343518518518519,97.99468085106383,3.629032258064516,0.0,0.0,3.629032258064516,0.0,1.2096774193548385,0.4032258064516129,0.0
0.0,0.0,0.5,1.0,1.0,12.0,0.0,0.0,7.6923076923076925,0.0,0.0,0.0,0.0,0.0,0.0125,0.0,0.5925925925925926,0.7037037037037037,0.7037037037037037,81.0,6.315789473684211,0.0,0.0,2.1052631578947367,0.0,1.0526315789473684,1.0526315789473684,0.0
0.007575757575757576,0.0,0.5413533834586466,0.6917293233082706,0.7188235294117646,82.31866786833949,5.882352941176471,0.0,1.3071895424836601,5.228758169934641,0.0,0.0,0.0,0.0,0.010752688172043012,0.0,0.5638297872340425,0.7978723404255319,0.7978723404255319,130.21473684210525,3.6363636363636362,0.0,0.0,5.454545454545454,0.0,0.9090909090909091,0.0,0.0
0.0,0.0,0.45454545454545453,0.9090909090909091,0.9090909090909091,67.75999999999999,7.6923076923076925,0.0,0.0,3.8461538461538463,0.0,0.0,0.0,0.0,0.023529411764705882,0.0,0.6627906976744186,0.6511627906976745,0.6511627906976745,51.49593426162329,3.9603960396039604,0.0,0.9900990099009901,3.9603960396039604,0.0,0.9900990099009901,0.0,0.0
0.05714285714285714,0.0,0.4166666666666667,0.8055555555555556,0.8055555555555556,51.84000000000001,7.317073170731707,0.0,0.0,2.4390243902439024,0.0,2.4390243902439024,0.0,0.0,0.06666666666666667,0.01694915254237288,0.5737704918032787,0.7213114754098361,0.7213114754098361,54.00458715596331,5.47945205479452,0.0,0.0,5.47945205479452,0.0,0.0,0.0,0.0
0.040268456375838924,0.013513513513513514,0.38666666666666666,0.7133333333333334,0.7409803921568626,102.85426394367867,3.370786516853933,0.0,0.5617977528089888,10.674157303370787,0.0,0.0,0.0,0.0,0.019736842105263157,0.006622516556291391,0.48366013071895425,0.673202614379085,0.7892592592592593,119.09949832775919,3.260869565217391,0.0,1.0869565217391304,5.978260869565217,0.0,1.0869565217391304,0.0,0.0
0.007692307692307693,0.0,0.48091603053435117,0.6717557251908397,0.7059374999999999,64.79222929319033,5.555555555555555,0.0,0.6944444444444444,0.0,0.0,0.0,0.0,0.0,0.00847457627118644,0.0,0.5126050420168067,0.7394957983193278,0.7515,127.90580645161293,3.4965034965034962,0.0,0.0,5.594405594405594,0.0,1.3986013986013985,0.0,0.0
0.0,0.0,0.5,1.0,1.0,16.0,4.761904761904762,4.761904761904762,0.0,0.0,0.0,0.0,0.0,0.0,0.0,0.0,0.4782608695652174,0.8913043478260869,0.8913043478260869,118.49599999999997,3.6363636363636362,1.8181818181818181,0.0,3.6363636363636362,0.0,1.8181818181818181,0.0,0.0
0.0,0.0,0.6,0.95,0.95,111.99999999999991,12.5,0.0,4.166666666666667,8.333333333333334,0.0,0.0,0.0,4.166666666666667,0.04205607476635514,0.004694835680751174,0.44651162790697674,0.6790697674418604,0.8125000000000001,140.76242120875048,3.115264797507788,0.0,1.557632398753894,4.672897196261682,0.0,2.1806853582554515,0.3115264797507788,0.0
0.0,0.0,0.25,1.0,1.0,,16.666666666666668,0.0,0.0,16.666666666666668,0.0,0.0,0.0,0.0,0.02336448598130841,0.0,0.40930232558139534,0.6744186046511628,0.8220689655172415,167.98706104033278,2.127659574468085,0.0,2.127659574468085,4.964539007092199,0.0,2.4822695035460995,0.0,0.0
0.0,0.0,0.6774193548387096,0.8387096774193549,0.8387096774193549,53.81600000000002,6.0606060606060606,0.0,0.0,0.0,0.0,0.0,0.0,0.0,0.013333333333333334,0.0,0.42920353982300885,0.6504424778761062,0.7525196850393701,120.99377867280825,4.7138047138047146,0.0,0.0,5.3872053872053876,0.0,2.6936026936026938,0.3367003367003367,0.0
0.0,0.0,0.36363636363636365,1.0,1.0,11.0,8.333333333333334,0.0,0.0,0.0,0.0,0.0,0.0,0.0,0.0,0.0,0.375,0.8958333333333334,0.8958333333333334,129.02400000000006,6.557377049180328,0.0,0.0,3.278688524590164,0.0,0.0,0.0,0.0
0.0,0.0,0.4642857142857143,0.9642857142857143,0.9642857142857143,219.52000000000015,6.451612903225806,0.0,0.0,3.225806451612903,0.0,0.0,0.0,0.0,0.0,0.0,0.375,0.875,0.875,89.60000000000001,6.122448979591837,0.0,0.0,2.0408163265306123,0.0,0.0,0.0,0.0
0.0,0.0,0.0,1.0,1.0,,57.142857142857146,0.0,14.285714285714286,0.0,0.0,42.85714285714286,0.0,0.0,0.0,0.0,0.45263157894736844,0.8,0.8,133.00000000000003,4.385964912280701,0.0,0.0,4.385964912280701,0.0,2.631578947368421,0.0,0.0
0.0,0.0,0.3333333333333333,1.0,1.0,,10.0,0.0,0.0,0.0,0.0,0.0,0.0,0.0,0.0,0.0,0.45161290322580644,0.8387096774193549,0.8387096774193549,161.44800000000004,3.6363636363636362,0.0,0.0,3.6363636363636362,0.0,0.9090909090909091,0.9090909090909091,0.0
0.0,0.0,0.4666666666666667,0.9333333333333333,0.9333333333333333,63.00000000000002,6.25,0.0,0.0,0.0,0.0,0.0,0.0,0.0,0.0,0.0,0.45132743362831856,0.8053097345132744,0.8378571428571427,162.5145454545455,3.7037037037037033,0.0,0.0,4.444444444444445,0.0,1.4814814814814814,0.7407407407407407,0.0
0.0,0.0,0.35294117647058826,0.9411764705882353,0.9411764705882353,80.91999999999999,15.0,0.0,0.0,0.0,0.0,0.0,0.0,0.0,0.012048192771084338,0.0,0.41317365269461076,0.7125748502994012,0.7935294117647058,167.0,2.347417840375587,0.0,0.0,2.347417840375587,0.0,2.347417840375587,0.4694835680751174,0.0
0.0,0.0,0.7,1.0,1.0,10.0,7.6923076923076925,0.0,7.6923076923076925,0.0,0.0,0.0,0.0,0.0,0.036458333333333336,0.0,0.48186528497409326,0.6373056994818653,0.7437234042553191,106.14750064750065,3.1390134529147984,0.0,0.0,4.0358744394618835,0.0,0.8968609865470852,0.4484304932735426,0.0
0.030612244897959183,0.010309278350515464,0.46464646464646464,0.7474747474747475,0.7474747474747475,109.77120000000004,9.734513274336283,0.0,0.0,1.7699115044247788,0.0,0.0,0.0,0.0,0.03592814371257485,0.006024096385542169,0.4523809523809524,0.6845238095238095,0.7557971014492755,128.01394550525637,4.411764705882352,0.0,0.0,3.9215686274509802,0.0,0.9803921568627451,0.0,0.0
0.03125,0.0,0.5257731958762887,0.7525773195876289,0.7525773195876289,109.77166666666668,7.017543859649122,0.0,0.0,1.7543859649122806,0.0,0.0,0.0,0.0,0.07216494845360824,0.010362694300518135,0.49743589743589745,0.6307692307692307,0.6998958333333333,116.76718531273616,3.5714285714285716,0.0,0.0,3.125,0.0,1.3392857142857144,0.8928571428571429,0.0
0.0,0.0,0.475,0.9,0.9,112.00000000000003,6.521739130434782,0.0,0.0,2.1739130434782608,0.0,0.0,0.0,0.0,0.0048543689320388345,0.0,0.4106280193236715,0.714975845410628,0.8157407407407408,207.0,4.330708661417323,0.0,0.0,3.1496062992125986,0.0,1.5748031496062993,0.7874015748031497,0.0
0.0,0.0,0.5294117647058824,0.7647058823529411,0.7647058823529411,60.68999999999999,6.557377049180328,0.0,0.0,3.278688524590164,0.0,1.639344262295082,0.0,0.0,0.015037593984962405,0.0,0.43283582089552236,0.746268656716418,0.7868571428571428,131.57892868879398,3.0303030303030303,0.0,0.0,3.6363636363636367,0.0,1.2121212121212122,0.0,0.0
0.0,0.0,0.0,1.0,1.0,,0.0,0.0,0.0,0.0,0.0,0.0,0.0,0.0,0.016666666666666666,0.008403361344537815,0.4297520661157025,0.7768595041322314,0.81,151.8325925925926,3.401360544217687,0.0,0.0,2.0408163265306123,0.0,0.6802721088435374,0.0,0.0
0.0,0.0,0.36585365853658536,0.926829268292683,0.926829268292683,156.89333333333346,4.081632653061225,0.0,0.0,6.122448979591837,0.0,2.0408163265306123,0.0,0.0,0.0,0.0,0.3951612903225806,0.717741935483871,0.7348,112.07692307692307,3.9735099337748347,0.0,0.0,3.9735099337748347,0.0,0.6622516556291391,0.6622516556291391,0.0
0.0,0.0,0.6,1.0,1.0,10.0,0.0,0.0,0.0,0.0,0.0,0.0,0.0,0.0,0.01,0.0,0.37623762376237624,0.7920792079207921,0.79,136.01333333333338,3.3057851239669422,0.0,0.0,3.3057851239669422,0.0,1.6528925619834711,0.8264462809917356,0.0
0.0,0.0,0.0,1.0,1.0,,28.571428571428573,0.0,0.0,0.0,0.0,0.0,0.0,0.0,0.0,0.0,0.4117647058823529,0.8823529411764706,0.8823529411764706,161.83999999999997,3.6585365853658534,0.0,0.0,3.6585365853658534,0.0,0.0,0.0,0.0
0.0,0.0,0.26666666666666666,1.0,1.0,15.0,4.761904761904762,0.0,4.761904761904762,9.523809523809524,0.0,0.0,0.0,0.0,0.0,0.0,0.4057971014492754,0.8695652173913043,0.8695652173913043,148.11999999999998,3.7037037037037033,0.0,0.0,2.4691358024691357,0.0,0.0,1.2345679012345678,0.0
0.0,0.0,0.55,0.95,0.95,111.99999999999991,4.0,0.0,0.0,8.0,0.0,0.0,0.0,0.0,0.0,0.0,0.40816326530612246,0.9183673469387755,0.9183673469387755,168.07000000000005,4.838709677419354,0.0,0.0,1.6129032258064515,0.0,0.0,1.6129032258064515,0.0
0.0,0.0,0.25,1.0,1.0,,20.0,0.0,0.0,0.0,0.0,0.0,0.0,0.0,0.04201680672268908,0.01694915254237288,0.35833333333333334,0.75,0.7885714285714285,134.4,3.825136612021858,0.0,0.0,3.278688524590164,0.0,0.546448087431694,3.278688524590164,0.0
0.0,0.0,0.4583333333333333,0.875,0.875,107.52000000000001,5.88235294117647,0.0,0.0,0.0,0.0,0.0,0.0,0.0,0.04697986577181208,0.02702702702702703,0.38666666666666666,0.7066666666666667,0.7552941176470588,136.3138686131387,3.4782608695652173,0.0,0.0,3.9130434782608696,0.0,1.3043478260869565,2.608695652173913,0.0
0.0,0.0,0.13157894736842105,0.8947368421052632,0.8947368421052632,101.08000000000003,13.432835820895523,0.0,0.0,13.432835820895523,0.0,1.492537313432836,5.970149253731344,0.0,0.0,0.0,0.31746031746031744,0.7619047619047619,0.7922222222222224,148.176,4.166666666666667,0.0,0.0,4.166666666666667,0.0,0.5208333333333334,3.125,0.0
0.012448132780082987,0.0,0.3512396694214876,0.7272727272727273,0.8247552447552446,245.2266666666667,9.03010033444816,0.0,0.0,6.354515050167224,0.33444816053511706,2.6755852842809364,0.33444816053511706,0.0,0.07586206896551724,0.020833333333333332,0.3904109589041096,0.6712328767123288,0.7634042553191488,138.87109375,3.7209302325581395,0.0,0.0,3.7209302325581395,0.0,0.9302325581395349,2.3255813953488373,0.0
0.0,0.0,0.5,0.8636363636363636,0.8636363636363636,45.17333333333334,35.483870967741936,22.58064516129032,3.225806451612903,16.129032258064516,0.0,12.903225806451612,0.0,0.0,0.0,0.0,0.38636363636363635,0.8863636363636364,0.8863636363636364,108.416,9.677419354838708,0.0,0.0,1.6129032258064515,0.0,0.0,1.6129032258064515,0.0
0.0,0.0,0.5294117647058824,0.9411764705882353,0.9411764705882353,80.91999999999999,10.526315789473685,0.0,0.0,0.0,0.0,0.0,0.0,0.0,0.019230769230769232,0.0,0.2356687898089172,0.7898089171974523,0.8562068965517241,209.14303030303037,4.98220640569395,0.0,0.0,6.405693950177937,0.0,2.491103202846975,1.7793594306049823,0.0
0.0,0.0,0.5217391304347826,0.8478260869565217,0.8478260869565217,84.64,7.6923076923076925,0.0,0.0,1.9230769230769231,0.0,1.9230769230769231,0.0,0.0,0.022058823529411766,0.0,0.31386861313868614,0.7737226277372263,0.8421052631578947,169.5264516129033,3.6842105263157894,0.0,0.0,7.894736842105263,0.0,1.0526315789473684,1.0526315789473684,0.0
0.0,0.0,0.42424242424242425,1.0,1.0,33.0,12.820512820512821,0.0,0.0,0.0,0.0,2.5641025641025643,0.0,0.0,0.008771929824561403,0.0,0.3391304347826087,0.8,0.8256249999999999,161.00000000000006,5.988023952095808,0.0,0.0,5.988023952095808,0.0,1.1976047904191616,1.7964071856287425,0.0
0.0,0.0,0.2,1.0,1.0,10.0,15.384615384615385,0.0,0.0,7.6923076923076925,0.0,0.0,0.0,0.0,0.017094017094017096,0.0,0.3305084745762712,0.8050847457627118,0.8210526315789475,169.5095652173913,3.75,0.0,0.0,3.125,0.0,1.25,1.25,0.0
0.0,0.0,0.42857142857142855,0.8571428571428571,0.8571428571428571,96.03999999999998,5.357142857142858,0.0,0.0,7.142857142857143,0.0,0.0,0.0,0.0,0.007352941176470588,0.0,0.34306569343065696,0.7883211678832117,0.808421052631579,181.21793103448283,5.3921568627450975,0.0,0.0,6.372549019607843,0.0,2.941176470588235,0.0,0.0
0.0,0.0,0.5,1.0,1.0,,0.0,11.11111111111111,0.0,0.0,0.0,0.0,0.0,0.0,0.0,0.0,0.5,0.9090909090909091,0.9090909090909091,67.75999999999999,8.0,4.0,0.0,0.0,0.0,0.0,0.0,0.0
0.0,0.0,0.5,1.0,1.0,,20.0,0.0,0.0,0.0,0.0,0.0,0.0,0.0,0.02702702702702703,0.0,0.5526315789473685,0.8157894736842105,0.8157894736842105,57.76,4.761904761904762,2.380952380952381,0.0,2.380952380952381,0.0,0.0,0.0,0.0
0.0,0.0,0.5,1.0,1.0,,0.0,33.333333333333336,0.0,0.0,0.0,0.0,0.0,0.0,0.0,0.0,0.5,0.9545454545454546,0.9545454545454546,135.52000000000015,7.6923076923076925,3.8461538461538463,0.0,0.0,0.0,0.0,0.0,0.0
0.0,0.0,0.4,1.0,1.0,,0.0,0.0,0.0,16.666666666666668,0.0,0.0,0.0,0.0,0.0,0.0,0.4642857142857143,0.8928571428571429,0.8928571428571429,73.17333333333337,6.0606060606060606,3.0303030303030303,0.0,3.0303030303030303,0.0,0.0,0.0,0.0
0.0,0.0,0.5714285714285714,1.0,1.0,,0.0,0.0,0.0,0.0,0.0,12.5,0.0,0.0,0.0,0.0,0.4827586206896552,0.896551724137931,0.896551724137931,78.49333333333335,6.25,3.125,0.0,0.0,0.0,0.0,0.0,0.0
0.0,0.0,0.36363636363636365,1.0,1.0,11.0,8.333333333333334,0.0,0.0,0.0,0.0,0.0,0.0,0.0,0.030042918454935622,0.0,0.44871794871794873,0.7008547008547008,0.7971851851851852,135.01557093425606,7.38255033557047,0.0,0.0,2.348993288590604,0.0,0.6711409395973155,0.33557046979865773,0.0
0.0,0.0,0.4666666666666667,0.9333333333333333,0.9333333333333333,63.00000000000002,11.764705882352942,0.0,0.0,0.0,0.0,0.0,0.0,0.0,0.014084507042253521,0.0,0.4672897196261682,0.6635514018691588,0.7749565217391305,121.7959087949491,4.810996563573883,0.0,0.3436426116838488,2.7491408934707904,0.0,0.6872852233676976,0.3436426116838488,0.0
0.0,0.0,0.43478260869565216,0.9130434782608695,0.9130434782608695,74.05999999999996,10.0,0.0,0.0,6.666666666666667,0.0,0.0,0.0,0.0,0.0,0.0,0.4153846153846154,0.7230769230769231,0.780625,180.99045407636737,5.737704918032787,0.0,0.0,2.0491803278688527,0.0,1.2295081967213115,0.4098360655737705,0.0
0.008264462809917356,0.0,0.4426229508196721,0.7295081967213115,0.76,126.28848484848488,5.755395683453237,0.7194244604316546,0.0,3.597122302158273,0.0,0.0,0.0,0.0,0.0055248618784530384,0.0,0.43956043956043955,0.7747252747252747,0.823855421686747,226.2126829268293,5.555555555555555,0.0,0.0,2.1367521367521367,0.0,1.282051282051282,0.8547008547008547,0.0
0.0547945205479452,0.013888888888888888,0.5675675675675675,0.7027027027027027,0.7027027027027027,53.18938396941781,5.617977528089888,1.1235955056179776,1.1235955056179776,6.741573033707866,0.0,2.247191011235955,0.0,0.0,0.02252252252252252,0.0,0.4304932735426009,0.6681614349775785,0.7541129032258065,137.36612044095972,4.642857142857143,0.0,0.35714285714285715,3.5714285714285716,0.0,0.7142857142857143,0.0,0.0
0.0,0.0,0.6538461538461539,0.8076923076923077,0.8076923076923077,37.85600000000001,3.7037037037037037,0.0,0.0,0.0,0.0,0.0,0.0,0.0,0.012195121951219513,0.0,0.5060240963855421,0.7469879518072289,0.7469879518072289,91.85333333333332,4.2105263157894735,0.0,0.0,2.1052631578947367,0.0,1.0526315789473684,1.0526315789473684,0.0
0.012195121951219513,0.0,0.5060240963855421,0.6987951807228916,0.6987951807228916,71.66120218579235,2.150537634408602,0.0,0.0,4.301075268817204,0.0,0.0,0.0,0.0,0.028037383177570093,0.009433962264150943,0.5277777777777778,0.7129629629629629,0.7244444444444444,99.45569620253164,3.0303030303030303,0.0,0.0,6.818181818181818,0.0,2.2727272727272725,0.7575757575757576,0.0
0.0,0.0,0.5581395348837209,0.8604651162790697,0.8604651162790697,86.28666666666666,4.166666666666667,0.0,0.0,6.25,0.0,0.0,0.0,0.0,0.009708737864077669,0.0,0.5,0.7307692307692307,0.7380000000000001,108.16,4.132231404958678,0.0,0.0,4.958677685950414,0.0,0.8264462809917356,0.8264462809917356,0.0
0.0,0.0,0.3902439024390244,0.9024390243902439,0.9024390243902439,117.67000000000004,4.25531914893617,0.0,0.0,6.382978723404255,0.0,0.0,0.0,0.0,0.006289308176100629,0.0,0.40625,0.70625,0.7952459016393444,160.0,4.102564102564102,0.0,0.0,3.5897435897435894,0.0,1.5384615384615383,1.5384615384615383,0.0
0.0,0.0,0.5416666666666666,0.8333333333333334,0.8333333333333334,80.64000000000003,5.454545454545454,3.6363636363636362,0.0,1.8181818181818181,0.0,0.0,0.0,1.8181818181818181,0.029850746268656716,0.007518796992481203,0.4148148148148148,0.7407407407407407,0.7791666666666667,145.8,3.608247422680412,0.0,0.0,2.0618556701030926,0.0,1.0309278350515463,0.5154639175257731,0.0
0.028985507246376812,0.0,0.5142857142857142,0.7285714285714285,0.7285714285714285,71.10526315789474,7.0588235294117645,1.1764705882352942,0.0,4.705882352941177,0.0,1.1764705882352942,0.0,0.0,0.019867549668874173,0.0,0.4473684210526316,0.743421052631579,0.8235849056603776,165.87487179487184,4.278074866310161,0.0,0.0,4.278074866310161,0.0,2.1390374331550803,0.0,0.0
