human_dep_distance_mean,human_tree_depth_mean,human_tree_depth_max,human_subordinate_clause_rate,human_n_sentences,llm_dep_distance_mean,llm_tree_depth_mean,llm_tree_depth_max,llm_subordinate_clause_rate,llm_n_sentences
3.028985507246377,4.0,5.0,0.625,8,2.890845070422535,3.2244897959183674,7.0,0.673469387755102,49
3.3689320388349513,4.666666666666667,8.0,0.8333333333333334,12,2.3824451410658307,2.611764705882353,6.0,0.4588235294117647,85
3.2295081967213113,4.454545454545454,7.0,1.5454545454545454,11,2.48109243697479,3.1346153846153846,6.0,0.6538461538461539,52
3.04,4.0,6.0,0.8,5,2.7494305239179955,3.58974358974359,7.0,0.6923076923076923,39
3.4609375,4.666666666666667,6.0,1.1666666666666667,6,2.6387755102040815,3.306122448979592,5.0,0.5918367346938775,49
3.0618556701030926,3.857142857142857,6.0,0.5714285714285714,7,2.656284760845384,3.0,7.0,0.6842105263157895,95
3.3209876543209877,4.5,8.0,0.8333333333333334,12,2.54,3.0681818181818183,6.0,0.3181818181818182,44
3.264516129032258,4.25,7.0,0.875,8,2.6596638655462184,2.943396226415094,7.0,0.5283018867924528,53
3.218604651162791,4.181818181818182,6.0,1.0,11,2.691256830601093,3.8125,8.0,0.90625,32
3.0165289256198347,4.444444444444445,7.0,0.5555555555555556,9,2.613138686131387,3.2888888888888888,6.0,0.6444444444444445,45
3.037593984962406,3.5,5.0,0.75,8,2.7373737373737375,3.0256410256410255,6.0,0.5384615384615384,39
3.5260115606936417,5.461538461538462,9.0,1.0,13,2.7353689567430024,3.075,5.0,0.825,40
2.6407766990291264,4.384615384615385,6.0,1.1538461538461537,13,2.6554621848739495,2.980392156862745,7.0,0.45098039215686275,51
3.6203703703703702,5.0,7.0,1.2,5,3.014314928425358,3.526315789473684,8.0,0.4473684210526316,38
3.400621118012422,3.8947368421052633,7.0,0.7894736842105263,19,2.6933701657458564,3.0789473684210527,6.0,0.3684210526315789,38
3.6390041493775933,3.5714285714285716,6.0,0.21428571428571427,14,2.657258064516129,3.019230769230769,6.0,0.46153846153846156,52
3.3659574468085105,4.076923076923077,7.0,1.0769230769230769,13,3.066225165562914,3.6,6.0,0.6,35
2.9203187250996017,3.4705882352941178,6.0,0.6470588235294118,17,2.9792746113989637,3.857142857142857,6.0,0.6428571428571429,28
3.0846153846153848,4.428571428571429,6.0,1.4285714285714286,7,2.450847457627119,2.918918918918919,6.0,0.5135135135135135,37
3.541095890410959,5.166666666666667,9.0,2.0,6,2.678391959798995,2.9047619047619047,7.0,0.4523809523809524,42
3.269230769230769,4.75,8.0,2.75,4,2.763157894736842,3.793103448275862,8.0,0.896551724137931,29
2.8846153846153846,5.666666666666667,8.0,1.3333333333333333,3,2.5552147239263805,3.0588235294117645,6.0,0.5588235294117647,34
3.1159420289855073,4.545454545454546,6.0,1.4545454545454546,11,2.872340425531915,3.5625,6.0,0.84375,32
3.2209302325581395,4.625,6.0,1.25,8,2.492063492063492,3.061224489795918,6.0,0.7346938775510204,49
3.5137254901960784,3.933333333333333,6.0,0.6,15,2.691683569979716,3.1372549019607843,6.0,0.7058823529411765,51
3.4674610449129237,4.081967213114754,9.0,1.0819672131147542,61,2.8640776699029127,2.6666666666666665,5.0,0.4375,48
2.9066666666666667,5.5,6.0,0.75,4,2.463869463869464,2.8627450980392157,5.0,0.5490196078431373,51
3.1353383458646618,4.857142857142857,8.0,1.8571428571428572,7,2.7641509433962264,3.7714285714285714,6.0,0.8571428571428571,35
3.3013100436681224,3.7333333333333334,5.0,0.7333333333333333,15,2.5240384615384617,2.9183673469387754,7.0,0.3673469387755102,49
3.391959798994975,4.777777777777778,9.0,2.0,9,2.759725400457666,3.488372093023256,7.0,0.7209302325581395,43
3.3726937269372694,4.923076923076923,7.0,1.0,13,2.6226415094339623,2.963636363636364,6.0,0.7090909090909091,55
3.182926829268293,4.5,5.0,1.75,4,2.6904109589041094,3.361111111111111,6.0,0.7777777777777778,36
3.2295081967213113,4.454545454545454,7.0,1.5454545454545454,11,2.553610503282276,2.759259259259259,5.0,0.5555555555555556,54
2.981042654028436,4.384615384615385,7.0,1.0769230769230769,13,2.62953995157385,3.186046511627907,6.0,0.5813953488372093,43
3.3247422680412373,4.454545454545454,7.0,1.0,11,2.511340206185567,2.8214285714285716,5.0,0.5535714285714286,56
3.6588235294117646,5.333333333333333,7.0,2.3333333333333335,3,2.68433734939759,3.55,7.0,0.75,40
3.2797029702970297,5.2631578947368425,9.0,1.1578947368421053,19,2.7127937336814623,3.5714285714285716,7.0,0.7428571428571429,35
3.238578680203046,5.25,7.0,1.875,8,3.054862842892768,3.7419354838709675,7.0,0.6129032258064516,31
3.819004524886878,4.0,7.0,0.46153846153846156,26,2.9757785467128026,3.9047619047619047,7.0,0.8571428571428571,21
2.9618320610687023,3.7777777777777777,5.0,0.5555555555555556,9,2.5093896713615025,2.7358490566037736,5.0,0.33962264150943394,53
3.010752688172043,4.333333333333333,7.0,1.4166666666666667,12,2.8134490238611716,3.5365853658536586,6.0,0.926829268292683,41
3.214765100671141,3.5,6.0,0.8,10,2.7313084112149535,3.6153846153846154,7.0,1.1282051282051282,39
3.3115577889447234,5.333333333333333,10.0,1.2222222222222223,9,2.510152284263959,3.088888888888889,8.0,0.4444444444444444,45
2.9057971014492754,3.0,6.0,0.42857142857142855,14,2.4607438016528924,2.5,5.0,0.5517241379310345,58
3.4764150943396226,4.2,6.0,0.6,10,2.69857433808554,3.3333333333333335,7.0,0.625,48
2.9038461538461537,5.0,7.0,0.75,8,2.7400881057268722,3.7,7.0,0.6,40
2.9357142857142855,3.7,6.0,0.5,10,2.713302752293578,3.0,7.0,0.6590909090909091,44
3.4444444444444446,4.833333333333333,7.0,1.3333333333333333,6,2.553349875930521,2.977777777777778,6.0,0.6,45
3.4563106796116503,4.166666666666667,8.0,0.9444444444444444,18,2.8777173913043477,3.2,7.0,0.7714285714285715,35
3.1067961165048543,5.4,8.0,1.6,5,2.6324626865671643,2.9464285714285716,7.0,0.6071428571428571,56
2.8088235294117645,4.444444444444445,6.0,1.2222222222222223,9,3.047318611987382,4.136363636363637,6.0,0.7727272727272727,22
3.282608695652174,4.166666666666667,9.0,1.3333333333333333,12,2.723684210526316,3.6666666666666665,7.0,0.9259259259259259,27
3.22962962962963,5.8,9.0,0.6,5,2.5835734870317,2.9615384615384617,7.0,0.5769230769230769,78
2.9682539682539684,4.0,6.0,1.0,9,2.5846153846153848,2.9019607843137254,7.0,0.5294117647058824,51
3.1490384615384617,4.666666666666667,7.0,0.6666666666666666,12,2.8127340823970037,4.052631578947368,6.0,1.263157894736842,19
2.6083916083916083,4.875,6.0,1.125,8,2.6399132321041217,2.890909090909091,5.0,0.5454545454545454,55
3.3526970954356847,5.2,9.0,1.7,10,2.4880478087649402,3.017857142857143,7.0,0.625,56
2.511111111111111,3.0,4.0,0.2,5,2.8538754764930117,3.3333333333333335,6.0,0.5733333333333334,75
3.306532663316583,4.166666666666667,8.0,1.5833333333333333,12,2.4789915966386555,2.975609756097561,5.0,0.5853658536585366,41
2.8859649122807016,3.6666666666666665,6.0,1.5,6,2.6443661971830985,3.142857142857143,6.0,0.5892857142857143,56
2.9240506329113924,3.7,6.0,1.2,10,2.4021164021164023,2.480769230769231,6.0,0.4423076923076923,52
2.588235294117647,4.0,4.0,0.5,2,2.4973262032085564,2.872340425531915,7.0,0.40425531914893614,47
2.8016528925619837,4.375,5.0,1.0,8,3.057377049180328,3.0476190476190474,5.0,0.5714285714285714,21
3.3221153846153846,4.2,6.0,1.0,10,3.064245810055866,3.5,8.0,0.6333333333333333,30
2.672566371681416,5.166666666666667,7.0,1.1666666666666667,6,2.740740740740741,2.977272727272727,6.0,0.38636363636363635,44
3.359375,5.1,8.0,0.9,10,4.724489795918367,4.0,5.0,1.3333333333333333,3
3.3846153846153846,4.5,7.0,1.375,8,2.676470588235294,3.3548387096774195,7.0,0.45161290322580644,31
3.307142857142857,3.625,5.0,1.0,8,2.4473007712082264,2.5416666666666665,5.0,0.4375,48
3.406896551724138,4.5,6.0,1.375,8,2.7257019438444923,3.533333333333333,6.0,0.6888888888888889,45
3.111969111969112,4.923076923076923,7.0,1.0769230769230769,13,2.536,3.0,7.0,0.6491228070175439,57
3.547945205479452,5.4,10.0,2.1,10,2.452991452991453,2.975609756097561,5.0,0.6097560975609756,41
2.827272727272727,4.285714285714286,7.0,1.2857142857142858,7,2.639511201629328,3.7857142857142856,7.0,0.8095238095238095,42
3.213675213675214,4.666666666666667,10.0,1.0,6,2.3566084788029924,2.5384615384615383,6.0,0.2692307692307692,52
2.765625,2.727272727272727,8.0,0.45454545454545453,22,2.9347826086956523,3.347826086956522,7.0,0.6521739130434783,23
3.112280701754386,4.333333333333333,7.0,1.1333333333333333,15,2.5988200589970503,2.4318181818181817,6.0,0.4772727272727273,44
3.2142857142857144,4.333333333333333,6.0,1.3333333333333333,6,2.363070539419087,2.5076923076923077,6.0,0.36923076923076925,65
3.116279069767442,4.454545454545454,6.0,1.3636363636363635,11,2.550438596491228,3.2,6.0,0.64,50
3.2435897435897436,5.714285714285714,7.0,1.7142857142857142,7,2.5661157024793386,2.7758620689655173,5.0,0.6551724137931034,58
3.073170731707317,3.4285714285714284,5.0,0.42857142857142855,7,2.4745222929936306,2.7777777777777777,4.0,0.4722222222222222,36
2.825503355704698,3.391304347826087,6.0,0.6956521739130435,23,3.2027027027027026,3.5806451612903225,7.0,0.6774193548387096,31
3.4948453608247423,4.2,7.0,1.2666666666666666,15,2.6427145708582835,3.230769230769231,6.0,0.8846153846153846,52
3.3004926108374386,5.777777777777778,8.0,1.7777777777777777,9,2.556451612903226,3.048780487804878,7.0,0.43902439024390244,41
3.0814814814814815,4.25,6.0,0.875,8,2.7887640449438202,3.1956521739130435,6.0,0.6956521739130435,46
3.1512605042016806,3.533333333333333,6.0,0.7333333333333333,15,2.955223880597015,4.125,7.0,0.8333333333333334,24
3.0364963503649633,4.125,7.0,1.0,8,3.1225,3.8518518518518516,8.0,0.7037037037037037,27
2.9455128205128207,3.4782608695652173,8.0,0.782608695652174,23,2.794573643410853,3.25,7.0,0.7916666666666666,24
2.9836065573770494,3.3333333333333335,7.0,0.8666666666666667,15,2.3138686131386863,2.4210526315789473,5.0,0.38596491228070173,57
3.357142857142857,5.166666666666667,8.0,2.0,6,2.619747899159664,3.14,7.0,0.72,50
2.8675213675213675,2.909090909090909,6.0,0.7727272727272727,22,2.712962962962963,2.8857142857142857,6.0,0.8,35
3.0458715596330275,5.083333333333333,9.0,1.5833333333333333,12,2.404494382022472,3.3125,7.0,0.71875,32
3.2433234421364987,4.086956521739131,8.0,0.30434782608695654,23,2.7419354838709675,3.1458333333333335,7.0,0.625,48
3.2888888888888888,3.6,8.0,0.9333333333333333,15,2.5775075987841944,2.9166666666666665,8.0,0.6111111111111112,36
3.0331753554502368,4.142857142857143,7.0,0.7857142857142857,14,2.6601941747572817,3.1219512195121952,7.0,0.7560975609756098,41
3.253012048192771,4.444444444444445,7.0,0.6666666666666666,9,2.6757624398073836,3.234375,9.0,0.484375,64
3.6843100189035916,5.15,8.0,1.1,20,2.6372549019607843,3.28125,6.0,0.75,32
2.9411764705882355,2.9,7.0,0.6,10,2.613861386138614,3.075,5.0,0.575,40
2.68,4.454545454545454,6.0,1.0909090909090908,11,2.520499108734403,2.888888888888889,7.0,0.6507936507936508,63
3.3620689655172415,4.0,6.0,1.0769230769230769,13,2.865,3.289473684210526,5.0,0.8947368421052632,38
3.3574660633484164,3.5,6.0,0.7857142857142857,14,2.7262569832402233,3.15625,7.0,0.5,32
2.768,3.764705882352941,5.0,0.8823529411764706,17,2.9096774193548387,3.730769230769231,7.0,0.9615384615384616,26
2.923076923076923,4.571428571428571,7.0,0.7142857142857143,14,3.776470588235294,5.333333333333333,8.0,1.6666666666666667,3
3.214067278287462,5.25,10.0,1.0,16,2.326797385620915,2.6470588235294117,6.0,0.49411764705882355,85
3.4885496183206106,4.333333333333333,6.0,1.8333333333333333,6,2.6370808678500985,3.2857142857142856,6.0,0.9183673469387755,49
2.768595041322314,3.4444444444444446,6.0,0.5555555555555556,9,2.2968197879858656,3.1142857142857143,6.0,0.42857142857142855,35
2.992424242424242,4.285714285714286,9.0,0.5714285714285714,7,2.4902439024390244,2.9565217391304346,6.0,0.5869565217391305,46
3.0961538461538463,5.6,10.0,1.4,10,2.777239709443099,3.2162162162162162,8.0,0.8378378378378378,37
2.9044585987261144,4.2727272727272725,7.0,1.0909090909090908,11,2.6433408577878104,3.4390243902439024,5.0,0.5609756097560976,41
3.2738095238095237,3.588235294117647,7.0,0.6470588235294118,17,2.494949494949495,2.717391304347826,5.0,0.32608695652173914,46
3.122186495176849,3.5714285714285716,6.0,0.5238095238095238,21,3.2843326885880075,3.1,5.0,0.475,40
2.9133333333333336,4.958333333333333,11.0,1.1666666666666667,24,2.6101364522417154,3.5652173913043477,7.0,0.43478260869565216,46
3.0784313725490198,4.8,7.0,1.8,5,2.9323529411764704,3.2413793103448274,6.0,0.8275862068965517,29
2.7388059701492535,4.0,5.0,0.5,10,2.425,2.3943661971830985,6.0,0.5070422535211268,71
2.9672131147540983,4.05,6.0,0.8,20,2.8591160220994474,3.966666666666667,9.0,0.8666666666666667,30
3.03,3.375,6.0,0.6875,16,3.0171821305841924,3.5217391304347827,7.0,1.0434782608695652,23
2.8511904761904763,4.444444444444445,9.0,1.1111111111111112,9,3.0794520547945203,3.7777777777777777,9.0,0.7777777777777778,27
3.7243589743589745,5.166666666666667,7.0,1.1666666666666667,6,2.989864864864865,3.28,6.0,0.72,25
2.7309417040358746,3.142857142857143,6.0,0.5714285714285714,21,2.7295373665480427,3.1153846153846154,6.0,0.6538461538461539,26
3.0748898678414096,4.538461538461538,7.0,1.1538461538461537,13,2.8801652892561984,3.0408163265306123,6.0,0.8775510204081632,49
3.1023622047244093,3.8,6.0,0.7,10,2.3486005089058524,2.6595744680851063,5.0,0.48936170212765956,47
3.4516129032258065,6.75,9.0,2.5,4,2.797427652733119,3.0,6.0,0.6666666666666666,30
2.917293233082707,2.857142857142857,6.0,0.8571428571428571,14,2.4285714285714284,2.6176470588235294,5.0,0.25,68
3.467432950191571,4.214285714285714,8.0,0.9285714285714286,14,2.911522633744856,3.75,7.0,0.65,40
3.576923076923077,5.0,7.0,1.375,8,2.349887133182844,2.6724137931034484,6.0,0.4827586206896552,58
3.017361111111111,4.882352941176471,9.0,1.1176470588235294,17,2.870402802101576,4.065217391304348,11.0,1.0217391304347827,46
2.7880434782608696,4.166666666666667,6.0,1.0,12,2.665979381443299,3.5217391304347827,7.0,0.782608695652174,46
2.746913580246914,4.777777777777778,7.0,1.2222222222222223,9,2.726470588235294,3.242424242424242,6.0,0.7575757575757576,33
3.0522388059701493,5.142857142857143,8.0,1.0,7,2.6740088105726874,3.0,6.0,1.0833333333333333,24
3.462962962962963,4.7272727272727275,8.0,1.4545454545454546,11,3.0654627539503387,3.189189189189189,6.0,0.6756756756756757,37
2.936619718309859,3.888888888888889,6.0,1.1111111111111112,9,2.573304157549234,2.84,6.0,0.5,50
3.0792682926829267,4.571428571428571,6.0,1.1428571428571428,7,2.8010471204188483,3.48,6.0,0.86,50
2.873015873015873,4.0,5.0,1.0,4,2.6810344827586206,3.0833333333333335,5.0,0.7777777777777778,36
2.9678832116788323,4.0,11.0,0.8571428571428571,42,2.6264775413711585,2.8085106382978724,5.0,0.46808510638297873,47
2.8254716981132075,4.6,9.0,2.0,10,2.7468030690537084,3.2162162162162162,5.0,0.8108108108108109,37
2.977272727272727,4.714285714285714,9.0,1.7142857142857142,7,2.7196531791907512,3.0285714285714285,5.0,0.8,35
2.875,4.285714285714286,5.0,2.142857142857143,7,2.749163879598662,3.2413793103448274,6.0,0.6896551724137931,29
3.3879003558718863,4.6923076923076925,6.0,1.6153846153846154,13,3.466666666666667,4.0,5.0,0.75,4
3.7552447552447554,2.85,6.0,0.55,20,3.0440414507772022,3.71875,6.0,0.5625,32
3.2934782608695654,5.0,6.0,2.0,4,2.537712895377129,3.090909090909091,6.0,0.6818181818181818,44
3.015748031496063,4.0,6.0,1.0,9,2.610169491525424,2.782608695652174,6.0,0.5217391304347826,46
3.2344497607655502,4.666666666666667,7.0,0.6666666666666666,12,2.715,3.5945945945945947,7.0,0.7837837837837838,37
3.550239234449761,4.5,7.0,1.375,8,2.931318681318681,3.411764705882353,7.0,0.7058823529411765,34
3.546075085324232,5.5,10.0,2.1,10,2.7701149425287355,3.7027027027027026,7.0,0.8648648648648649,37
2.945945945945946,4.285714285714286,7.0,1.2857142857142858,7,2.792307692307692,3.727272727272727,8.0,0.7272727272727273,22
3.0652173913043477,3.2666666666666666,6.0,0.8,15,2.546728971962617,3.090909090909091,7.0,0.5227272727272727,44
2.876595744680851,2.909090909090909,6.0,0.7727272727272727,22,2.5943877551020407,3.0952380952380953,6.0,0.9523809523809523,42
3.3008849557522124,3.6,8.0,0.9333333333333333,15,2.7463503649635035,3.2363636363636363,6.0,0.4727272727272727,55
3.4550898203592815,4.444444444444445,7.0,0.6666666666666666,9,3.2014742014742015,3.6129032258064515,10.0,0.7741935483870968,31
3.6924528301886794,5.15,8.0,1.1,20,2.566579634464752,3.4054054054054053,9.0,0.7567567567567568,37
3.1166666666666667,2.9,7.0,0.6,10,2.5737704918032787,2.9148936170212765,6.0,0.5319148936170213,47
3.3828828828828827,3.5,6.0,0.7857142857142857,14,2.714814814814815,3.32,5.0,0.76,25
3.0,4.571428571428571,7.0,0.7142857142857143,14,2.7510204081632654,3.088888888888889,8.0,0.9333333333333333,45
3.2378048780487805,5.25,10.0,1.0,16,2.7447698744769875,3.5365853658536586,6.0,0.9024390243902439,41
2.8852459016393444,3.4444444444444446,6.0,0.5555555555555556,9,2.6506666666666665,3.473684210526316,7.0,0.6578947368421053,38
3.007518796992481,4.428571428571429,9.0,0.5714285714285714,7,2.8201219512195124,3.740740740740741,6.0,0.6296296296296297,27
2.9683544303797467,4.181818181818182,7.0,1.0909090909090908,11,3.0991150442477875,3.0,6.0,0.33962264150943394,53
2.78125,3.142857142857143,6.0,0.5714285714285714,21,2.6222222222222222,2.75,5.0,0.46875,32
3.1328125,3.8,6.0,0.7,10,2.3773584905660377,2.618181818181818,6.0,0.36363636363636365,55
3.632,6.75,9.0,2.5,4,2.695443645083933,2.953488372093023,6.0,0.6511627906976745,43
2.985074626865672,2.857142857142857,6.0,0.8571428571428571,14,2.597938144329897,2.9411764705882355,6.0,0.38235294117647056,34
3.0346020761245676,4.882352941176471,9.0,1.1176470588235294,17,3.2830188679245285,2.902439024390244,6.0,0.5365853658536586,41
2.834355828220859,4.777777777777778,7.0,1.2222222222222223,9,2.665929203539823,3.627906976744186,7.0,0.9069767441860465,43
2.75,2.5,8.0,0.5,14,2.8456913827655312,3.7674418604651163,8.0,0.6744186046511628,43
3.1272727272727274,4.571428571428571,6.0,1.1428571428571428,7,2.5433673469387754,2.9047619047619047,9.0,0.7857142857142857,42
3.1052631578947367,4.714285714285714,9.0,1.7142857142857142,7,2.5551839464882944,3.21875,6.0,0.5625,32
3.382978723404255,4.6923076923076925,6.0,1.6153846153846154,13,2.811138014527845,3.6176470588235294,6.0,0.8529411764705882,34
2.899159663865546,3.3333333333333335,5.0,0.8888888888888888,9,2.588082901554404,2.951219512195122,5.0,0.24390243902439024,41
3.0737704918032787,4.571428571428571,6.0,1.8571428571428572,7,2.8488745980707395,3.5185185185185186,7.0,0.5925925925925926,27
3.14,4.923076923076923,9.0,1.3846153846153846,13,2.607594936708861,3.18,5.0,0.7,50
3.338345864661654,5.6,8.0,2.0,5,2.596541786743516,3.189189189189189,8.0,0.7567567567567568,37
3.18957345971564,3.5714285714285716,6.0,0.8571428571428571,14,2.3951434878587197,2.683333333333333,5.0,0.38333333333333336,60
