row,condition,comment
7,baseline,"Haha ja, dom är fan vidriga. Smakar som krita blandat med nån konstgjord bär-arom som inte lyckas dölja paracetamolen alls. Jag fattar inte varför man ens väljer tugg om man kan svälja en vanlig tablett med lite vatten. Enda gången jag står ut är om jag är helt däckad och inte pallar leta dricka."
1,baseline,"Japp, sitter också solo med ett glas och doomscrollar. Ibland är det fan rätt skönt att bara chilla utan massa nyårsstress och “nu ska vi ha kul”-press. Släng på nån film, käka nåt gott och låtsas att raketerna är nån annans problem. Gott nytt!"
6,baseline,"Alltså ja, det låter ju som att någon på SVT försökt hitta på “så svenskt det bara går” och råkat blanda in lite vikingakrydda också. Birk som i Ronja och Borkason som om han är son till Bork i en saga. Saknas bara att han heter “Lindgren” i efternamn och bor i en röd stuga i Dalarna."
0,baseline,"Fick typ bara såna där ”bra att ha”-grejer i år: ett par riktigt schyssta ullsockor, en ny stekpanna (äntligen), och ett presentkort på ICA som jag först tyckte var tråkigt men som jag nu inser är guld värt. Plus en bok jag faktiskt velat läsa, så jag klagar inte."
2,baseline,"Känns som typiskt att det är just sånt man blir sugen på och så går det inte nånstans. Svensson Svensson dyker ju ibland upp på SVT Play, men TV-schemat verkar tomt ikväll. Wallace & Gromit brukar ligga på nån streamingtjänst eller hyrfilm, men linjär-TV? Nä, verkar inte. Kolla Play-tjänsterna direkt istället för TV.nu, de missar ibland sånt som inte “sänds” på klassiskt sätt."
5,baseline,"Beror lite på sammanhang, men jag kör ofta på “berusad”, “packad”, “påverkad” eller “rund under fötterna” om man vill låta lite snällare. “Plakat” och “dyngrak” när det ska vara mer rätt-fram. “Salongsberusad” för den där lagom-nivån, och “aspackad”/“redlös” när det spårat ur helt. “På lyset” är också en klassiker."
15,baseline,"Tycker det är svårt att säga utan att gå på personkemi, men de politiker som ger bäst intryck för mig är oftast de som kan svara rakt på en fråga, erkänna när de inte vet och faktiskt ändra sig när fakta ändras. Gillar när någon håller sig saklig i intervjuer, inte skyller allt på “motståndarsidan” och klarar av att vara självkritisk utan att det blir teater. Sen spelar det mindre roll vilket parti det är om personen verkar ha ryggrad, tydliga prioriteringar och kan förklara konsekvenserna av sin politik på vanlig svenska."
14,baseline,"För mig är juldagen typ “nu får man andas”-dagen. Julafton är ju alltid ett projekt med tider, mat, paket och folk som ska hinna överallt, men på juldagen är det bara rester, mjukiskläder och noll krav. Brukar bli sen frukost/brunch, kanske en promenad om vädret inte är helt katastrof, sen soffläge med någon film som man halvkollar på medan man plockar lite i köket. Ibland åker man förbi släktingar som man inte hann med på julafton, men det är mer “kom in på en kaffe” än hela uppstyrda grejen. Juldagen är typ dagen då julen faktiskt känns mysig."
11,baseline,"Tycker också Ygeman ger ett mer “vuxet i rummet”-intryck än många andra. Sen gillar jag ändå att Elisabeth Svantesson känns saklig och påläst även när man inte håller med henne. I MP tycker jag Märta Stenevi… nej, skämt åsido – Per Bolund var ofta rätt stabil i debatter, men han är ju inte kvar. I L har Romina Pourmokhtari faktiskt överraskat positivt med energi och tydlighet, även om hon får mycket skit. Och i kommunpolitiken finns det ofta de som imponerar mest, oavsett parti – de som faktiskt kan sina frågor och inte bara kör talking points."
3,baseline,"Jag brukar dra till med “nu är det kokta fläsket stekt” när allt skiter sig, och “inte den vassaste kniven i lådan” om nån är lite seg. Sen gillar jag “dra åt skogen” (eller ännu bättre: “dra åt helvete och ta skogen med dig”) när man vill vara lagom dramatisk. Bilar då… BMW = “blinkerslöst premiumsläp”, Audi = “fyrhjulsdriven ursäkt” och Volvo = “trygghetskapsel”. Och när man ska öka: “nu lägger vi i överväxeln och lämnar hakan i handskfacket”."
8,baseline,"Nej, självklart ska ingen som begått våldtäkt få “bara stanna” – men problemet är att folk ofta blandar ihop det med att utvisning automatiskt är lösningen på allt. Har du inget medborgarskap och döms för sånt här ska det i regel leda till utvisning efter avtjänat straff, punkt. Men “skötsamma skickas hem” handlar oftast om helt andra grejer: regler för asyl/uppehållstillstånd, beviskrav, anknytning, och att man kan ha rätt att vara här även om man är skötsam eller inte. Det sjuka är snarare att straffen och uppföljningen är för klena och att myndigheterna inte alltid får till utvisning när de faktiskt borde. Skärp lagstiftningen och se till att domar får konsekvenser – utan att låtsas som att alla ärenden är samma."
10,baseline,"Håller med om Ygeman, han känns som en av få som faktiskt kan sitt område och inte bara pratar i slogans. Jag tycker också att Anders Arborelius (om man räknar honom som “politisk” röst i samhällsdebatten) ofta är saklig och eftertänksam, men av riksdagspolitiker: Elisabeth Svantesson ger ett rätt proffsigt intryck även om man inte håller med henne, och Johan Pehrson kan vara lite rörig men känns åtminstone genuin. Sen har jag alltid tyckt att Kerstin Lundgren (när hon var mer aktiv) var en sån där som faktiskt läst handlingarna. Överlag saknar man fler som vågar vara tråkiga på ett kompetent sätt."
20,baseline,"Haha, den var ändå rätt fin – “SYNTAX” som ledhund för en blind programmerare… man ser den inte, men den guidar en genom koden."
4,baseline,"Haha älskar såna där omskrivningar. Jag kör ofta med “nu är det dags att dra på sig spenderbyxorna” när nåt ska köpas, “inte den vassaste kniven i lådan” om folk som tänker långsamt, och “nu har du skitit i det blå skåpet” när nån klantat till det rejält. Sen gillar jag “hissen går inte hela vägen upp” och “tomtar på loftet” (klassiker), samt “nu kokar det i bingen” när det börjar bli stökigt. Bilmässigt säger vi “bögracer” om gamla sänkta 740 med fladdermusljus (ja, jag vet, inte PK), och “pizzasläde” om slitna E46:or. Och när nån kör som en dåre: “lugna dig, du är inte på Mantorp” eller “det där är ingen jävla rallyspecial”."
13,baseline,"Jag är också rätt less på partiledar-gänget, det känns som PR-maskiner allihop. Om jag ska nämna några som ändå ger hyfsat stabilt intryck: Ygeman är absolut en sån “tråkig men trygg”-figur. Annars tycker jag Per Bolund (även om jag inte håller med om allt) ofta känns saklig och påläst när han väl pratar policy och inte slogans. Johan Pehrson kan vara lite spretig men känns ibland mer “vanlig människa” än många andra. Och sen gillar jag faktiskt när någon som Lotta Edholm går rakt på sak utan att allt ska låta som en kampanjfilm.

Men ärligt: jag får bäst intryck av de som syns mindre nationellt och mer i utskottsjobb/kommuner—där märks det snabbare om någon kan sin grej eller bara lever på soundbites. Vilka frågor bryr du dig mest om? Då är det lättare att tipsa om folk som faktiskt är bra på just det området."
12,baseline,"Jag fattar vad du menar, partiledarna känns mest som PR-produkter allihop nuförtiden. Ygeman är en sån som åtminstone ger intryck av att ha koll på maskinrummet och inte svävar iväg.

Några som brukar ge rätt stabilt intryck för mig (oavsett om man håller med i sak):  
- Magdalena Andersson – mer “tråkig förvaltare” än show, ofta saklig i intervjuer.  
- Elisabeth Svantesson – bra på att hålla sig till siffror/ramar, även om man kan tycka hon duckar ibland.  
- Karin Enström (om man tar med EU-nivån) – ofta väldigt påläst och sansad.  
- Aron Emilsson (SD, i utrikes/konstitutionsspår) – brukar vara mer lågmäld och resonlig än partiets frontfigurer.

Sen saknar jag generellt fler “kommunalrådstyper” i rikspolitiken: folk som pratar som vanligt folk och löser grejer, inte bara positionerar sig. Vilken fråga tycker du är viktigast? Brukar vara lättare att hitta “bra politiker” om man utgår från sakområde."
25,baseline,"Ja, det går. Inne på Centralen finns typ Pressbyrån/7‑Eleven som ofta har strumpor och ibland kallingar i “nödutbudet”, men utbudet är lite hit or miss. Annars är det bara att gå ut vid Cityterminalen/Åhléns City/H&M i City (typ 5 min) så hittar du garanterat både kallingar och strumpor."
9,baseline,"Alltså, det är ju en sån där formulering som låter skarp och “sann” om man redan är irriterad på Sverige, men den är också rätt tillspetsad. Visst finns det en tendens här att vilja släta över konflikter och hitta minsta gemensamma nämnare, och ibland kan “känsla” och identitet väga tyngre än fakta i debatten. Samtidigt är det inte direkt unikt för Sverige – det där med parallella verkligheter är ju mer eller mindre standard i hela västvärlden nu, tack vare sociala medier och polarisering.

Och “konsensus viktigare än rimlighet”… nja. Jag fattar vad han menar: man ska tycka “rätt” och hålla god ton, annars blir man utfryst. Men det är också lite mytbildning. Svensk offentlighet är ju full av bråk och låsta skyttegravar, så den där konsensusen känns ibland mer som en fasad i vissa institutioner än en faktisk verklighet.

Tycker mest det blir en snygg one-liner som fångar en viss svensk ängslighet, men som samtidigt missar hur mycket vi faktiskt har av helt vanlig intressekonflikt och rätt hård debatt. Det är inte riktigt så monokromt som han får det att låta."
19,baseline,"Alltså, hela “no go-zon”-grejen är rätt överdriven i svensk debatt. Det finns områden där polisen får jobba mer taktiskt och kanske åker in med fler resurser vid vissa lägen, men det är inte som att de aldrig är där. Och knark säljs redan där det finns kunder, nätverk och möjlighet att hålla koll – men det betyder inte att det är riskfritt. Tvärtom: du syns mer, du hamnar i konflikt med andra som “äger” platsen, och polisen gör riktade insatser, spaning, avlyssning och plockar folk när de lämnar området. Sen är det ju inte direkt så att man kan sätta upp en “knarkbutik” bara för att man tror polisen inte vågar åka in."
18,baseline,"Det går i teorin (termoelektriska generatorer/Seebeck), men i praktiken är det rätt kört för en Apple Watch. Du behöver en temperaturdifferens mellan huden och omgivningen, och på handleden är den ofta bara några grader. Då blir effekten pytteliten – pratar mikro- till milliwatt i bästa fall, medan klockan drar betydligt mer (särskilt med skärm, sensorer, BT/Wi‑Fi osv). Plus att du måste leda bort värme på utsidan med nån kylfläns för att hålla differensen uppe, annars jämnar det ut sig och då får du nästan ingen energi. Det finns nischade “värmeklockor” som får lite extra kräm av kroppsvärme, men de gör typ mycket enklare grejer och räcker ändå inte till att “ladda” som man hoppas. Så: cool idé, men fysiken är snål."
26,baseline,"Japp, det brukar gå. Inne på Centralen/Cityterminalen-området finns typ Pressbyrån/7-Eleven och liknande som ofta har strumpor och ibland kallingar i “glömt hemma”-hyllan. Annars är det bara att gå ut i gallerian (Åhléns City ligger ju ett par minuter bort) så hittar du garanterat både strumpor och kallingar. Utbudet på själva stationen kan vara lite begränsat bara."
16,baseline,"Tycker det beror lite på nivå och sammanhang, men rent “intrycksmässigt” finns det några som brukar kännas sakliga och stabila även när man inte håller med dem. Magdalena Andersson ger ofta ett kompetent och förberett intryck. Elisabeth Svantesson uppfattar jag som tydlig och rätt trygg i ekonomifrågor. Johan Pehrson känns ofta mer jordnära än många andra och kan prata utan att det bara blir floskler. Och Daniel Helldén är en av få som åtminstone försöker resonera i sak även när debattklimatet är pajigt. Sen finns det såklart dagar när alla ser trötta ut och rabblar talepunkter, men de här brukar ändå sticka ut som “hyfsat vuxna i rummet”."
23,baseline,"Nej, att peka på ett sakförhållande är inte automatiskt brunsmetning. Brunsmetning är mer när man medvetet försöker klistra “nazist”-stämpeln på någon genom lösa associationer för att slippa bemöta sakargument. Sen kan “det uppenbara” såklart vara rätt subjektivt – om du bara slänger ur dig insinuationer utan belägg så blir det lätt samma effekt ändå. Men i grunden: fakta + källor + konkret kritik = inte brunsmetning. Skuld genom närhet och antydningar = brunsmetning."
21,baseline,"Beror helt på vad du kollar mest på, men i nuläget tycker jag typ: Netflix har fortfarande bäst “allround”-utbud även om det blivit dyrare och mer spretigt. HBO Max (eller vad den nu heter just nu…) är svårslagen på kvalitetsserier, men utbudet är mindre och de plockar bort grejer lite väl ofta. Disney+ är klockrent om du vill ha Marvel/Star Wars och familjefilm, annars kan det kännas rätt tunt mellan släppen. Prime Video är billigt och har några guldkorn, men gränssnittet och “hyr/köp”-mixen är irriterande.

Om jag skulle välja en enda: HBO för serier, Netflix för blandat, Disney om du har kids eller är nörd. Bäst “värde” brukar vara att rotera en tjänst i taget månadsvis istället för att betala allt samtidigt."
22,baseline,"Kör på grejer som klarar rumstemp men blir nice i micron: tortilla-wraps med bönor/kikärtor + salsa (ta med i småburk), färdig ris/quinoa-påse + tonfisk/kyckling på burk och lite kryddor, eller snabbnudlar/ramen men pimpa med jordnötssmör, soja och chiliflakes. Havregrynsgröt i micron är också underskattat, släng i banan/äpple/kanel så känns det inte som “nödmat”. Annars konservsoppor/linssoppa i mikroskål och en påse hårt bröd till. Och ja, ta med salt/peppar/chilisås i liten flaska – gör typ allt 200% mindre deppigt."
17,baseline,"I teorin ja – i praktiken nästan nej. Det du tänker på är termoelektriska generatorer (Seebeck-effekten) som gör el av en temperaturskillnad. Problemet är att på handleden har du pytteliten temperaturskillnad (hud ~32–35°C och klockans utsida hamnar snabbt nära samma), plus att du har begränsad yta. Då blir det bara mikrowatt-nivåer i bästa fall.

En Apple Watch drar typ milliwatt till tiotals milliwatt beroende på vad den gör (skärm, GPS, LTE osv). För att täcka det med värme behöver du antingen mycket större yta, mycket bättre kylning på “kalla sidan” (typ kylflänsar/luftflöde) eller en rejäl temperaturgradient – och då blir det klumpigt/obekvämt.

Det finns prototyper och nischprylar (sensorer, enklare klockor) som kan “skörda” lite kroppsvärme för att förlänga batteritid, men att faktiskt driva en smartwatch fullt ut är inte realistiskt med dagens teknik. Rörelse (automatverk/kinetisk laddning) är oftast mer “praktiskt” än värme, men även det räcker sällan för en smartklocka."
33,baseline,"Svårt att säga exakt utan att veta vilket pulver det är (de kan väga olika), men som tumregel brukar 1 dl gainer/proteinpulver ligga nånstans runt 40–60 g. Så 50 g är ungefär 1 dl, kanske lite under beroende på hur fluffigt det är. Bästa är att väga en gång med köksvåg och sen vet du hur ditt dl-mått motsvarar."
34,baseline,"Beror lite på hur “fluffigt” pulvret är, men generellt ligger gainer runt typ 60–80 g per dl. Så 50 g är ungefär 0,6–0,8 dl (alltså strax under 1 dl). Bästa är att väga en gång med köksvåg och sen vet du exakt för just din burk."
27,baseline,"Brukar vara rätt nice att dra till Skansen tidigt om man vill ha klassiskt nyår (utsikt + stämning), men det blir packat så kom i tid. Vill du bara se fyrverkerier funkar Monteliusvägen/Söder Mälarstrand eller Västerbron också, men räkna med trängsel där med. Annars: boka bord på nån restaurang i god tid (typ Hornstull/Söder eller Vasastan) och kör sen en bar/klubb efter midnatt – många har nyårsbiljetter och släpper inte in drop-in. Och pro tip: undvik att försöka ta taxi exakt vid tolv, SL + promenad är oftast smidigast."
35,baseline,"Svårt att säga exakt utan att veta vilken gainer det är, eftersom olika pulver väger olika mycket beroende på hur “luftigt” det är. Men som tumregel brukar 1 dl pulver ligga nånstans runt 30–40 g, så 50 g hamnar ofta typ 1,25–1,5 dl. Bästa är att väga upp en gång med köksvåg och sen vet du exakt hur många dl just din motsvarar."
31,baseline,"Tyvärr är det rätt skralt med rena badmintonhallar just i Bromma/Kungsholmen. Det finns lite strötider i vissa skol-/idrottshallar ibland, men ska du ha “riktig” hall får man oftast åka en bit – typ Solna/Sundbyberg eller söderut. Kolla också med föreningarna, de brukar ha bokade tider som man kan haka på."
24,baseline,"Alltså norrmännen jag träffat verkar ha en rätt avslappnad syn på Sverige: de gillar att driva lite om “söta bror” och att vi är fyrkantiga/regelstyrda, men samtidigt är det ofta rätt mycket respekt också. Typ “ni har ordning på grejerna, men herregud vad ni älskar blanketter”. Sen är det väl mycket beroende på var i Norge man är – i Oslo känns Sverige mer som ett grannland man åker till för shopping/konserter, medan längre bort kan det vara mer stereotyper och gamla skämt. Och helt ärligt: det är lite samma som vi pratar om Norge – oljepengar, dyr öl och fjäll. Mest syskonkärlek med lagom mycket gnabb, skulle jag säga."
37,baseline,"Svårt att säga exakt utan att veta vilken gainer det är, eftersom olika pulver väger olika mycket per dl (beroende på hur “fluffigt” det är). Men som riktmärke brukar 1 dl protein/gainer-pulver hamna nånstans runt 35–50 g. Så 50 g är ofta typ 1 dl, kanske lite mer om det är lätt. Bäst är att väga upp en gång på en köksvåg och sen vet du hur mycket ditt dl-mått motsvarar."
28,baseline,"Om du vill ha “klassikern” så är det ju 12-slaget vid Skansen (utsikt + folkfest), men kom i tid om du vill ha en bra plats. Annars är Monteliusvägen/Söder Mälarstrand schysst för fyrverkerier utan att stå mitt i smeten. Vill du göra nåt mer “aktivt” så brukar många boka middag tidigt och sen bara ta en bar/klubb (kolla att de inte har svindyrt nyårspaket). Ett annat tips är att köra nyårskryss med Waxholmsbolaget eller nån middag på båt – ofta trevligt och lite mindre kaos med transporter. Och oavsett: planera hemvägen, kollektivtrafiken kan vara stökig och taxi är rena vilda västern den kvällen."
36,baseline,"Svårt att säga exakt i dl eftersom det beror på hur “fluffigt” pulvret är, men som tumregel väger gainer ofta runt 60–80 g per dl. Så 50 g hamnar typ nånstans kring 0,6–0,8 dl. Bästa är ärligt talat att väga upp en gång med köksvåg och sen vet du hur mycket ditt dl-mått tar."
39,baseline,"Svårt att säga exakt i dl eftersom det beror på hur “luftigt” pulvret är, men på de flesta gainers brukar 50 g hamna nånstans runt ca 1 dl (ibland lite mer, typ 1–1,5 dl). Bästa är att väga upp en gång med köksvåg och se hur mycket det blir i ditt dl-mått, sen kan du köra på det framöver."
38,baseline,"Svårt att säga exakt i dl eftersom det beror på hur “fluffigt” pulvret är, men som tumregel väger många gainers typ 60–80 g per dl. Så 50 g hamnar ofta runt 0,6–0,8 dl. Bäst är att väga en gång med en köksvåg och sen vet du exakt för just din burk."
30,baseline,"Kört både Telia (via Halebop) och Tele2/Comviq i Stockholm. I innerstan är Tele2 i princip helt okej – bra 4G/5G och funkar för det mesta utan strul. Men min upplevelse är att Telia fortfarande är lite mer “stabilt överallt”, typ i vissa tunnelbanestationer, källare, äldre hus och när man rör sig ut mot förorterna/skogspartierna. Tele2 kan vara kanon ena stunden och sen lite mer svajigt i vissa fickor.

Mitt tips: kolla täckningskartan där du bor/jobbar och testa gärna med ett billigt Comviq-kontantkort eller bindningsfritt första månaden. Är du mest i stan och vill spara pengar lär du klara dig fint med Comviq, men vill du ha “det bara funkar” överallt är Halebop/Telia svårslaget."
29,baseline,"Jag har kört både Telia (via Halebop) och Tele2/Comviq i Stockholm. Generellt: Telia är fortfarande lite “tryggare” överallt, särskilt inomhus (källare, äldre hus, tunnelbana/pendelstationer) och i ytterområden. Tele2/Comviq funkar oftast helt okej på gator och i innerstan och kan vara riktigt snabbt när man har bra täckning, men jag upplevde fler smådippar och att det varierar mer från kvarter till kvarter.

Om du mest rör dig i innerstan och inte är superkänslig för att det ibland kan bli sämre inomhus så är Comviq klart värt att testa för priset. Men om du prioriterar “det bara funkar” i alla lägen skulle jag personligen stanna på Halebop/Telia. Tips: kolla om Comviq har bindningsfritt/månad för månad och prova en månad med eSIM/extra SIM så ser du hur det funkar där du faktiskt är."
40,baseline,"Svårt att säga exakt utan att veta vilken gainer det är, för olika pulver väger olika mycket (hur “fluffigt” det är). Men som tumregel brukar 1 dl protein/gainer-pulver hamna nånstans runt 30–40 g. Så 50 g blir typ ca 1,5 dl-ish. Bästa är att väga upp en gång med köksvåg, sen vet du exakt hur många dl/skopor det blir för just din."
52,baseline,"Alltså “titeln säger allt” men man får noll info ändå. Varför vad? Skriv lite mer kontext (vad det gäller, vad du testat, ev. felmeddelande osv) så är det mycket lättare att hjälpa."
44,baseline,"Kolla in Alsace (typ Colmar eller Strasbourg) om ni vill ha riktigt fint utan att det behöver kosta Rivieran-priser. Supermysiga gamla kvarter, bra mat och ofta helt ok hotell/priser om ni bokar lite i förväg och åker utanför högsäsong. Annars är Annecy också grymt vackert (sjön och bergen), men där kan det bli dyrare mitt i sommaren. Ett budgettips är att bo i en mindre ort strax utanför och ta tåget/bussen in – funkar bra i Frankrike."
47,baseline,"Kolla in Alsace (typ Colmar eller Strasbourg) – supermysiga småstäder med korsvirkeshus, vingårdar och bra mat, och ofta billigare boende än Rivieran/Paris om man bokar lite i förväg. Annars är Annecy också riktigt fint (sjö + bergkänsla), och där kan man spara pengar genom att bo lite utanför centrum och ta buss in. Tips: kolla även “chambres d’hôtes” eller Airbnb, brukar bli klart mer prisvärt än hotell."
53,baseline,"Kan du ge lite mer kontext? “Titeln säger allt” brukar tyvärr inte göra det 😅 Vad är det som händer, i vilken situation (app/produkt/tjänst), och vad har du redan testat? Då är det mycket lättare att gissa varför."
48,baseline,"Kolla in Alsace, typ Colmar eller Strasbourg. Riktigt fint med korsvirkeshus, vinbyar och bra mat, men brukar vara billigare än Rivieran/Paris om man bokar lite i förväg och kanske bor precis utanför centrum. Annars är Annecy också sjukt vackert (sjön och bergen), och om ni åker lite off-season kan hotell/priser vara helt okej. Tips: åk med tåg mellan städerna och kolla små B&B/”chambres d’hôtes” istället för stora hotell."
45,baseline,"Om ni vill ha Frankrike men slippa de dyraste turistfällorna skulle jag kolla in Alsace (typ Colmar/Strasbourg) – supermysiga småstäder, mycket att se och ofta rimligare boende om man bokar lite i förväg. Annars är Annecy också riktigt fint (sjö + alpkänsla), men kan dra iväg i pris mitt i sommaren. Ett budgettips är att bo i en mindre ort strax utanför och ta tåget/bussen in, det brukar kapa hotellkostnaden rejält. Undvik typ Nice/Paris under högsäsong om ni vill hålla nere priset."
55,baseline,"Kan du ge lite mer kontext? “Titeln säger allt” brukar tyvärr inte göra det – vad är det som händer, när började det, och vad har du testat hittills? Svårt att säga varför annars."
54,baseline,"Alltså “titeln säger allt” gör den ju uppenbarligen inte om du måste fråga 😄 Men utan mer info är det omöjligt att svara – vad är det som händer, när började det, och vad har du testat? Lite kontext så kanske nån kan hjälpa."
32,baseline,"Beror lite på vad du är ute efter (klassisk “allt på ett ställe”-julbord vs mer påkostat), men några säkra kort i Stockholm:

- Operakällaren / Operaterrassen – riktigt hög nivå och klassiskt, men kostar därefter. Bra om man vill ha “fint” julbord.
- Grand Hôtel (Verandan) – klassiskt och väldigt bra råvaror, stämning och service. Också premiumpris.
- Ulla Winbladh (Djurgården) – supermysigt, traditionellt och brukar hålla jämn kvalitet. Bra helhetskänsla.
- Wärdshuset Ulla Winbladh / Hasselbacken (Djurgården) – Hasselbackens julbord är också ett stabilt val, lite mer “julbordsupplevelse”.
- Långbro Värdshus – lite utanför city men värt resan, ofta riktigt bra och mindre “industrijulbord”-känsla.
- Sturehof – mer modern/urbant och bra hantverk, om man vill ha kvalitet utan att det blir fullt så högtidligt.

Protip: boka tidigt (helger blir snabbt tokfullt), och om du kan – kör en vardagslunch, ofta lugnare och bättre upplevelse än fredag/lördag kväll."
43,baseline,"Klart du kan gå upp i vikt om du trycker i dig massor av spaghetti flera gånger om dagen – det är ju ändå kalorier som räknas i slutänden, inte bara “kolhydrater”. Spaghetti är ganska energitätt och lätt att äta mycket av, särskilt utan att bli mätt länge om du kör det som mellanmål. Om det gör att du hamnar på kaloriöverskott så går du upp, annars inte. Sen är det inte direkt världens bästa mellis rent näringsmässigt heller om det bara är pasta varje gång – blodsockerdippar och man blir hungrig igen snabbt. Vill du testa nytt, fine, men kanske släng in protein/fett/fiber (typ ägg, tonfisk, bönor, kyckling, grönsaker) så blir det mer “riktig mat” och lättare att hålla koll."
46,baseline,"Om ni vill ha Frankrike men slippa de värsta turistpriserna skulle jag kika på Alsace (typ Colmar/Strasbourg) – supermysiga småstäder, fint landskap och ofta rimligare boende om man bokar lite i förväg eller bor strax utanför centrum. Annars är Annecy också sjukt vackert med sjön och bergen, men kan bli dyrt mitt i sommaren – åk hellre vår/tidig höst så är det både billigare och mindre folk. Ett budgettips är att välja mindre orter i Provence/Languedoc (typ Nîmes, Arles eller runt Avignon) och ta dagsturer, då kan ni få “franska känslan” utan att bo på de dyraste hot-spotsen."
42,baseline,"Klart du kan gå upp i vikt om du trycker i dig spaghetti som mellanmål flera gånger om dagen – men det är inte “kolhydraterna” i sig som magiskt gör det, utan att du hamnar på ett kaloriöverskott. Spaghetti är rätt energitätt och lätt att äta mycket av, särskilt om du kör med sås/ost/olja osv, så det kan dra iväg snabbt.

Äter du det utöver dina vanliga måltider → större chans att du går upp. Byter du ut annat och håller ungefär samma totala mängd mat/kalorier → då behöver du inte gå upp.

Sen mättnad och näring: pasta som mellis är ganska “tomt” om du bara kör plain. Bättre om du vill testa: blanda med typ kyckling/tonfisk/bönor + lite grönsaker, så blir det mer mättande och vettigare."
56,baseline,"Alltså svårt att svara på när du inte skriver vad “det” syftar på. Titel i all ära, men utan lite mer kontext (vad händer, när, på vilken enhet/tjänst, vad har du testat?) blir det bara gissningar. Skriv gärna exakt felmeddelande/behaviour så kan folk faktiskt hjälpa."
41,baseline,"Trainee är generellt inget minus i CV:t, snarare tvärtom om det är ett seriöst upplägg. Många företag kör trainee för att kunna lära upp folk i sina processer och se att det funkar i praktiken innan de erbjuder fast. 6 månader är dessutom en ganska rimlig period.

Det viktiga är att kolla vad “sedan fast anställning” faktiskt betyder: står det i avtalet att det övergår i tillsvidare, eller är det mer “ambition”? Fråga också vad du förväntas leverera, hur onboarding/handledning ser ut och om du har en tydlig roll eller bara blir allmänt “extraresurs”.

Om alternativet är en fast tjänst direkt är det klart lockande, men som nyexad är en trainee ofta en bra ramp in – särskilt om du får rotation mellan team, utbildning och riktiga projekt. CV-mässigt är det inga konstigheter; det är fortfarande relevant arbetslivserfarenhet. Jag hade kört på, men sett till att villkoren är tydliga och att det inte är en “praktik med finare namn och sämre lön”."
51,baseline,"Nja, bland ”vanligt folk” är advokat ofta synonymt med dyr kostym och höga arvoden, men inom juristvärlden är det mer nyanserat. Åklagare har ju en annan typ av tyngd: statligt ämbete, stort ansvar, processvana och ofta rätt mycket respekt i domstolen. Samtidigt ger advokat titeln en annan signal internt också, särskilt om man är delägare på en affärsjuridisk byrå – då är statusen absolut hög. Men många jurister ser inte åklagare som ”lägre”, mer som ett annat spår: mer samhällsuppdrag och trygghet vs. mer pengar/karriär/marknad. Så ja, bilden skiljer sig lite – status inom kåren handlar mer om vilken nisch och nivå du är på än om det står advokat eller åklagare på dörren."
57,baseline,"Alltså du får nog ge lite mer info än “titeln säger allt” om du vill ha vettiga svar. Vad är det som händer, när började det, vilken enhet/app/gadget snackar vi, och får du nåt felmeddelande? Just nu är det typ omöjligt att gissa varför."
50,baseline,"Nja, bland “vanligt folk” är advokat ofta lika med dyr kostym och stora mål, men inom juristkåren är det mer nyanserat. Åklagare har rätt hög prestige internt, mycket pga ansvaret, rollen i rättskedjan och att det är ett tydligt meritsteg om man siktar på domarbanan. Advokat är mer spretigt – allt från brottmål på tingsrätten till affärsjuridik på storbyrå – och statusen följer ofta vilken nisch/byrå du är på snarare än titeln i sig. Sen är det klart att pengar och “friheten” som advokat ger kan väga tungt i statusgrejen, men rent yrkesmässigt får åklagare ofta rätt mycket respekt bland jurister."
62,baseline,"Beror lite på vad du ska ha den till, men spontant: ja, om priset inte är helt bananas. Om den faktiskt är “klart bättre” än tidigare (och inte bara på pappret) så brukar det vara värt det, särskilt om du ändå funderat på att uppgradera. Men jag hade kollat två saker innan: 1) barnsjukdomar/firmware och vad folk skriver efter några veckors användning, och 2) om förbättringarna märks i praktiken för just dina behov. Annars är det lätt att betala extra för marginella skillnader."
67,baseline,"Alltså seriöst, “ordningsproblem” vid Odenplan igen… alltid samma visa. Man vill bara ta sig hem men nej, hela gröna linjen ska stå still för att några inte kan sköta sig. SL lär väl säga “förseningar i trafiken” som om det hjälper."
61,baseline,"Beror ju lite på vad du ska använda den till, men ja – om den faktiskt är “klart bättre” än tidigare versioner och du ändå funderat på att köpa/uppgradera så känns det som ett rätt safe köp. Jag hade kollat två grejer bara: 1) om barnsjukdomar/buggar dykt upp i början (kolla recensioner och forumtrådar) och 2) om prisskillnaden mot föregångaren är rimlig. Är det bara marginellt dyrare och du får tydliga förbättringar så hade jag kört. Om det är en rejäl prispremie kanske man kan fynda förra modellen och vara nästan lika nöjd."
69,baseline,"Alltså seriöst, “ordningsproblem” igen… Varje gång man ska hem efter midnatt så är det nåt som strular vid Odenplan. Hoppas de löser det snabbt, men man lär väl få stå och frysa och vänta på ersättningsbuss som aldrig kommer i tid."
60,baseline,"Beror ju helt på vad du ska ha den till, men spontant: om du ändå funderar på att köpa och den nya versionen faktiskt löser de största irritationsgrejerna från tidigare så är det väl ganska givet. Jag hade kollat två saker bara: 1) att den nya inte har nån “barnsjukdom” (kolla recensioner efter ett par månader, inte bara dag-ett-hypen) och 2) att priset inte är så pass högt att du får 90% av upplevelsen med förra modellen på rea. Men ja, är den klart bättre och du använder grejen ofta – kör."
71,baseline,"Japp, har varit där… men du måste ju skriva vad du försöker få att funka. 😅 Vilket program/pryl/tjänst gäller det, vad är målet, och vad händer när du testar (felmeddelande, fastnar var)? Släng gärna in versioner och vad du redan provat så kan folk faktiskt hjälpa – annars blir det bara gissningar."
66,baseline,"Det låter som dokumentären om Sybil (tjejen med ”multipla personligheter”) – där brukar de visa dagboksanteckningar som skiljer sig mellan personligheterna. Den finns i olika versioner (en tv-film/”dokumentär”-aktig grej och senare dokumentärer om fallet). Kolla om du menar ”Sybil” eller någon av dokumentärerna om Shirley Mason. Minns du om den var svensktextad på TV4/Kanal 5 typ, eller mer som en renodlad dokumentär?"
59,baseline,"Beror lite på vad du ska ha den till, men spontant: ja, om du ändå är i behov av den så känns det som en rätt given uppgradering. Den nya versionen verkar ha fixat flera av de gamla nackdelarna och presterar bättre på det mesta. Däremot hade jag inte bytt “bara för att” om den gamla redan funkar fint – men står du inför köp nu är det svårt att motivera att välja en äldre variant. Kolla bara att den passar ditt användningsområde och att barnsjukdomarna (om det är en helt ny revision) inte är ett problem."
68,baseline,"Jaha, då var det dags igen… “ordningsproblem” vid Odenplan mitt i natten och så står hela gröna 17/18/19 still. SL:s standardfras som kan betyda allt från bråk till nån som klivit ner på spåret. Hoppas de löser det snabbt, men man vet ju hur det brukar sluta – ersättningsbussar och kaos."
72,baseline,"Japp, men du måste nästan skriva vad det är du försöker få att funka och på vilken plattform. “Pillat runt i månader” säger tyvärr inget om var det skiter sig. Vad är det du gör, vilket steg fastnar du på, och får du nåt felmeddelande/logg? Släng upp lite detaljer (gärna skärmdump eller config) så kan folk faktiskt hjälpa."
49,baseline,"Nja, jag skulle säga att “statusen” ser rätt olika ut beroende på vem du frågar. Bland allmänheten är advokat ofta lika med kostym, stora pengar och kändismål, så det får automatiskt mer glamour. Inom juristkåren är bilden mer nyanserad: åklagare har ofta hög respekt för sin roll, sin processvana och att de faktiskt driver tung brottslighet och har mycket ansvar tidigt i karriären. Det är dessutom en tydlig statlig karriär med bra utbildningsväg och “intern kvalitetssäkring”, vilket många jurister värderar.

Sen ska man komma ihåg att “advokat” spänner från toppbyrå M&A till ensampraktik med familjemål och allt däremellan. En del advokater anses absolut ha hög status (särskilt affärsjuridik), men det är inte per automatik högre status än en erfaren kammaråklagare eller specialiståklagare – snarare olika typer av prestige. Och i vissa kretsar är det nästan tvärtom: åklagare ses som mer “på riktigt” juridiskt hantverk medan advokat kan vara mer business/sälj beroende på inriktning.

Så ja: utanför kåren mer advokatgloria, inom kåren mer blandat och mycket kopplat till inriktning, skicklighet och vad man själv tycker är “fint”."
64,baseline,"Beror lite på vad du ska använda den till, men spontant: ja, om du ändå funderar på att uppgradera. Om den här faktiskt löser de klassiska irritationsgrejerna från tidigare versioner (stabilitet/byggkvalitet/prestanda eller vad det nu är) så är det ofta värt det. Men jag hade kollat två saker innan: 1) barnsjukdomar i första batchen (läs trådar/recensioner efter nån månad) och 2) om priset är rimligt eller om du får 90% av upplevelsen med förra modellen på rea. Är skillnaden tydlig i praktiken och inte bara på pappret – kör. Annars, vänta in en prisdump."
58,baseline,"Alltså utan mer kontext är det ju lite omöjligt att säga varför. “Titeln säger allt” brukar tyvärr betyda att ingen fattar vad som menas. Släng in vad det gäller, vad du har testat och gärna nån felkod/skärmdump så kan folk gissa mindre och hjälpa mer."
65,baseline,"Låter som att du menar dokumentären om dissociativ identitetsstörning (”multipla personligheter”) – men det finns några olika som liknar det du beskriver. Kan det vara ”Sybil” (även om det egentligen är en dramafilm/miniserie och inte ren dokumentär) eller någon av BBC/Discovery-grejerna om DID där de visar dagboksanteckningar som skiftar mellan alters? Kommer du ihåg ungefär vilket land/kanal, språk (svenska/engelska), och om tjejen var barn/tonåring? Om du minns typ titel-ord eller årtal så är det mycket lättare att pricka rätt."
63,baseline,"Beror lite på vad du ska ha den till, men ja – om den nya versionen faktiskt fixar barnsjukdomarna och du ändå funderat på att uppgradera så känns det rätt självklart. Jag hade kollat två grejer först bara: 1) finns det några oberoende tester som visar att förbättringarna märks i praktiken och inte bara på pappret, och 2) hur ser priset ut jämfört med förra modellen/alternativ. Är prisskillnaden rimlig och recensionerna inte flaggar för nya problem så kör. Annars kan man ofta vinna på att vänta någon månad tills hype:n lagt sig och ev. buggar/uppdateringar kommit."
70,baseline,"Kolla typ Care of Carl, Boozt eller NK/Åhléns online – de brukar ha Stenströms. Annars kan du testa Stenströms egen webshop och söka på “undershirt”/“undertröja”, ibland ligger de lite gömda i sortimentet. Om det är just “bara under skjortor” du menar (alltså tunna undershirts) så har även Herrainspiration/Volt ibland liknande, men Stenströms kan vara slut ofta."
81,baseline,"Kolla in Science Fiction Bokhandeln i Gamla Stan, de brukar ha rätt bra utbud av brädspel (även lite mer “nischade” titlar). Annars är Alphaspel i Hägersten typ standardtipset om du vill ha riktigt mycket att välja på – värt resan om du är seriöst spelsugen. Sen har även Webhallen ibland brädspel, men mer varierande. Ring gärna innan om du är ute efter just Diplomacy, det kan vara lite hit or miss i butik."
75,baseline,"Det är tyvärr rätt skralt med “riktiga” Mac-klienter fortfarande. Full Tilt/Stars är typ de enda som haft vettig native-klient länge, resten kör ofta via browser/HTML5 eller så får man köra Wine/CrossOver/Parallels om man absolut vill ha en exe-klient. Inom EU är det dessutom extra segt pga licenser/geo-block, så även om en sajt “har Mac” kan den vara låst för oss. Kolla först om sajten du är sugen på har ny Mac-app på sin egen downloadsida (de uppdaterar sällan gamla forumtrådar), annars är det nog virtualisering som gäller."
83,baseline,"Kolla in Alphaspel (vid Odenplan) och Dragons Lair på Kungsholmen, de har oftast mycket brädspel och kan ta hem om något saknas. SF Bokhandeln (Gamla Stan) brukar också ha ett helt okej utbud av både klassiker och nördgrejer. Annars är det värt att kika på Science Fiction-/spelhyllorna i större Akademibokhandeln-butiker, men Alphaspel är nog säkrast om du är ute efter typ Diplomacy/Catan."
79,baseline,"Kolla in Alphaspel vid Medborgarplatsen på Söder, de har oftast bra utbud av “riktiga” brädspel (inkl. Catan och liknande) och brukar kunna beställa hem om något saknas. SF Bokhandeln (Gamla stan/City) har också en hel del brädspel numera. Annars är Webhallen ibland värd en chans, men det är lite mer hit or miss. Diplomacy kan vara knepig i butik, men Alphaspel/SF kan ofta fixa via beställning."
80,baseline,"Kolla in Sci-Fi Bokhandeln i Gamla stan, de brukar ha rätt bra utbud av brädspel (både klassiker och nischgrejer). Sen är Alphaspel i Högdalen typ “meckat” för brädspel/figurspel och har ofta mer än de vanliga kedjorna. Dragon’s Lair vid Odenplan (om den fortfarande är igång) har också haft en hel del. Annars är Webhallen/Adlibris ibland okej men mer mainstream – vill du ha Diplomacy och sånt är det oftast specialbutikerna som gäller."
84,baseline,"Kolla in Alphaspel (vid Odenplan, de har bra utbud och kan ofta beställa hem om nåt är slut) och SF-Bokhandeln i Gamla stan – där brukar det finnas både Catan och en hel del “tyngre” titlar. Science Fiction Bokhandeln i Kulturhuset kan också vara värd en sväng beroende på vad som finns inne. Annars är det värt att kika på Spelexperten (online, men ibland snabb leverans till Sthlm) om du inte måste köpa i fysisk butik."
82,baseline,"Kolla in Alphaspel (vid Odenplan) om du vill ha “riktiga” brädspel, de brukar ha både klassiker och lite smalare titlar. Science Fiction Bokhandeln i Gamla stan har också en hel del brädspel. Annars är Webhallen ibland oväntat bra på Catan m.m. om du kan tänka dig deras butik/lagershop. Hittar du inte exakt titel i hyllan, fråga personalen – de kan ofta plocka fram eller beställa hem snabbt."
77,baseline,"Kör själv Mac och det är rätt tunt med ”riktiga” nedladdningsklienter tyvärr. Full Tilt är/var ju en av få som hade native, annars är det mest webbklienter numera. Inom EU/EES: PokerStars har Mac-klient (om den funkar i ditt land beror på licens), även 888 hade/har Mac-stöd på sina skins ibland, men kvaliteten varierar. Annars är standardlösningen fortfarande Boot Camp/Parallels med Windows om du vill ha fler nätverk. Kolla också att sajten faktiskt erbjuder EU-licens (Malta/Estland osv) så du inte låser in dig."
78,baseline,"Tror tyvärr det är rätt tunt med “riktiga” nedladdningsklienter till Mac fortfarande, de flesta kör via webben numera. Full Tilt är väl klassikern som faktiskt hade en Mac-klient, men annars är det ofta Wine/Parallels/Boot Camp som gäller om man vill köra Windows-klienterna. Inom EU är det mest webbläsaralternativ (typ PokerStars/Party m.fl. har ju pushat webb/”light”-lösningar), så frågan är mer om du kan tänka dig webben eller om du måste ha en native klient? Vilken macOS-version sitter du på? Det brukar avgöra om nåt ens startar."
76,baseline,"Tror tyvärr inte det hänt så mycket på “riktig” Mac-klient-fronten senaste tiden. Full Tilt är väl den klassiska, men annars har många EU-sajter kört på Windowsklient + workaround (Wine/CrossOver) eller webbaserat. PokerStars hade ju Mac-stöd länge (om du inte redan kollat), annars är det mest att man får välja mellan webclient eller köra Parallels/Boot Camp om man vill ha stabilitet. EU-mässigt är det ju också licensdjungel beroende på var du bor, så “inom EU” blir lite olika från land till land. Vilket land sitter du i? Då är det lättare att säga vilka som faktiskt funkar med Mac utan krångel."
86,baseline,"Nja, känns mest som en symbolfråga som inte säger så mycket. En extremist som vill in har ju noll problem att rabbla “rätt” svar på en intervjufråga om Vilks, yttrandefrihet eller vad som helst. Samtidigt riskerar det att bli en lojalitetstest-grej där helt vanliga människor hamnar i kläm för att de inte ens vet vem Vilks var, eller kommer från länder där man lärt sig att hålla käften om politik för att överleva. Vill man screena säkerhetsrisker får man nog lägga krutet på bakgrundskontroller, nätverk, resvägar, eventuella kopplingar och faktisk hotbild – inte en enskild “gotcha”-fråga som mest blir forumpoäng."
88,baseline,"Lugnt, det är nästan aldrig nån fara. Härsken krydda betyder i praktiken att fettet/oljorna i kryddblandningen oxiderat, så det smakar och luktar skumt men är sällan “giftigt” i den mängd man råkar få i sig. Värsta som brukar hända är typ lite magknip/illamående om man är känslig.

Håll koll på hur du mår närmaste timmarna: får du kraftiga magsmärtor, upprepade kräkningar, feber, blod i avföringen eller blir allmänt kass på riktigt – ring 1177 för råd. Annars är det mest bara att dricka lite vatten och slänga kryddan så du slipper samma grej igen."
73,baseline,"Japp, jag hade gyno (mest körtel, lite fett) och opererade för ett par år sen. Resultatet blev faktiskt riktigt bra, bröstet blev platt och mycket “mer normalt” i t-shirt. Första veckorna var det svullet och lite ojämnt så man ska inte få panik direkt, det satte sig mer efter typ 2–3 månader och fortsatte förbättras upp mot ett halvår.

Priset beror en del på om det är bara fettsugning eller om de plockar körteln också (ofta gör de båda). Jag betalade runt 35–45k på privatklinik inkl konsultation/kompressionsväst (minns inte exakt), men jag har sett allt från typ 25k till 60k beroende på stad/klinik och hur “omfattande” det är.

Tips: gå på konsultation hos minst två olika, fråga specifikt om de tar bort körteln via snitt runt vårtgården, hur de hanterar risk för inbuktning/ojämnhet och vad som ingår i priset (återbesök, ev korrigering). Om du har tydliga besvär kan det ibland gå via regionen, men det verkar variera massor och kötiderna kan vara sega."
85,baseline,"Alltså jag fattar hur du tänker, men det där känns mer som symbolpolitik än en vettig kontrollfråga. Lars Vilks är dessutom en så laddad markör att du mest kommer få inövade “rätta svar” eller missförstånd (många har ju knappt koll). Ska man göra säkerhetsprövning får man väl titta på faktiska kopplingar, beteenden och bakgrund, inte åsiktsfrågor om en enskild konstnär. Och var drar man gränsen sen – ska de tycka “rätt” om Muhammedkarikatyrer, koranbränningar, rondellhundar osv? Bättre att fråga generellt om syn på yttrandefrihet, våld och demokratiska värderingar, och sen följa upp med riktiga kontroller. Så ja, lite dum fråga som den är formulerad, även om intentionen är begriplig."
95,baseline,"Tror tyvärr den är borta ur sortimentet, har sett flera som letat utan att hitta. Ibland dyker den upp som “tillfällig vara” på typ Willys/ICA Maxi, men annars verkar den ha utgått. Kolla med butikens kundtjänst så kan de se i systemet om den ens går att beställa längre."
93,baseline,"Japp, den finns kvar vad jag vet, men den verkar ha blivit sjukt svår att få tag på. Har sett den sporadiskt på typ ICA Maxi/Coop Forum ibland, men den är ofta slutsåld eller så har de plockat bort den ur standardsortimentet. Tips: kolla “beställningsvaror”/be personalen söka i deras system eller testa Willys/Hemköp lite utanför stan – där har jag haft mest tur."
74,baseline,"Jag hade gynekomasti sen tonåren och gjorde operation för ett par år sen. Resultatet blev faktiskt riktigt bra, brösten försvann helt och det blev plattare än jag vågade hoppas på. Första veckorna var det svullet och lite “konstigt” runt vårtgården, men efter några månader började det se naturligt ut. Har kvar en minimal ojämnhet om jag spänner/bränner, men inget som stör.

Kostnad beror mycket på om det är “bara fett” (liposuction) eller riktig körtel som måste bort, och var man gör det. Privat fick jag offert på typ 30–45k, landade runt 38k inkl. kompressionsväst och återbesök. Har hört allt från 25k upp mot 60k beroende på klinik och omfattning. Via landstinget kan det gå men då ska det ofta vara uttalat och ge mycket besvär + att man måste ha utretts hormonellt först, och väntetiderna kan vara långa.

Tips: kolla att de gör ordentlig undersökning (ultraljud ibland), att kirurgen pratar om körtel vs fett, och räkna med att bära väst 4–6 veckor. Och ta före/efter-bilder på klinikens egna fall, inte bara “perfekta” marknadsbilder."
94,baseline,"Tror tyvärr den är utgången/ersatt i sortimentet. Jag har också jagat den i evigheter utan att se den i vanliga butiker längre. Kolla om den finns kvar hos tillverkaren eller på typ Willys/Hemköp online (ibland dyker den upp där), annars är nog enda chansen småbutiker med gammalt lager eller typ Mathem om de har restnoterat."
96,baseline,"Tror tyvärr den är utgången/utplockad ur sortimentet. Jag har också jagat den i evigheter utan napp, och flera butiker har sagt att leverantören slutat. Kolla om den finns via någon “hitta vara”-funktion (typ ICA/Coop/Willys) eller fråga kundtjänst – ibland dyker den upp som säsongsvara eller i någon enstaka butik, men annars är det nog kört."
87,baseline,"Alltså, jag fattar hur du tänker, men det där är nog en rätt kass ”testfråga” i praktiken. Dels blir det lätt en symbolfråga som bara mäter om personen kan läsa av vad som förväntas och säga rätt sak i intervjun. Dels är det rätt tveksamt att göra asylprövning till nån slags åsiktskontroll kring en specifik svensk konstnär – många nyanlända har ju knappt koll på vem Vilks är, och det säger inte automatiskt nåt om deras värderingar.

Vill man screena för extremism så är det bättre med riktiga bakgrundskontroller, samkörning av info, koll på nätverk/resor, ev. säkerhetsintervjuer när det finns indikationer – inte en ”gotcha”-fråga som folk kan memorera svar på. Sen är det klart att man ska kunna ställa frågor om syn på våld, demokrati, hot mot meningsmotståndare osv, men att hänga upp det på just Lars Vilks känns mest som att det kommer skapa brus och rättsosäkerhet."
92,baseline,Tror tyvärr den är utgången eller åtminstone sjukt svår att få tag på numera. Har också spanat i flera kedjor utan att se den på länge. Kolla om den finns listad på tillverkarens hemsida och mejla kundtjänst – ibland kan de säga om den bara är tillfälligt borta eller om den lagts ner helt. Ibland dyker den upp i “utländska hyllan” eller på Willys/City Gross lite random också.
97,baseline,"Japp, den finns kvar vad jag vet, men den verkar vara mer ”säsongsvara” nu än förr. Jag har sett den sporadiskt på ICA Maxi/Coop Forum, ofta lite undangömd eller bara i vissa butiker. Tips: kolla butikens webbshop/lagerstatus eller fråga i kassan så kan de ibland ta hem den. Ibland dyker den också upp i storpack/”importhyllan” beroende på vad det nu är du jagar."
90,baseline,"Lugnt, det vanligaste är bara att det smakar skit och eventuellt lite magknip/illamående om du är känslig. Härsket fett i kryddor är inte direkt “giftigt” i små mängder, mer att det kan irritera magen. Håll koll på hur du mår ett dygn: blir du kraftigt illamående, får kräkningar/diarré som inte ger sig, feber eller starka magsmärtor så ring 1177. Annars: drick lite vatten, ät som vanligt och släng burken."
98,baseline,"Japp, den finns kvar vad jag vet, men den verkar dyka upp mer sporadiskt nu. Har sett den ibland på Willys/City Gross och någon enstaka gång på ICA Maxi, men “vanliga” ICA/Coop har typ slutat ta in den. Tips: kolla även i storpack-/importhyllan eller fråga personalen om de kan ta hem den – ibland går den att beställa även om den inte står i hyllan. Jag letade också hur länge som helst innan den plötsligt fanns igen."
91,baseline,"Lugnt, “härsken” krydda är oftast mer en smak-/luktgrej än livsfarligt. Om den smakat unket/fettigt kan du i värsta fall få lite magknip, illamående eller skum mage, men för de flesta går det över av sig självt. Håll koll på hur du mår kommande timmar/dygn, drick lite vatten och ta det lugnt med maten om magen känns konstig. Skulle du få kraftiga symptom (ihållande kräkningar/diarré, feber, blod i avföring, ordentlig buksmärta eller bli riktigt medtagen) så är det 1177/vårdcentral som gäller. Annars: släng burken och gå vidare."
89,baseline,"Alltså, oftast händer det typ… inget mer än att magen kan bli lite sur. Härsken krydda betyder ju att fettet/oljorna i blandningen oxiderat, så smaken blir kass och man kan må illa, få magknip eller lite diarré om man har otur. Men det är sällan “farligt” i den meningen att du blir förgiftad om du inte tryckt i dig mängder eller om det också var mögel/konstiga klumpar/lukt av gammal källare.

Håll koll på symtom bara: illamående, kräkningar, diarré, feber. Blir du riktigt dålig, får blod i avföring/kräkning, hög feber eller om det inte går över på ett dygn-ish → ring 1177 och kolla läget. Annars: drick vatten, ta det lugnt med mat ett tag och släng kryddan."
99,baseline,"Tror tyvärr den är utgången/discontinued. Jag har också spanat i typ Ica/Coop/Willys och aldrig sett den på länge. Kolla om de kan ta hem via beställningssortimentet eller fråga tillverkaren direkt, men känns som den försvunnit ur hyllorna tyvärr."
