doc_index,register,n_tokens,n_sents,pos_counts_json,n_unique_lemmas,top_deprel_json
0,formal,146,8,"{""ADJ"": 15, ""ADP"": 27, ""ADV"": 1, ""AUX"": 3, ""CCONJ"": 6, ""DET"": 6, ""NOUN"": 51, ""NUM"": 1, ""PART"": 3, ""PRON"": 3, ""PUNCT"": 11, ""SCONJ"": 4, ""VERB"": 15}",90,"{""case"": 23, ""nmod"": 14, ""amod"": 12, ""punct"": 11, ""mark"": 10, ""nsubj"": 8, ""ROOT"": 8, ""fixed"": 7, ""obj"": 7, ""obl"": 7, ""conj"": 6, ""det"": 6}"
1,formal,218,12,"{""ADJ"": 21, ""ADP"": 34, ""ADV"": 7, ""AUX"": 6, ""CCONJ"": 10, ""DET"": 6, ""NOUN"": 69, ""NUM"": 7, ""PART"": 1, ""PRON"": 12, ""PROPN"": 2, ""PUNCT"": 18, ""SCONJ"": 4, ""VERB"": 21}",107,"{""case"": 32, ""nmod"": 18, ""punct"": 17, ""amod"": 16, ""nsubj"": 15, ""obl"": 15, ""conj"": 13, ""ROOT"": 12, ""cc"": 11, ""nmod:poss"": 8, ""mark"": 7, ""obj"": 7}"
2,formal,255,11,"{""ADJ"": 12, ""ADP"": 38, ""ADV"": 16, ""AUX"": 22, ""CCONJ"": 11, ""DET"": 9, ""NOUN"": 56, ""NUM"": 2, ""PART"": 7, ""PRON"": 29, ""PUNCT"": 16, ""SCONJ"": 9, ""VERB"": 28}",99,"{""case"": 32, ""nsubj"": 24, ""obl"": 22, ""aux"": 17, ""punct"": 16, ""advmod"": 16, ""mark"": 16, ""obj"": 12, ""ROOT"": 11, ""amod"": 11, ""cc"": 11, ""det"": 10}"
3,formal,105,5,"{""ADJ"": 11, ""ADP"": 14, ""ADV"": 3, ""AUX"": 6, ""CCONJ"": 8, ""DET"": 5, ""NOUN"": 30, ""NUM"": 2, ""PART"": 1, ""PRON"": 6, ""PUNCT"": 7, ""SCONJ"": 4, ""VERB"": 8}",68,"{""case"": 14, ""cc"": 10, ""obl"": 9, ""amod"": 8, ""nsubj"": 8, ""punct"": 7, ""conj"": 7, ""obj"": 7, ""advmod"": 5, ""ROOT"": 5, ""det"": 5, ""nmod:poss"": 4}"
4,formal,134,6,"{""ADJ"": 11, ""ADP"": 19, ""ADV"": 4, ""AUX"": 1, ""CCONJ"": 9, ""DET"": 9, ""NOUN"": 40, ""NUM"": 3, ""PART"": 1, ""PRON"": 7, ""PUNCT"": 12, ""SCONJ"": 3, ""SYM"": 1, ""VERB"": 14}",69,"{""case"": 18, ""punct"": 12, ""obl"": 11, ""amod"": 10, ""det"": 9, ""nmod"": 8, ""cc"": 8, ""conj"": 8, ""nsubj"": 7, ""ROOT"": 6, ""nsubj:pass"": 6, ""mark"": 4}"
5,formal,104,7,"{""ADJ"": 6, ""ADP"": 13, ""ADV"": 6, ""AUX"": 6, ""CCONJ"": 2, ""DET"": 7, ""NOUN"": 22, ""NUM"": 2, ""PART"": 1, ""PRON"": 11, ""PROPN"": 7, ""PUNCT"": 9, ""SCONJ"": 1, ""VERB"": 11}",51,"{""nsubj"": 11, ""det"": 9, ""amod"": 9, ""case"": 9, ""punct"": 9, ""obj"": 8, ""ROOT"": 7, ""advmod"": 7, ""obl"": 6, ""nmod"": 6, ""nmod:poss"": 4, ""mark"": 3}"
6,formal,255,12,"{""ADJ"": 26, ""ADP"": 36, ""ADV"": 20, ""AUX"": 11, ""CCONJ"": 10, ""DET"": 20, ""NOUN"": 61, ""NUM"": 6, ""PART"": 4, ""PRON"": 16, ""PROPN"": 2, ""PUNCT"": 18, ""SCONJ"": 4, ""VERB"": 21}",117,"{""case"": 29, ""amod"": 22, ""det"": 21, ""punct"": 18, ""obl"": 18, ""advmod"": 17, ""nsubj"": 15, ""nmod"": 13, ""ROOT"": 12, ""mark"": 12, ""cc"": 10, ""conj"": 9}"
7,formal,163,8,"{""ADJ"": 28, ""ADP"": 23, ""ADV"": 8, ""AUX"": 4, ""CCONJ"": 11, ""DET"": 10, ""NOUN"": 46, ""PART"": 2, ""PRON"": 2, ""PROPN"": 1, ""PUNCT"": 10, ""SCONJ"": 6, ""VERB"": 12}",87,"{""case"": 21, ""amod"": 20, ""conj"": 12, ""det"": 11, ""cc"": 11, ""obl"": 11, ""nsubj"": 10, ""punct"": 10, ""mark"": 9, ""ROOT"": 8, ""advmod"": 8, ""nmod"": 7}"
8,formal,226,11,"{""ADJ"": 19, ""ADP"": 38, ""ADV"": 10, ""AUX"": 11, ""CCONJ"": 9, ""DET"": 17, ""NOUN"": 57, ""NUM"": 2, ""PART"": 8, ""PRON"": 8, ""PROPN"": 4, ""PUNCT"": 14, ""SCONJ"": 5, ""VERB"": 24}",112,"{""case"": 28, ""mark"": 20, ""amod"": 19, ""obl"": 18, ""det"": 17, ""punct"": 14, ""nmod"": 13, ""nsubj"": 13, ""ROOT"": 11, ""obj"": 11, ""aux"": 8, ""cc"": 8}"
9,formal,130,9,"{""ADJ"": 6, ""ADP"": 19, ""ADV"": 5, ""AUX"": 5, ""CCONJ"": 6, ""DET"": 5, ""NOUN"": 43, ""NUM"": 2, ""PRON"": 6, ""PROPN"": 9, ""PUNCT"": 14, ""SCONJ"": 1, ""VERB"": 9}",76,"{""case"": 17, ""punct"": 15, ""nmod"": 13, ""nsubj"": 10, ""conj"": 10, ""ROOT"": 9, ""amod"": 6, ""cc"": 6, ""obl"": 6, ""obj"": 6, ""cop"": 5, ""det"": 5}"
10,formal,141,8,"{""ADJ"": 14, ""ADP"": 19, ""ADV"": 4, ""AUX"": 5, ""CCONJ"": 4, ""DET"": 6, ""NOUN"": 43, ""NUM"": 4, ""PART"": 1, ""PRON"": 3, ""PROPN"": 1, ""PUNCT"": 17, ""SCONJ"": 2, ""VERB"": 18}",80,"{""case"": 17, ""punct"": 17, ""nsubj"": 13, ""amod"": 12, ""obl"": 10, ""ROOT"": 8, ""det"": 7, ""nmod"": 7, ""obj"": 7, ""conj"": 7, ""advmod"": 4, ""cc"": 4}"
11,formal,359,13,"{""ADJ"": 32, ""ADP"": 68, ""ADV"": 12, ""AUX"": 9, ""CCONJ"": 21, ""DET"": 17, ""NOUN"": 116, ""NUM"": 4, ""PART"": 4, ""PRON"": 16, ""PROPN"": 1, ""PUNCT"": 31, ""SCONJ"": 5, ""VERB"": 23}",168,"{""case"": 63, ""nmod"": 40, ""punct"": 31, ""amod"": 29, ""obl"": 22, ""conj"": 21, ""cc"": 20, ""nsubj"": 19, ""det"": 17, ""advmod"": 14, ""ROOT"": 13, ""mark"": 11}"
12,formal,219,13,"{""ADJ"": 31, ""ADP"": 33, ""ADV"": 14, ""AUX"": 13, ""CCONJ"": 2, ""DET"": 13, ""NOUN"": 49, ""NUM"": 1, ""PART"": 4, ""PRON"": 15, ""PUNCT"": 12, ""SCONJ"": 10, ""VERB"": 22}",104,"{""case"": 30, ""amod"": 17, ""obl"": 17, ""advmod"": 15, ""det"": 13, ""ROOT"": 13, ""nsubj"": 13, ""mark"": 13, ""punct"": 12, ""obj"": 12, ""nmod"": 11, ""cop"": 8}"
13,formal,113,5,"{""ADJ"": 10, ""ADP"": 12, ""ADV"": 5, ""AUX"": 3, ""CCONJ"": 6, ""DET"": 3, ""NOUN"": 28, ""NUM"": 5, ""PART"": 2, ""PRON"": 5, ""PROPN"": 7, ""PUNCT"": 12, ""SCONJ"": 2, ""VERB"": 13}",71,"{""punct"": 12, ""case"": 11, ""nmod"": 10, ""amod"": 10, ""cc"": 6, ""conj"": 6, ""nsubj"": 6, ""ROOT"": 5, ""nsubj:pass"": 5, ""obj"": 5, ""mark"": 5, ""advmod"": 4}"
14,formal,341,19,"{""ADJ"": 29, ""ADP"": 52, ""ADV"": 25, ""AUX"": 13, ""CCONJ"": 25, ""DET"": 7, ""NOUN"": 91, ""NUM"": 22, ""PART"": 6, ""PRON"": 8, ""PROPN"": 1, ""PUNCT"": 29, ""SCONJ"": 5, ""VERB"": 28}",106,"{""case"": 48, ""nmod"": 34, ""punct"": 33, ""nsubj"": 25, ""cc"": 25, ""amod"": 20, ""ROOT"": 19, ""advmod"": 19, ""obl"": 19, ""conj"": 19, ""mark"": 10, ""nummod"": 10}"
15,formal,250,14,"{""ADJ"": 16, ""ADP"": 20, ""ADV"": 6, ""AUX"": 6, ""CCONJ"": 20, ""DET"": 9, ""NOUN"": 80, ""NUM"": 28, ""PART"": 3, ""PRON"": 2, ""PROPN"": 2, ""PUNCT"": 35, ""SCONJ"": 2, ""VERB"": 21}",73,"{""punct"": 36, ""conj"": 22, ""case"": 19, ""cc"": 19, ""nummod"": 19, ""nmod"": 17, ""obl"": 15, ""nsubj"": 15, ""amod"": 15, ""obj"": 15, ""ROOT"": 14, ""det"": 9}"
16,formal,248,13,"{""ADJ"": 25, ""ADP"": 34, ""ADV"": 15, ""AUX"": 7, ""CCONJ"": 16, ""DET"": 11, ""NOUN"": 71, ""PART"": 6, ""PRON"": 8, ""PROPN"": 2, ""PUNCT"": 21, ""SCONJ"": 4, ""VERB"": 28}",124,"{""case"": 27, ""amod"": 21, ""punct"": 21, ""conj"": 18, ""cc"": 16, ""mark"": 16, ""obl"": 15, ""nmod"": 14, ""ROOT"": 13, ""advmod"": 13, ""det"": 11, ""nsubj"": 10}"
17,formal,262,17,"{""ADJ"": 25, ""ADP"": 35, ""ADV"": 13, ""AUX"": 6, ""CCONJ"": 10, ""DET"": 9, ""NOUN"": 77, ""NUM"": 6, ""PART"": 7, ""PRON"": 8, ""PROPN"": 10, ""PUNCT"": 21, ""SCONJ"": 5, ""SYM"": 1, ""VERB"": 29}",135,"{""case"": 34, ""nmod"": 23, ""punct"": 21, ""amod"": 18, ""ROOT"": 17, ""obl"": 16, ""conj"": 15, ""advmod"": 13, ""mark"": 12, ""cc"": 12, ""obj"": 12, ""nsubj:pass"": 11}"
18,formal,137,7,"{""ADJ"": 7, ""ADP"": 16, ""ADV"": 12, ""AUX"": 7, ""CCONJ"": 5, ""DET"": 9, ""NOUN"": 31, ""NUM"": 2, ""PART"": 3, ""PRON"": 8, ""PROPN"": 4, ""PUNCT"": 11, ""SCONJ"": 2, ""VERB"": 20}",87,"{""case"": 13, ""nsubj"": 11, ""punct"": 11, ""obl"": 10, ""advmod"": 10, ""det"": 9, ""obj"": 8, ""ROOT"": 7, ""aux"": 6, ""mark"": 6, ""amod"": 5, ""cc"": 5}"
19,formal,152,6,"{""ADJ"": 13, ""ADP"": 20, ""ADV"": 4, ""AUX"": 11, ""CCONJ"": 5, ""DET"": 17, ""NOUN"": 33, ""NUM"": 4, ""PART"": 5, ""PRON"": 12, ""PUNCT"": 8, ""SCONJ"": 4, ""VERB"": 16}",71,"{""det"": 18, ""case"": 17, ""nsubj"": 12, ""amod"": 9, ""punct"": 8, ""mark"": 8, ""advmod"": 7, ""nmod"": 7, ""obl"": 7, ""cop"": 7, ""obj"": 7, ""ROOT"": 6}"
20,formal,108,4,"{""ADJ"": 12, ""ADP"": 12, ""ADV"": 12, ""AUX"": 5, ""CCONJ"": 2, ""DET"": 8, ""NOUN"": 21, ""PART"": 6, ""PRON"": 4, ""PROPN"": 1, ""PUNCT"": 5, ""SCONJ"": 4, ""VERB"": 16}",65,"{""mark"": 16, ""advmod"": 12, ""advcl"": 9, ""obj"": 8, ""det"": 7, ""amod"": 7, ""case"": 6, ""punct"": 6, ""nsubj"": 5, ""obl"": 5, ""ROOT"": 4, ""nsubj:pass"": 4}"
21,formal,55,3,"{""ADJ"": 4, ""ADP"": 14, ""ADV"": 1, ""CCONJ"": 1, ""DET"": 2, ""NOUN"": 20, ""PART"": 1, ""PRON"": 3, ""PUNCT"": 3, ""VERB"": 6}",44,"{""case"": 12, ""nmod"": 8, ""obl"": 5, ""amod"": 4, ""ROOT"": 3, ""fixed"": 3, ""punct"": 3, ""nsubj:pass"": 2, ""acl:relcl"": 2, ""det"": 2, ""conj"": 2, ""nsubj"": 2}"
22,formal,218,11,"{""ADJ"": 14, ""ADP"": 30, ""ADV"": 4, ""AUX"": 11, ""CCONJ"": 8, ""DET"": 17, ""NOUN"": 66, ""NUM"": 3, ""PART"": 6, ""PRON"": 11, ""PROPN"": 6, ""PUNCT"": 19, ""SCONJ"": 2, ""VERB"": 21}",105,"{""case"": 25, ""punct"": 19, ""det"": 17, ""amod"": 14, ""obj"": 14, ""nsubj"": 13, ""mark"": 13, ""nmod"": 12, ""ROOT"": 11, ""obl"": 11, ""conj"": 11, ""nsubj:pass"": 9}"
23,formal,180,8,"{""ADJ"": 13, ""ADP"": 27, ""ADV"": 9, ""AUX"": 10, ""CCONJ"": 8, ""DET"": 7, ""NOUN"": 52, ""NUM"": 3, ""PART"": 8, ""PRON"": 8, ""PROPN"": 2, ""PUNCT"": 10, ""SCONJ"": 2, ""VERB"": 21}",97,"{""case"": 24, ""nmod"": 16, ""nsubj"": 13, ""amod"": 12, ""advmod"": 11, ""conj"": 10, ""obj"": 10, ""punct"": 10, ""mark"": 10, ""obl"": 9, ""cc"": 8, ""ROOT"": 8}"
24,formal,270,15,"{""ADJ"": 38, ""ADP"": 35, ""ADV"": 12, ""AUX"": 6, ""CCONJ"": 16, ""DET"": 13, ""NOUN"": 77, ""NUM"": 1, ""PART"": 5, ""PRON"": 8, ""PUNCT"": 23, ""SCONJ"": 7, ""VERB"": 29}",130,"{""case"": 35, ""amod"": 28, ""punct"": 23, ""obl"": 18, ""cc"": 16, ""conj"": 16, ""ROOT"": 15, ""nmod"": 15, ""det"": 13, ""nsubj"": 13, ""obj"": 13, ""mark"": 11}"
25,formal,1151,61,"{""ADJ"": 85, ""ADP"": 129, ""ADV"": 56, ""AUX"": 35, ""CCONJ"": 50, ""DET"": 58, ""NOUN"": 342, ""NUM"": 11, ""PART"": 25, ""PRON"": 73, ""PROPN"": 24, ""PUNCT"": 118, ""SCONJ"": 17, ""SYM"": 15, ""VERB"": 113}",417,"{""punct"": 118, ""case"": 107, ""conj"": 91, ""nsubj"": 82, ""amod"": 72, ""ROOT"": 61, ""obl"": 61, ""cc"": 61, ""det"": 58, ""nmod"": 57, ""mark"": 55, ""nmod:poss"": 49}"
26,formal,79,4,"{""ADJ"": 8, ""ADP"": 11, ""ADV"": 4, ""AUX"": 1, ""CCONJ"": 9, ""NOUN"": 30, ""NUM"": 1, ""PRON"": 2, ""PUNCT"": 4, ""VERB"": 9}",47,"{""case"": 11, ""conj"": 10, ""cc"": 9, ""amod"": 8, ""nsubj"": 6, ""obl"": 6, ""nmod"": 5, ""ROOT"": 4, ""obj"": 4, ""punct"": 4, ""acl:relcl"": 2, ""advmod"": 2}"
27,formal,140,7,"{""ADJ"": 7, ""ADP"": 19, ""ADV"": 7, ""AUX"": 8, ""CCONJ"": 5, ""DET"": 11, ""NOUN"": 32, ""NUM"": 1, ""PART"": 8, ""PRON"": 10, ""PROPN"": 1, ""PUNCT"": 10, ""SCONJ"": 2, ""VERB"": 19}",83,"{""case"": 16, ""nsubj"": 11, ""det"": 11, ""mark"": 10, ""punct"": 10, ""advmod"": 10, ""nmod"": 8, ""obj"": 8, ""ROOT"": 7, ""obl"": 6, ""aux"": 5, ""cc"": 5}"
28,formal,244,15,"{""ADJ"": 30, ""ADP"": 36, ""ADV"": 8, ""AUX"": 4, ""CCONJ"": 6, ""DET"": 22, ""NOUN"": 59, ""NUM"": 5, ""PART"": 5, ""PRON"": 15, ""PUNCT"": 20, ""SCONJ"": 6, ""VERB"": 28}",123,"{""case"": 32, ""amod"": 27, ""det"": 22, ""obl"": 20, ""punct"": 19, ""ROOT"": 15, ""mark"": 13, ""nsubj"": 12, ""nmod"": 11, ""obj"": 8, ""cc"": 7, ""advmod"": 7}"
29,formal,207,9,"{""ADJ"": 15, ""ADP"": 31, ""ADV"": 7, ""AUX"": 12, ""CCONJ"": 9, ""DET"": 15, ""NOUN"": 53, ""NUM"": 2, ""PART"": 7, ""PRON"": 10, ""PUNCT"": 9, ""SCONJ"": 8, ""VERB"": 29}",97,"{""mark"": 23, ""case"": 21, ""nsubj"": 16, ""det"": 16, ""nmod"": 11, ""obj"": 11, ""amod"": 9, ""ROOT"": 9, ""ccomp"": 9, ""cc"": 9, ""conj"": 9, ""advmod"": 9}"
30,formal,284,13,"{""ADJ"": 24, ""ADP"": 39, ""ADV"": 20, ""AUX"": 10, ""CCONJ"": 20, ""DET"": 9, ""NOUN"": 83, ""NUM"": 1, ""PART"": 1, ""PRON"": 14, ""PROPN"": 1, ""PUNCT"": 20, ""SCONJ"": 8, ""VERB"": 34}",144,"{""case"": 37, ""nsubj"": 23, ""advmod"": 20, ""obl"": 20, ""punct"": 20, ""cc"": 19, ""amod"": 18, ""conj"": 17, ""nmod"": 16, ""ROOT"": 13, ""mark"": 10, ""obj"": 9}"
31,formal,86,4,"{""ADJ"": 4, ""ADP"": 12, ""ADV"": 4, ""AUX"": 8, ""CCONJ"": 4, ""DET"": 3, ""NOUN"": 22, ""NUM"": 1, ""PART"": 3, ""PRON"": 8, ""PROPN"": 1, ""PUNCT"": 4, ""SCONJ"": 1, ""VERB"": 11}",55,"{""case"": 10, ""nmod"": 7, ""obj"": 7, ""mark"": 6, ""nsubj"": 6, ""conj"": 5, ""obl"": 5, ""aux"": 5, ""ROOT"": 4, ""punct"": 4, ""cc"": 4, ""advmod"": 4}"
32,formal,255,11,"{""ADJ"": 12, ""ADP"": 38, ""ADV"": 16, ""AUX"": 22, ""CCONJ"": 11, ""DET"": 9, ""NOUN"": 56, ""NUM"": 2, ""PART"": 7, ""PRON"": 29, ""PUNCT"": 16, ""SCONJ"": 9, ""VERB"": 28}",99,"{""case"": 32, ""nsubj"": 24, ""obl"": 22, ""aux"": 17, ""punct"": 16, ""advmod"": 16, ""mark"": 16, ""obj"": 12, ""ROOT"": 11, ""amod"": 11, ""cc"": 11, ""det"": 10}"
33,formal,224,13,"{""ADJ"": 14, ""ADP"": 37, ""ADV"": 14, ""AUX"": 8, ""CCONJ"": 7, ""DET"": 13, ""NOUN"": 63, ""PART"": 4, ""PRON"": 14, ""PROPN"": 1, ""PUNCT"": 16, ""SCONJ"": 6, ""VERB"": 27}",119,"{""case"": 29, ""nsubj"": 21, ""obl"": 20, ""punct"": 16, ""mark"": 14, ""det"": 13, ""ROOT"": 13, ""advmod"": 12, ""nmod"": 11, ""obj"": 9, ""amod"": 9, ""cc"": 7}"
34,formal,205,11,"{""ADJ"": 22, ""ADP"": 27, ""ADV"": 3, ""AUX"": 12, ""CCONJ"": 14, ""DET"": 14, ""NOUN"": 53, ""NUM"": 1, ""PART"": 5, ""PRON"": 9, ""PROPN"": 2, ""PUNCT"": 18, ""SCONJ"": 5, ""VERB"": 20}",99,"{""case"": 24, ""punct"": 18, ""conj"": 16, ""det"": 15, ""cc"": 14, ""nsubj"": 12, ""mark"": 12, ""ROOT"": 11, ""obj"": 10, ""amod"": 10, ""obl"": 10, ""nmod"": 9}"
35,formal,88,3,"{""ADJ"": 5, ""ADP"": 13, ""ADV"": 8, ""AUX"": 4, ""CCONJ"": 5, ""DET"": 4, ""NOUN"": 13, ""PART"": 5, ""PRON"": 9, ""PROPN"": 4, ""PUNCT"": 5, ""SCONJ"": 1, ""VERB"": 12}",57,"{""mark"": 10, ""case"": 7, ""obj"": 6, ""advmod"": 6, ""nsubj"": 5, ""amod"": 5, ""punct"": 5, ""cc"": 5, ""conj"": 5, ""advcl"": 5, ""det"": 4, ""compound:prt"": 4}"
36,formal,423,19,"{""ADJ"": 38, ""ADP"": 55, ""ADV"": 21, ""AUX"": 19, ""CCONJ"": 21, ""DET"": 21, ""NOUN"": 99, ""PART"": 14, ""PRON"": 47, ""PUNCT"": 22, ""SCONJ"": 12, ""VERB"": 54}",175,"{""case"": 47, ""nsubj"": 33, ""amod"": 30, ""obj"": 29, ""mark"": 28, ""obl"": 26, ""det"": 24, ""advmod"": 22, ""punct"": 22, ""cc"": 21, ""ROOT"": 19, ""conj"": 19}"
37,formal,205,8,"{""ADJ"": 22, ""ADP"": 22, ""ADV"": 8, ""AUX"": 10, ""CCONJ"": 5, ""DET"": 15, ""NOUN"": 52, ""NUM"": 6, ""PART"": 5, ""PRON"": 11, ""PROPN"": 3, ""PUNCT"": 8, ""SCONJ"": 11, ""VERB"": 27}",108,"{""case"": 19, ""obl"": 16, ""det"": 16, ""nsubj"": 15, ""mark"": 14, ""amod"": 12, ""advmod"": 10, ""obj"": 10, ""punct"": 9, ""ROOT"": 8, ""aux"": 7, ""xcomp"": 7}"
38,formal,468,26,"{""ADJ"": 43, ""ADP"": 73, ""ADV"": 17, ""AUX"": 10, ""CCONJ"": 25, ""DET"": 10, ""INTJ"": 2, ""NOUN"": 135, ""NUM"": 7, ""PART"": 7, ""PRON"": 14, ""PROPN"": 27, ""PUNCT"": 50, ""SCONJ"": 5, ""SYM"": 1, ""VERB"": 42}",213,"{""case"": 70, ""punct"": 50, ""nmod"": 48, ""obl"": 40, ""amod"": 31, ""ROOT"": 26, ""cc"": 26, ""conj"": 24, ""nsubj"": 21, ""advmod"": 16, ""nsubj:pass"": 16, ""obj"": 13}"
39,formal,140,9,"{""ADJ"": 17, ""ADP"": 15, ""ADV"": 9, ""AUX"": 6, ""CCONJ"": 3, ""DET"": 12, ""NOUN"": 38, ""NUM"": 5, ""PART"": 1, ""PRON"": 5, ""PROPN"": 1, ""PUNCT"": 10, ""SCONJ"": 3, ""SYM"": 2, ""VERB"": 13}",84,"{""case"": 15, ""amod"": 13, ""det"": 12, ""punct"": 11, ""nmod"": 10, ""ROOT"": 9, ""advmod"": 8, ""nsubj"": 7, ""obl"": 7, ""obj"": 6, ""nummod"": 5, ""nsubj:pass"": 4}"
40,formal,198,12,"{""ADJ"": 19, ""ADP"": 25, ""ADV"": 13, ""AUX"": 6, ""CCONJ"": 7, ""DET"": 11, ""NOUN"": 51, ""NUM"": 2, ""PART"": 8, ""PRON"": 14, ""PROPN"": 2, ""PUNCT"": 12, ""SCONJ"": 4, ""VERB"": 24}",102,"{""case"": 19, ""mark"": 18, ""obj"": 14, ""amod"": 13, ""nsubj"": 13, ""obl"": 13, ""ROOT"": 12, ""punct"": 12, ""advmod"": 12, ""det"": 11, ""cc"": 8, ""conj"": 6}"
41,formal,159,10,"{""ADJ"": 23, ""ADP"": 19, ""ADV"": 9, ""AUX"": 5, ""CCONJ"": 11, ""DET"": 7, ""NOUN"": 41, ""NUM"": 2, ""PART"": 1, ""PRON"": 5, ""PUNCT"": 14, ""SCONJ"": 6, ""VERB"": 16}",94,"{""case"": 19, ""amod"": 15, ""punct"": 14, ""nmod"": 11, ""ROOT"": 10, ""cc"": 10, ""conj"": 10, ""advmod"": 9, ""nsubj"": 8, ""det"": 8, ""obl"": 7, ""mark"": 6}"
42,formal,208,9,"{""ADJ"": 15, ""ADP"": 37, ""ADV"": 8, ""AUX"": 6, ""CCONJ"": 10, ""DET"": 12, ""NOUN"": 62, ""NUM"": 1, ""PART"": 3, ""PRON"": 11, ""PROPN"": 8, ""PUNCT"": 12, ""SCONJ"": 4, ""SYM"": 2, ""VERB"": 17}",93,"{""case"": 32, ""nmod"": 22, ""amod"": 14, ""nsubj"": 13, ""cc"": 13, ""det"": 12, ""punct"": 12, ""conj"": 12, ""nmod:poss"": 11, ""mark"": 10, ""ROOT"": 9, ""obl"": 8}"
43,formal,152,14,"{""ADJ"": 4, ""ADP"": 14, ""ADV"": 4, ""AUX"": 8, ""CCONJ"": 13, ""DET"": 2, ""NOUN"": 52, ""NUM"": 2, ""PART"": 5, ""PROPN"": 2, ""PUNCT"": 22, ""SCONJ"": 2, ""VERB"": 22}",73,"{""punct"": 22, ""conj"": 16, ""ROOT"": 14, ""cc"": 13, ""obj"": 12, ""case"": 11, ""mark"": 10, ""nsubj"": 7, ""nmod"": 6, ""xcomp"": 6, ""obl"": 6, ""aux"": 4}"
44,formal,222,10,"{""ADJ"": 27, ""ADP"": 33, ""ADV"": 2, ""AUX"": 6, ""CCONJ"": 14, ""DET"": 13, ""NOUN"": 71, ""NUM"": 2, ""PART"": 5, ""PRON"": 8, ""PUNCT"": 21, ""SCONJ"": 4, ""SYM"": 1, ""VERB"": 15}",110,"{""case"": 31, ""conj"": 23, ""punct"": 21, ""nmod"": 19, ""amod"": 18, ""cc"": 14, ""det"": 13, ""ROOT"": 10, ""nsubj"": 10, ""mark"": 9, ""obl"": 9, ""nmod:poss"": 8}"
45,formal,164,8,"{""ADJ"": 9, ""ADP"": 18, ""ADV"": 9, ""AUX"": 12, ""CCONJ"": 8, ""DET"": 13, ""NOUN"": 48, ""NUM"": 2, ""PART"": 1, ""PRON"": 5, ""PROPN"": 8, ""PUNCT"": 13, ""SCONJ"": 6, ""VERB"": 12}",83,"{""case"": 19, ""det"": 13, ""nmod"": 13, ""punct"": 13, ""nsubj"": 12, ""conj"": 10, ""nmod:poss"": 9, ""aux"": 8, ""ROOT"": 8, ""cc"": 8, ""amod"": 8, ""obl"": 7}"
46,formal,150,10,"{""ADJ"": 11, ""ADP"": 20, ""ADV"": 7, ""AUX"": 6, ""CCONJ"": 5, ""DET"": 10, ""NOUN"": 43, ""NUM"": 3, ""PART"": 3, ""PRON"": 11, ""PUNCT"": 14, ""SCONJ"": 2, ""VERB"": 15}",84,"{""case"": 19, ""punct"": 14, ""obl"": 12, ""nsubj"": 10, ""ROOT"": 10, ""det"": 10, ""amod"": 9, ""obj"": 8, ""conj"": 8, ""nmod"": 6, ""nmod:poss"": 5, ""aux"": 5}"
47,formal,123,6,"{""ADJ"": 9, ""ADP"": 16, ""ADV"": 5, ""AUX"": 5, ""CCONJ"": 8, ""DET"": 4, ""NOUN"": 42, ""NUM"": 1, ""PART"": 1, ""PRON"": 6, ""PUNCT"": 7, ""SCONJ"": 5, ""VERB"": 14}",68,"{""case"": 15, ""amod"": 10, ""obj"": 9, ""nsubj"": 9, ""conj"": 9, ""mark"": 8, ""obl"": 8, ""cc"": 8, ""punct"": 7, ""ROOT"": 6, ""det"": 4, ""nmod"": 4}"
48,formal,327,18,"{""ADJ"": 16, ""ADP"": 42, ""ADV"": 12, ""AUX"": 16, ""CCONJ"": 10, ""DET"": 19, ""NOUN"": 98, ""NUM"": 7, ""PART"": 8, ""PRON"": 22, ""PROPN"": 2, ""PUNCT"": 39, ""SCONJ"": 8, ""SYM"": 1, ""VERB"": 27}",130,"{""punct"": 39, ""case"": 36, ""nsubj"": 21, ""det"": 19, ""obl"": 19, ""ROOT"": 18, ""nmod"": 17, ""nmod:poss"": 15, ""conj"": 14, ""mark"": 14, ""advmod"": 13, ""obj"": 13}"
49,formal,108,5,"{""ADJ"": 7, ""ADP"": 18, ""ADV"": 3, ""AUX"": 1, ""CCONJ"": 6, ""DET"": 4, ""NOUN"": 34, ""NUM"": 1, ""PART"": 4, ""PRON"": 3, ""PUNCT"": 6, ""SCONJ"": 4, ""VERB"": 17}",68,"{""mark"": 11, ""case"": 11, ""nsubj"": 9, ""conj"": 7, ""obl"": 7, ""cc"": 6, ""obj"": 6, ""amod"": 6, ""punct"": 6, ""ROOT"": 5, ""advcl"": 5, ""fixed"": 4}"
50,formal,145,9,"{""ADJ"": 11, ""ADP"": 18, ""ADV"": 7, ""AUX"": 8, ""CCONJ"": 4, ""DET"": 15, ""NOUN"": 41, ""NUM"": 1, ""PART"": 3, ""PRON"": 5, ""PUNCT"": 9, ""SCONJ"": 2, ""VERB"": 21}",83,"{""nsubj"": 14, ""case"": 14, ""det"": 14, ""amod"": 9, ""ROOT"": 9, ""punct"": 9, ""obj"": 9, ""advmod"": 8, ""obl"": 8, ""aux"": 7, ""acl:relcl"": 6, ""mark"": 6}"
51,formal,242,12,"{""ADJ"": 21, ""ADP"": 23, ""ADV"": 12, ""AUX"": 10, ""CCONJ"": 10, ""DET"": 20, ""NOUN"": 53, ""NUM"": 2, ""PART"": 7, ""PRON"": 28, ""PROPN"": 2, ""PUNCT"": 19, ""SCONJ"": 5, ""VERB"": 30}",115,"{""nsubj"": 24, ""det"": 20, ""punct"": 19, ""case"": 16, ""amod"": 15, ""obj"": 15, ""conj"": 15, ""advmod"": 14, ""mark"": 13, ""ROOT"": 12, ""obl"": 12, ""cc"": 9}"
52,formal,140,5,"{""ADJ"": 10, ""ADP"": 18, ""ADV"": 6, ""AUX"": 5, ""CCONJ"": 13, ""DET"": 4, ""NOUN"": 44, ""NUM"": 2, ""PART"": 1, ""PRON"": 6, ""PROPN"": 4, ""PUNCT"": 13, ""SCONJ"": 1, ""VERB"": 13}",84,"{""conj"": 20, ""case"": 17, ""cc"": 13, ""punct"": 13, ""nmod"": 10, ""obl"": 8, ""amod"": 8, ""nsubj"": 7, ""nmod:poss"": 6, ""aux"": 5, ""ROOT"": 5, ""advmod"": 5}"
53,formal,135,9,"{""ADJ"": 11, ""ADP"": 21, ""ADV"": 3, ""AUX"": 4, ""CCONJ"": 4, ""DET"": 4, ""NOUN"": 44, ""NUM"": 1, ""PART"": 3, ""PRON"": 4, ""PROPN"": 4, ""PUNCT"": 11, ""SCONJ"": 5, ""VERB"": 16}",80,"{""case"": 18, ""obl"": 11, ""punct"": 11, ""nsubj"": 11, ""mark"": 10, ""ROOT"": 9, ""nmod"": 9, ""amod"": 7, ""obj"": 7, ""det"": 5, ""conj"": 5, ""nmod:poss"": 4}"
54,formal,220,12,"{""ADJ"": 16, ""ADP"": 28, ""ADV"": 11, ""AUX"": 14, ""CCONJ"": 20, ""DET"": 5, ""NOUN"": 74, ""PART"": 3, ""PRON"": 8, ""PUNCT"": 17, ""SCONJ"": 2, ""VERB"": 22}",105,"{""case"": 23, ""conj"": 21, ""cc"": 18, ""punct"": 17, ""nmod"": 13, ""amod"": 13, ""ROOT"": 12, ""obl"": 11, ""nsubj"": 10, ""advmod"": 10, ""nsubj:pass"": 9, ""aux"": 9}"
55,formal,151,8,"{""ADJ"": 9, ""ADP"": 21, ""ADV"": 2, ""AUX"": 8, ""CCONJ"": 7, ""DET"": 8, ""NOUN"": 34, ""NUM"": 8, ""PART"": 5, ""PRON"": 18, ""PUNCT"": 9, ""SCONJ"": 3, ""VERB"": 19}",71,"{""case"": 19, ""nsubj"": 13, ""obl"": 11, ""obj"": 9, ""punct"": 9, ""mark"": 9, ""det"": 8, ""ROOT"": 8, ""cc"": 7, ""conj"": 7, ""nmod"": 6, ""aux"": 5}"
56,formal,251,10,"{""ADJ"": 17, ""ADP"": 31, ""ADV"": 9, ""AUX"": 10, ""CCONJ"": 14, ""DET"": 14, ""NOUN"": 61, ""PART"": 8, ""PRON"": 24, ""PROPN"": 1, ""PUNCT"": 28, ""SCONJ"": 3, ""VERB"": 31}",132,"{""punct"": 28, ""case"": 26, ""nsubj"": 19, ""obj"": 18, ""amod"": 17, ""conj"": 15, ""det"": 14, ""obl"": 13, ""mark"": 13, ""cc"": 12, ""nmod"": 11, ""ROOT"": 10}"
57,formal,50,5,"{""ADJ"": 8, ""ADP"": 4, ""ADV"": 3, ""AUX"": 1, ""CCONJ"": 2, ""DET"": 4, ""NOUN"": 13, ""PRON"": 2, ""PROPN"": 1, ""PUNCT"": 4, ""SCONJ"": 1, ""VERB"": 7}",37,"{""amod"": 7, ""ROOT"": 5, ""det"": 4, ""punct"": 4, ""nsubj"": 4, ""case"": 3, ""nsubj:pass"": 3, ""nmod"": 2, ""compound:prt"": 2, ""obj"": 2, ""nmod:poss"": 2, ""cc"": 2}"
58,formal,211,12,"{""ADJ"": 22, ""ADP"": 25, ""ADV"": 13, ""AUX"": 12, ""CCONJ"": 2, ""DET"": 15, ""NOUN"": 53, ""NUM"": 2, ""PART"": 9, ""PRON"": 7, ""PROPN"": 2, ""PUNCT"": 14, ""SCONJ"": 4, ""VERB"": 31}",99,"{""case"": 20, ""mark"": 18, ""amod"": 16, ""punct"": 16, ""det"": 15, ""ROOT"": 12, ""nmod"": 11, ""obj"": 11, ""nsubj:pass"": 11, ""advcl"": 9, ""aux"": 9, ""obl"": 8}"
59,formal,120,6,"{""ADJ"": 10, ""ADP"": 12, ""ADV"": 8, ""AUX"": 6, ""CCONJ"": 6, ""DET"": 8, ""NOUN"": 30, ""PART"": 5, ""PRON"": 9, ""PUNCT"": 6, ""SCONJ"": 3, ""VERB"": 17}",68,"{""nsubj"": 11, ""case"": 11, ""amod"": 8, ""advmod"": 8, ""det"": 8, ""mark"": 7, ""obj"": 7, ""cc"": 6, ""ROOT"": 6, ""obl"": 6, ""punct"": 6, ""conj"": 5}"
60,formal,168,10,"{""ADJ"": 15, ""ADP"": 20, ""ADV"": 10, ""AUX"": 7, ""CCONJ"": 5, ""DET"": 9, ""NOUN"": 48, ""PART"": 5, ""PRON"": 4, ""PUNCT"": 14, ""SCONJ"": 5, ""VERB"": 26}",89,"{""mark"": 16, ""punct"": 14, ""case"": 13, ""nsubj"": 11, ""conj"": 11, ""ROOT"": 10, ""amod"": 10, ""advmod"": 10, ""obj"": 10, ""det"": 9, ""nsubj:pass"": 9, ""advcl"": 8}"
61,formal,36,2,"{""ADJ"": 2, ""ADP"": 6, ""ADV"": 1, ""CCONJ"": 2, ""DET"": 2, ""NOUN"": 13, ""PART"": 1, ""PRON"": 3, ""PUNCT"": 1, ""VERB"": 5}",32,"{""obj"": 5, ""case"": 5, ""obl"": 3, ""amod"": 3, ""nsubj"": 2, ""ROOT"": 2, ""advmod"": 2, ""punct"": 2, ""det"": 2, ""nmod"": 2, ""mark"": 1, ""dislocated"": 1}"
62,formal,129,8,"{""ADJ"": 17, ""ADP"": 14, ""ADV"": 4, ""AUX"": 5, ""CCONJ"": 2, ""DET"": 10, ""NOUN"": 32, ""NUM"": 4, ""PART"": 2, ""PRON"": 7, ""PROPN"": 2, ""PUNCT"": 13, ""SCONJ"": 3, ""VERB"": 14}",72,"{""nsubj"": 14, ""amod"": 13, ""punct"": 13, ""case"": 11, ""det"": 9, ""ROOT"": 8, ""obj"": 8, ""mark"": 6, ""nmod"": 5, ""fixed"": 5, ""obl"": 5, ""advmod"": 4}"
63,formal,218,10,"{""ADJ"": 21, ""ADP"": 29, ""ADV"": 11, ""AUX"": 7, ""CCONJ"": 8, ""DET"": 19, ""NOUN"": 52, ""NUM"": 5, ""PART"": 5, ""PRON"": 15, ""PROPN"": 5, ""PUNCT"": 15, ""SCONJ"": 5, ""VERB"": 21}",117,"{""case"": 25, ""det"": 19, ""nsubj"": 19, ""obl"": 19, ""amod"": 17, ""punct"": 15, ""advmod"": 14, ""ROOT"": 10, ""mark"": 10, ""nmod:poss"": 9, ""cc"": 8, ""obj"": 7}"
64,formal,119,6,"{""ADJ"": 11, ""ADP"": 16, ""ADV"": 1, ""AUX"": 5, ""CCONJ"": 4, ""DET"": 9, ""NOUN"": 38, ""NUM"": 4, ""PART"": 3, ""PRON"": 6, ""PUNCT"": 6, ""SCONJ"": 3, ""VERB"": 13}",62,"{""case"": 15, ""nsubj"": 12, ""amod"": 11, ""nmod"": 10, ""det"": 9, ""obj"": 7, ""ROOT"": 6, ""punct"": 6, ""conj"": 5, ""acl:relcl"": 5, ""obl"": 5, ""cc"": 4}"
65,formal,202,10,"{""ADJ"": 20, ""ADP"": 31, ""ADV"": 14, ""AUX"": 6, ""CCONJ"": 9, ""DET"": 11, ""NOUN"": 54, ""NUM"": 5, ""PART"": 4, ""PRON"": 14, ""PUNCT"": 9, ""SCONJ"": 2, ""VERB"": 23}",106,"{""case"": 27, ""advmod"": 14, ""obl"": 14, ""amod"": 14, ""nmod"": 13, ""det"": 11, ""ROOT"": 10, ""nsubj"": 10, ""cc"": 9, ""conj"": 9, ""punct"": 9, ""fixed"": 9}"
66,formal,216,8,"{""ADJ"": 23, ""ADP"": 36, ""ADV"": 11, ""AUX"": 9, ""CCONJ"": 10, ""DET"": 11, ""NOUN"": 53, ""NUM"": 2, ""PART"": 4, ""PRON"": 16, ""PROPN"": 2, ""PUNCT"": 13, ""SCONJ"": 6, ""VERB"": 20}",123,"{""case"": 28, ""amod"": 18, ""obl"": 18, ""nsubj"": 17, ""mark"": 13, ""punct"": 13, ""det"": 12, ""conj"": 12, ""nmod"": 10, ""cc"": 10, ""advmod"": 9, ""ROOT"": 8}"
67,formal,148,8,"{""ADJ"": 17, ""ADP"": 15, ""ADV"": 4, ""AUX"": 3, ""CCONJ"": 5, ""DET"": 12, ""NOUN"": 35, ""NUM"": 3, ""PART"": 3, ""PRON"": 15, ""PROPN"": 1, ""PUNCT"": 15, ""SCONJ"": 2, ""VERB"": 18}",88,"{""amod"": 15, ""punct"": 15, ""case"": 14, ""det"": 12, ""nsubj"": 9, ""obl"": 9, ""ROOT"": 8, ""obj"": 8, ""conj"": 7, ""mark"": 6, ""xcomp"": 5, ""cc"": 5}"
68,formal,153,8,"{""ADJ"": 12, ""ADP"": 18, ""ADV"": 10, ""AUX"": 2, ""CCONJ"": 4, ""DET"": 11, ""NOUN"": 41, ""NUM"": 2, ""PART"": 3, ""PRON"": 14, ""PUNCT"": 11, ""SCONJ"": 4, ""VERB"": 21}",78,"{""nsubj"": 17, ""case"": 16, ""punct"": 13, ""det"": 11, ""advmod"": 11, ""obl"": 11, ""amod"": 10, ""ROOT"": 8, ""nmod"": 8, ""obj"": 8, ""mark"": 6, ""nmod:poss"": 6}"
69,formal,272,13,"{""ADJ"": 26, ""ADP"": 39, ""ADV"": 8, ""AUX"": 8, ""CCONJ"": 20, ""DET"": 12, ""NOUN"": 77, ""NUM"": 2, ""PART"": 2, ""PRON"": 23, ""PROPN"": 4, ""PUNCT"": 18, ""SCONJ"": 5, ""VERB"": 28}",142,"{""case"": 33, ""nsubj"": 24, ""amod"": 21, ""obl"": 20, ""conj"": 20, ""punct"": 18, ""cc"": 18, ""ROOT"": 13, ""obj"": 13, ""fixed"": 12, ""det"": 12, ""nmod:poss"": 11}"
70,formal,302,10,"{""ADJ"": 27, ""ADP"": 40, ""ADV"": 19, ""AUX"": 12, ""CCONJ"": 13, ""DET"": 22, ""NOUN"": 75, ""PART"": 10, ""PRON"": 15, ""PUNCT"": 23, ""SCONJ"": 7, ""VERB"": 39}",144,"{""case"": 33, ""amod"": 25, ""punct"": 23, ""mark"": 23, ""det"": 22, ""nsubj"": 19, ""obl"": 18, ""advmod"": 17, ""nmod"": 15, ""conj"": 15, ""obj"": 12, ""cc"": 11}"
71,formal,117,7,"{""ADJ"": 10, ""ADP"": 15, ""ADV"": 4, ""AUX"": 7, ""CCONJ"": 4, ""DET"": 7, ""NOUN"": 33, ""PART"": 4, ""PRON"": 7, ""PUNCT"": 6, ""SCONJ"": 5, ""VERB"": 15}",68,"{""case"": 14, ""amod"": 9, ""nsubj"": 9, ""det"": 8, ""obl"": 8, ""mark"": 8, ""ROOT"": 7, ""punct"": 6, ""ccomp"": 6, ""nmod"": 6, ""obj"": 5, ""cc"": 5}"
72,formal,123,6,"{""ADJ"": 13, ""ADP"": 18, ""ADV"": 2, ""AUX"": 3, ""CCONJ"": 6, ""DET"": 4, ""NOUN"": 38, ""PART"": 2, ""PRON"": 11, ""PROPN"": 2, ""PUNCT"": 13, ""SCONJ"": 2, ""VERB"": 9}",68,"{""case"": 15, ""punct"": 15, ""amod"": 12, ""obl"": 11, ""conj"": 9, ""nmod:poss"": 7, ""ROOT"": 6, ""cc"": 6, ""nsubj"": 5, ""mark"": 5, ""det"": 4, ""obj"": 4}"
73,formal,214,22,"{""ADJ"": 12, ""ADP"": 19, ""ADV"": 6, ""AUX"": 7, ""CCONJ"": 11, ""DET"": 11, ""NOUN"": 60, ""NUM"": 3, ""PART"": 7, ""PRON"": 15, ""PROPN"": 11, ""PUNCT"": 25, ""SCONJ"": 5, ""SYM"": 1, ""VERB"": 21}",106,"{""punct"": 25, ""ROOT"": 22, ""case"": 17, ""conj"": 14, ""nsubj"": 13, ""cc"": 13, ""obj"": 12, ""mark"": 11, ""det"": 11, ""nmod"": 11, ""amod"": 10, ""advmod"": 8}"
74,formal,300,15,"{""ADJ"": 31, ""ADP"": 44, ""ADV"": 22, ""AUX"": 14, ""CCONJ"": 13, ""DET"": 12, ""NOUN"": 77, ""NUM"": 4, ""PART"": 7, ""PRON"": 18, ""PUNCT"": 28, ""SCONJ"": 4, ""VERB"": 26}",135,"{""case"": 38, ""punct"": 28, ""amod"": 26, ""obl"": 23, ""nsubj"": 20, ""nmod"": 17, ""mark"": 17, ""ROOT"": 15, ""obj"": 12, ""advmod"": 12, ""det"": 11, ""conj"": 11}"
75,formal,118,6,"{""ADJ"": 9, ""ADP"": 15, ""ADV"": 7, ""AUX"": 4, ""CCONJ"": 7, ""DET"": 7, ""NOUN"": 34, ""PART"": 2, ""PRON"": 11, ""PUNCT"": 6, ""SCONJ"": 2, ""VERB"": 14}",81,"{""case"": 14, ""nsubj"": 12, ""obj"": 10, ""nmod"": 9, ""amod"": 8, ""det"": 7, ""ROOT"": 6, ""cc"": 6, ""conj"": 6, ""obl"": 6, ""advmod"": 6, ""punct"": 6}"
76,formal,226,11,"{""ADJ"": 16, ""ADP"": 19, ""ADV"": 21, ""AUX"": 9, ""CCONJ"": 6, ""DET"": 16, ""NOUN"": 44, ""PART"": 7, ""PRON"": 31, ""PROPN"": 6, ""PUNCT"": 17, ""SCONJ"": 9, ""SYM"": 1, ""VERB"": 24}",116,"{""nsubj"": 22, ""advmod"": 18, ""det"": 17, ""punct"": 16, ""amod"": 16, ""case"": 16, ""mark"": 15, ""ROOT"": 11, ""nmod"": 10, ""obj"": 10, ""obl"": 10, ""conj"": 10}"
77,formal,163,7,"{""ADJ"": 11, ""ADP"": 22, ""ADV"": 13, ""AUX"": 7, ""CCONJ"": 10, ""DET"": 3, ""NOUN"": 48, ""NUM"": 1, ""PART"": 4, ""PRON"": 6, ""PROPN"": 4, ""PUNCT"": 9, ""SCONJ"": 6, ""VERB"": 19}",89,"{""case"": 17, ""mark"": 15, ""nsubj"": 13, ""conj"": 11, ""cc"": 10, ""obl"": 10, ""punct"": 10, ""advmod"": 9, ""amod"": 9, ""nmod:poss"": 7, ""ROOT"": 7, ""nmod"": 6}"
78,formal,89,7,"{""ADJ"": 11, ""ADP"": 12, ""ADV"": 2, ""AUX"": 3, ""CCONJ"": 5, ""DET"": 3, ""NOUN"": 31, ""NUM"": 2, ""PART"": 1, ""PRON"": 2, ""PUNCT"": 7, ""SCONJ"": 2, ""VERB"": 8}",57,"{""amod"": 11, ""case"": 11, ""punct"": 8, ""nsubj"": 7, ""ROOT"": 7, ""nmod"": 6, ""cc"": 5, ""nmod:poss"": 4, ""conj"": 4, ""nsubj:pass"": 4, ""det"": 3, ""obj"": 3}"
79,formal,321,23,"{""ADJ"": 22, ""ADP"": 43, ""ADV"": 10, ""AUX"": 8, ""CCONJ"": 13, ""DET"": 21, ""NOUN"": 91, ""NUM"": 7, ""PART"": 6, ""PRON"": 17, ""PROPN"": 3, ""PUNCT"": 29, ""SCONJ"": 11, ""VERB"": 40}",139,"{""case"": 34, ""punct"": 29, ""nsubj"": 28, ""ROOT"": 23, ""obl"": 22, ""det"": 20, ""mark"": 18, ""amod"": 18, ""conj"": 16, ""advmod"": 15, ""obj"": 14, ""nmod"": 13}"
80,formal,306,15,"{""ADJ"": 24, ""ADP"": 43, ""ADV"": 15, ""AUX"": 5, ""CCONJ"": 15, ""DET"": 13, ""NOUN"": 82, ""NUM"": 7, ""PART"": 3, ""PRON"": 28, ""PROPN"": 2, ""PUNCT"": 23, ""SCONJ"": 7, ""SYM"": 1, ""VERB"": 38}",147,"{""case"": 34, ""nsubj"": 30, ""punct"": 24, ""obl"": 22, ""cc"": 16, ""amod"": 16, ""obj"": 16, ""ROOT"": 15, ""mark"": 15, ""nmod"": 15, ""conj"": 14, ""advmod"": 14}"
81,formal,212,9,"{""ADJ"": 21, ""ADP"": 31, ""ADV"": 5, ""AUX"": 10, ""CCONJ"": 17, ""DET"": 5, ""NOUN"": 66, ""PART"": 10, ""PRON"": 7, ""PROPN"": 1, ""PUNCT"": 11, ""SCONJ"": 5, ""VERB"": 23}",103,"{""case"": 25, ""mark"": 17, ""cc"": 17, ""conj"": 17, ""nsubj"": 16, ""obl"": 14, ""obj"": 13, ""punct"": 11, ""amod"": 11, ""advmod"": 10, ""nmod"": 9, ""ROOT"": 9}"
82,formal,143,8,"{""ADJ"": 8, ""ADP"": 15, ""ADV"": 8, ""AUX"": 8, ""CCONJ"": 9, ""DET"": 3, ""NOUN"": 36, ""NUM"": 1, ""PART"": 4, ""PRON"": 13, ""PROPN"": 1, ""PUNCT"": 11, ""SCONJ"": 5, ""SYM"": 2, ""VERB"": 19}",84,"{""nsubj"": 14, ""case"": 14, ""cc"": 11, ""conj"": 11, ""punct"": 11, ""mark"": 10, ""obj"": 9, ""nmod:poss"": 8, ""ROOT"": 8, ""advmod"": 6, ""obl"": 6, ""nmod"": 6}"
83,formal,253,15,"{""ADJ"": 20, ""ADP"": 30, ""ADV"": 11, ""AUX"": 6, ""CCONJ"": 15, ""DET"": 11, ""NOUN"": 81, ""NUM"": 4, ""PART"": 1, ""PRON"": 13, ""PROPN"": 3, ""PUNCT"": 25, ""SCONJ"": 7, ""SYM"": 2, ""VERB"": 24}",140,"{""punct"": 25, ""case"": 24, ""nsubj"": 22, ""conj"": 20, ""cc"": 17, ""ROOT"": 15, ""amod"": 13, ""det"": 12, ""obl"": 12, ""nmod:poss"": 11, ""advmod"": 10, ""mark"": 10}"
84,formal,145,8,"{""ADJ"": 9, ""ADP"": 21, ""ADV"": 4, ""AUX"": 5, ""CCONJ"": 9, ""DET"": 4, ""NOUN"": 44, ""NUM"": 1, ""PART"": 5, ""PRON"": 5, ""PROPN"": 6, ""PUNCT"": 13, ""SCONJ"": 1, ""VERB"": 18}",93,"{""case"": 18, ""punct"": 13, ""nmod"": 13, ""conj"": 12, ""cc"": 10, ""obj"": 10, ""amod"": 9, ""mark"": 9, ""nsubj"": 8, ""ROOT"": 8, ""obl"": 7, ""det"": 4}"
85,formal,335,23,"{""ADJ"": 34, ""ADP"": 36, ""ADV"": 19, ""AUX"": 23, ""CCONJ"": 13, ""DET"": 19, ""NOUN"": 91, ""NUM"": 1, ""PART"": 13, ""PRON"": 12, ""PROPN"": 3, ""PUNCT"": 25, ""SCONJ"": 9, ""VERB"": 37}",168,"{""case"": 33, ""punct"": 27, ""amod"": 25, ""ROOT"": 23, ""nsubj"": 22, ""obl"": 21, ""mark"": 20, ""det"": 19, ""nmod"": 18, ""advmod"": 18, ""obj"": 17, ""conj"": 14}"
86,formal,198,15,"{""ADJ"": 16, ""ADP"": 27, ""ADV"": 8, ""AUX"": 16, ""CCONJ"": 14, ""DET"": 5, ""NOUN"": 58, ""NUM"": 1, ""PART"": 6, ""PRON"": 7, ""PUNCT"": 16, ""SCONJ"": 4, ""VERB"": 20}",91,"{""case"": 25, ""punct"": 16, ""conj"": 16, ""ROOT"": 15, ""cc"": 14, ""mark"": 11, ""obj"": 11, ""obl"": 11, ""aux"": 10, ""nsubj"": 10, ""amod"": 8, ""nmod"": 8}"
87,formal,146,6,"{""ADJ"": 14, ""ADP"": 20, ""ADV"": 4, ""AUX"": 11, ""CCONJ"": 6, ""DET"": 10, ""NOUN"": 36, ""NUM"": 1, ""PART"": 7, ""PRON"": 10, ""PROPN"": 2, ""PUNCT"": 5, ""SCONJ"": 6, ""VERB"": 14}",81,"{""case"": 15, ""mark"": 15, ""det"": 11, ""amod"": 11, ""nsubj"": 10, ""obl"": 7, ""nmod"": 7, ""cop"": 7, ""obj"": 7, ""ROOT"": 6, ""cc"": 6, ""conj"": 6}"
88,formal,256,22,"{""ADJ"": 12, ""ADP"": 27, ""ADV"": 14, ""AUX"": 21, ""CCONJ"": 8, ""DET"": 9, ""NOUN"": 61, ""NUM"": 1, ""PART"": 5, ""PRON"": 28, ""PROPN"": 1, ""PUNCT"": 23, ""SCONJ"": 9, ""VERB"": 37}",118,"{""nsubj"": 27, ""punct"": 23, ""ROOT"": 22, ""mark"": 20, ""case"": 18, ""aux"": 18, ""advmod"": 16, ""obj"": 14, ""amod"": 11, ""advcl"": 11, ""obl"": 10, ""det"": 10}"
89,formal,230,12,"{""ADJ"": 15, ""ADP"": 32, ""ADV"": 5, ""AUX"": 13, ""CCONJ"": 12, ""DET"": 7, ""NOUN"": 66, ""NUM"": 1, ""PART"": 11, ""PRON"": 16, ""PROPN"": 1, ""PUNCT"": 15, ""SCONJ"": 4, ""SYM"": 1, ""VERB"": 31}",122,"{""case"": 24, ""mark"": 21, ""nsubj"": 15, ""punct"": 15, ""conj"": 14, ""ROOT"": 12, ""obl"": 12, ""cc"": 12, ""nmod"": 11, ""obj"": 11, ""nmod:poss"": 8, ""amod"": 8}"
90,formal,360,23,"{""ADJ"": 48, ""ADP"": 34, ""ADV"": 25, ""AUX"": 5, ""CCONJ"": 11, ""DET"": 23, ""NOUN"": 140, ""NUM"": 3, ""PART"": 3, ""PRON"": 7, ""PROPN"": 11, ""PUNCT"": 25, ""SCONJ"": 4, ""VERB"": 21}",195,"{""amod"": 41, ""case"": 33, ""conj"": 30, ""obl"": 30, ""punct"": 27, ""ROOT"": 23, ""advmod"": 22, ""cc"": 20, ""det"": 19, ""nmod"": 18, ""obj"": 15, ""nsubj"": 14}"
91,formal,240,15,"{""ADJ"": 13, ""ADP"": 30, ""ADV"": 10, ""AUX"": 12, ""CCONJ"": 6, ""DET"": 9, ""NOUN"": 65, ""NUM"": 3, ""PART"": 6, ""PRON"": 15, ""PROPN"": 9, ""PUNCT"": 31, ""SCONJ"": 7, ""VERB"": 24}",120,"{""punct"": 31, ""case"": 25, ""nsubj"": 17, ""ROOT"": 15, ""conj"": 14, ""mark"": 14, ""obl"": 14, ""nmod"": 13, ""amod"": 13, ""obj"": 12, ""det"": 10, ""advmod"": 8}"
92,formal,225,14,"{""ADJ"": 15, ""ADP"": 34, ""ADV"": 6, ""AUX"": 7, ""CCONJ"": 13, ""DET"": 9, ""NOUN"": 76, ""NUM"": 7, ""PART"": 2, ""PRON"": 10, ""PROPN"": 1, ""PUNCT"": 20, ""SCONJ"": 3, ""VERB"": 22}",117,"{""case"": 31, ""punct"": 21, ""conj"": 20, ""nmod"": 18, ""nsubj"": 15, ""ROOT"": 14, ""obl"": 13, ""cc"": 13, ""amod"": 13, ""det"": 9, ""mark"": 7, ""obj"": 7}"
93,formal,175,9,"{""ADJ"": 20, ""ADP"": 22, ""ADV"": 2, ""AUX"": 9, ""CCONJ"": 10, ""DET"": 6, ""NOUN"": 48, ""NUM"": 5, ""PART"": 5, ""PRON"": 4, ""PROPN"": 13, ""PUNCT"": 16, ""SCONJ"": 4, ""SYM"": 1, ""VERB"": 10}",99,"{""case"": 21, ""amod"": 17, ""nmod"": 16, ""punct"": 15, ""conj"": 12, ""cc"": 11, ""mark"": 10, ""ROOT"": 9, ""obl"": 8, ""nsubj:pass"": 7, ""nsubj"": 7, ""det"": 5}"
94,formal,549,20,"{""ADJ"": 77, ""ADP"": 80, ""ADV"": 39, ""AUX"": 6, ""CCONJ"": 12, ""DET"": 36, ""NOUN"": 132, ""NUM"": 7, ""PART"": 8, ""PRON"": 21, ""PROPN"": 3, ""PUNCT"": 75, ""SCONJ"": 13, ""VERB"": 40}",223,"{""punct"": 79, ""case"": 74, ""amod"": 53, ""nmod"": 43, ""det"": 34, ""nsubj"": 31, ""advmod"": 28, ""obl"": 27, ""mark"": 22, ""conj"": 21, ""ROOT"": 20, ""obj"": 15}"
95,formal,129,10,"{""ADJ"": 15, ""ADP"": 21, ""ADV"": 1, ""AUX"": 4, ""CCONJ"": 5, ""DET"": 4, ""NOUN"": 38, ""NUM"": 5, ""PART"": 3, ""PRON"": 3, ""PROPN"": 2, ""PUNCT"": 15, ""SCONJ"": 1, ""VERB"": 12}",82,"{""case"": 18, ""punct"": 15, ""amod"": 14, ""obl"": 14, ""ROOT"": 10, ""nsubj"": 7, ""conj"": 6, ""mark"": 6, ""nummod"": 5, ""aux"": 5, ""cc"": 5, ""nmod"": 5}"
96,formal,186,11,"{""ADJ"": 11, ""ADP"": 23, ""ADV"": 9, ""AUX"": 8, ""CCONJ"": 13, ""DET"": 5, ""NOUN"": 54, ""PART"": 7, ""PRON"": 8, ""PUNCT"": 12, ""SCONJ"": 5, ""VERB"": 31}",93,"{""case"": 20, ""nsubj"": 17, ""conj"": 14, ""cc"": 13, ""mark"": 13, ""obj"": 12, ""punct"": 12, ""ROOT"": 11, ""obl"": 11, ""nmod"": 9, ""advmod"": 8, ""aux"": 6}"
97,formal,245,13,"{""ADJ"": 14, ""ADP"": 32, ""ADV"": 13, ""AUX"": 16, ""CCONJ"": 8, ""DET"": 11, ""NOUN"": 71, ""NUM"": 1, ""PART"": 4, ""PRON"": 15, ""PROPN"": 1, ""PUNCT"": 19, ""SCONJ"": 10, ""VERB"": 30}",134,"{""case"": 26, ""punct"": 19, ""nsubj"": 18, ""mark"": 18, ""obl"": 16, ""conj"": 14, ""nmod"": 13, ""ROOT"": 13, ""amod"": 12, ""advmod"": 12, ""det"": 12, ""aux"": 11}"
98,formal,235,14,"{""ADJ"": 15, ""ADP"": 28, ""ADV"": 10, ""AUX"": 20, ""CCONJ"": 12, ""DET"": 10, ""NOUN"": 59, ""NUM"": 2, ""PART"": 5, ""PRON"": 19, ""PROPN"": 2, ""PUNCT"": 27, ""SCONJ"": 6, ""VERB"": 20}",115,"{""punct"": 27, ""case"": 25, ""conj"": 18, ""nsubj"": 17, ""obl"": 15, ""ROOT"": 14, ""cc"": 13, ""cop"": 11, ""amod"": 11, ""advmod"": 11, ""mark"": 11, ""det"": 10}"
99,formal,267,17,"{""ADJ"": 23, ""ADP"": 33, ""ADV"": 20, ""AUX"": 22, ""CCONJ"": 11, ""DET"": 15, ""NOUN"": 61, ""NUM"": 2, ""PART"": 7, ""PRON"": 13, ""PROPN"": 7, ""PUNCT"": 17, ""SCONJ"": 3, ""VERB"": 33}",132,"{""case"": 26, ""nsubj"": 23, ""punct"": 17, ""advmod"": 17, ""ROOT"": 17, ""det"": 16, ""obl"": 16, ""obj"": 14, ""mark"": 13, ""aux"": 12, ""amod"": 12, ""conj"": 11}"
100,formal,235,14,"{""ADJ"": 12, ""ADP"": 40, ""ADV"": 5, ""AUX"": 13, ""CCONJ"": 10, ""DET"": 8, ""NOUN"": 75, ""NUM"": 2, ""PART"": 5, ""PRON"": 17, ""PROPN"": 1, ""PUNCT"": 21, ""SCONJ"": 7, ""VERB"": 19}",111,"{""case"": 33, ""nmod"": 21, ""punct"": 21, ""nsubj"": 18, ""conj"": 16, ""ROOT"": 14, ""obl"": 13, ""obj"": 10, ""cc"": 10, ""advmod"": 10, ""mark"": 10, ""amod"": 9}"
101,formal,343,16,"{""ADJ"": 31, ""ADP"": 44, ""ADV"": 18, ""AUX"": 7, ""CCONJ"": 20, ""DET"": 27, ""NOUN"": 98, ""PART"": 6, ""PRON"": 15, ""PROPN"": 6, ""PUNCT"": 33, ""SCONJ"": 3, ""SYM"": 1, ""VERB"": 34}",169,"{""case"": 42, ""punct"": 33, ""amod"": 28, ""det"": 27, ""nsubj"": 24, ""advmod"": 20, ""conj"": 20, ""obl"": 19, ""cc"": 18, ""obj"": 17, ""nmod"": 17, ""ROOT"": 16}"
102,formal,137,6,"{""ADJ"": 4, ""ADP"": 20, ""ADV"": 4, ""AUX"": 9, ""CCONJ"": 6, ""DET"": 5, ""NOUN"": 41, ""NUM"": 1, ""PART"": 1, ""PRON"": 11, ""PROPN"": 1, ""PUNCT"": 7, ""SCONJ"": 7, ""SYM"": 3, ""VERB"": 17}",75,"{""nsubj"": 16, ""case"": 16, ""obl"": 12, ""cc"": 9, ""conj"": 9, ""mark"": 9, ""punct"": 7, ""ROOT"": 6, ""nmod"": 6, ""det"": 5, ""aux"": 5, ""obj"": 5}"
103,formal,130,9,"{""ADJ"": 12, ""ADP"": 15, ""ADV"": 2, ""AUX"": 6, ""CCONJ"": 8, ""DET"": 4, ""NOUN"": 42, ""NUM"": 3, ""PART"": 1, ""PRON"": 6, ""PROPN"": 2, ""PUNCT"": 12, ""SCONJ"": 3, ""VERB"": 14}",82,"{""case"": 14, ""punct"": 12, ""nsubj"": 10, ""amod"": 10, ""ROOT"": 9, ""cc"": 8, ""conj"": 8, ""obl"": 8, ""nmod:poss"": 7, ""obj"": 6, ""nmod"": 5, ""aux"": 5}"
104,formal,139,7,"{""ADJ"": 10, ""ADP"": 26, ""AUX"": 6, ""CCONJ"": 8, ""DET"": 7, ""NOUN"": 49, ""PART"": 2, ""PRON"": 11, ""PUNCT"": 6, ""SCONJ"": 2, ""VERB"": 12}",64,"{""case"": 26, ""obl"": 14, ""nmod"": 11, ""nmod:poss"": 10, ""amod"": 10, ""cc"": 9, ""nsubj"": 8, ""det"": 8, ""conj"": 8, ""obj"": 7, ""ROOT"": 7, ""punct"": 6}"
105,formal,218,10,"{""ADJ"": 20, ""ADP"": 25, ""ADV"": 16, ""AUX"": 6, ""CCONJ"": 11, ""DET"": 14, ""NOUN"": 57, ""PART"": 5, ""PRON"": 22, ""PUNCT"": 13, ""SCONJ"": 2, ""VERB"": 27}",107,"{""case"": 22, ""amod"": 20, ""nsubj"": 17, ""obl"": 16, ""advmod"": 16, ""obj"": 15, ""det"": 14, ""punct"": 13, ""conj"": 12, ""cc"": 11, ""ROOT"": 10, ""nmod:poss"": 8}"
106,formal,168,11,"{""ADJ"": 16, ""ADP"": 22, ""ADV"": 6, ""AUX"": 7, ""CCONJ"": 3, ""DET"": 12, ""NOUN"": 51, ""NUM"": 2, ""PART"": 4, ""PRON"": 6, ""PROPN"": 1, ""PUNCT"": 17, ""SCONJ"": 5, ""VERB"": 16}",101,"{""case"": 22, ""punct"": 17, ""det"": 12, ""ROOT"": 11, ""nmod"": 11, ""nsubj"": 11, ""amod"": 11, ""obl"": 11, ""obj"": 8, ""advmod"": 7, ""mark"": 6, ""nsubj:pass"": 5}"
107,formal,269,17,"{""ADJ"": 23, ""ADP"": 28, ""ADV"": 17, ""AUX"": 20, ""CCONJ"": 14, ""DET"": 12, ""NOUN"": 70, ""NUM"": 5, ""PART"": 3, ""PRON"": 15, ""PROPN"": 4, ""PUNCT"": 23, ""SCONJ"": 5, ""SYM"": 1, ""VERB"": 29}",135,"{""case"": 27, ""punct"": 23, ""nsubj"": 22, ""advmod"": 18, ""ROOT"": 17, ""conj"": 16, ""obl"": 15, ""cc"": 14, ""amod"": 14, ""det"": 13, ""obj"": 12, ""aux"": 11}"
108,formal,332,21,"{""ADJ"": 25, ""ADP"": 52, ""ADV"": 16, ""AUX"": 10, ""CCONJ"": 19, ""DET"": 16, ""NOUN"": 114, ""NUM"": 1, ""PART"": 1, ""PRON"": 13, ""PROPN"": 1, ""PUNCT"": 31, ""SCONJ"": 4, ""VERB"": 29}",138,"{""case"": 45, ""punct"": 32, ""nmod"": 25, ""conj"": 24, ""nsubj"": 21, ""ROOT"": 21, ""obl"": 21, ""cc"": 20, ""amod"": 20, ""det"": 16, ""nmod:poss"": 10, ""fixed"": 10}"
109,formal,474,24,"{""ADJ"": 44, ""ADP"": 67, ""ADV"": 18, ""AUX"": 21, ""CCONJ"": 23, ""DET"": 34, ""NOUN"": 107, ""NUM"": 5, ""PART"": 10, ""PRON"": 40, ""PROPN"": 10, ""PUNCT"": 29, ""SCONJ"": 12, ""VERB"": 54}",205,"{""case"": 58, ""nsubj"": 48, ""amod"": 38, ""obl"": 32, ""det"": 31, ""punct"": 29, ""ROOT"": 24, ""mark"": 24, ""obj"": 23, ""nmod"": 23, ""cc"": 23, ""conj"": 21}"
110,formal,107,5,"{""ADJ"": 8, ""ADP"": 15, ""ADV"": 5, ""AUX"": 5, ""DET"": 14, ""NOUN"": 21, ""PART"": 2, ""PRON"": 10, ""PROPN"": 7, ""PUNCT"": 8, ""SCONJ"": 1, ""VERB"": 11}",61,"{""case"": 15, ""det"": 14, ""obl"": 8, ""punct"": 8, ""nsubj"": 7, ""acl:relcl"": 6, ""amod"": 6, ""ROOT"": 5, ""nmod"": 5, ""obj"": 4, ""mark"": 4, ""advmod"": 4}"
111,formal,144,10,"{""ADJ"": 16, ""ADP"": 21, ""ADV"": 1, ""AUX"": 6, ""CCONJ"": 5, ""DET"": 8, ""NOUN"": 50, ""NUM"": 1, ""PART"": 1, ""PRON"": 6, ""PUNCT"": 16, ""SCONJ"": 1, ""VERB"": 12}",81,"{""case"": 19, ""punct"": 17, ""amod"": 14, ""nmod"": 12, ""conj"": 11, ""ROOT"": 10, ""nsubj"": 9, ""det"": 9, ""nsubj:pass"": 6, ""obj"": 5, ""obl"": 5, ""cc"": 5}"
112,formal,325,20,"{""ADJ"": 32, ""ADP"": 44, ""ADV"": 15, ""AUX"": 13, ""CCONJ"": 11, ""DET"": 26, ""NOUN"": 88, ""NUM"": 5, ""PART"": 7, ""PRON"": 16, ""PROPN"": 2, ""PUNCT"": 24, ""SCONJ"": 3, ""VERB"": 39}",152,"{""case"": 41, ""det"": 26, ""amod"": 25, ""punct"": 24, ""nsubj"": 23, ""obl"": 22, ""ROOT"": 20, ""nmod"": 19, ""obj"": 13, ""mark"": 12, ""conj"": 12, ""cc"": 11}"
113,formal,216,16,"{""ADJ"": 14, ""ADP"": 31, ""ADV"": 10, ""AUX"": 12, ""CCONJ"": 11, ""DET"": 8, ""NOUN"": 66, ""NUM"": 1, ""PART"": 5, ""PRON"": 11, ""PROPN"": 2, ""PUNCT"": 18, ""SCONJ"": 5, ""VERB"": 22}",129,"{""case"": 27, ""nmod"": 20, ""punct"": 17, ""nsubj"": 16, ""ROOT"": 16, ""obj"": 13, ""advmod"": 11, ""conj"": 11, ""mark"": 11, ""amod"": 11, ""obl"": 10, ""cc"": 9}"
114,formal,177,9,"{""ADJ"": 15, ""ADP"": 21, ""ADV"": 12, ""AUX"": 9, ""CCONJ"": 4, ""DET"": 16, ""NOUN"": 38, ""PART"": 5, ""PRON"": 15, ""PROPN"": 3, ""PUNCT"": 13, ""VERB"": 26}",104,"{""case"": 18, ""det"": 16, ""amod"": 13, ""punct"": 13, ""nsubj"": 13, ""advmod"": 12, ""obl"": 11, ""obj"": 9, ""ROOT"": 9, ""nsubj:pass"": 9, ""mark"": 6, ""aux"": 6}"
115,formal,162,6,"{""ADJ"": 8, ""ADP"": 33, ""ADV"": 8, ""AUX"": 3, ""CCONJ"": 8, ""DET"": 10, ""NOUN"": 47, ""NUM"": 4, ""PART"": 3, ""PRON"": 7, ""PROPN"": 4, ""PUNCT"": 10, ""SCONJ"": 1, ""VERB"": 16}",86,"{""case"": 29, ""obl"": 16, ""nsubj"": 13, ""nmod"": 11, ""det"": 10, ""punct"": 10, ""conj"": 10, ""advmod"": 9, ""cc"": 8, ""amod"": 7, ""ROOT"": 6, ""mark"": 6}"
116,formal,244,21,"{""ADJ"": 22, ""ADP"": 28, ""ADV"": 10, ""AUX"": 12, ""CCONJ"": 13, ""DET"": 6, ""NOUN"": 68, ""NUM"": 6, ""PART"": 3, ""PRON"": 13, ""PROPN"": 2, ""PUNCT"": 25, ""SCONJ"": 6, ""SYM"": 1, ""VERB"": 29}",117,"{""case"": 26, ""punct"": 25, ""nsubj"": 22, ""ROOT"": 21, ""amod"": 16, ""obl"": 16, ""cc"": 14, ""conj"": 13, ""nmod"": 11, ""mark"": 10, ""obj"": 8, ""cop"": 7}"
117,formal,240,13,"{""ADJ"": 31, ""ADP"": 24, ""ADV"": 17, ""AUX"": 12, ""CCONJ"": 9, ""DET"": 17, ""NOUN"": 68, ""NUM"": 1, ""PART"": 4, ""PRON"": 10, ""PUNCT"": 18, ""SCONJ"": 6, ""VERB"": 23}",122,"{""amod"": 27, ""case"": 22, ""nsubj"": 21, ""punct"": 18, ""det"": 17, ""advmod"": 14, ""ROOT"": 13, ""obj"": 12, ""obl"": 12, ""mark"": 12, ""conj"": 11, ""nmod"": 10}"
118,formal,137,10,"{""ADJ"": 9, ""ADP"": 14, ""ADV"": 7, ""AUX"": 7, ""CCONJ"": 6, ""DET"": 8, ""NOUN"": 45, ""PART"": 2, ""PRON"": 9, ""PUNCT"": 11, ""SCONJ"": 4, ""VERB"": 15}",82,"{""nsubj"": 14, ""case"": 12, ""punct"": 11, ""ROOT"": 10, ""det"": 9, ""amod"": 9, ""advmod"": 8, ""nmod"": 8, ""conj"": 7, ""cc"": 6, ""mark"": 6, ""nmod:poss"": 6}"
119,formal,128,4,"{""ADJ"": 9, ""ADP"": 14, ""ADV"": 8, ""AUX"": 9, ""CCONJ"": 6, ""DET"": 8, ""NOUN"": 28, ""PART"": 6, ""PRON"": 14, ""PUNCT"": 7, ""VERB"": 19}",66,"{""obj"": 13, ""nsubj"": 12, ""case"": 12, ""obl"": 9, ""mark"": 8, ""advmod"": 8, ""aux"": 8, ""amod"": 8, ""det"": 8, ""punct"": 7, ""cc"": 6, ""conj"": 6}"
120,formal,147,14,"{""ADJ"": 14, ""ADP"": 13, ""ADV"": 3, ""AUX"": 3, ""CCONJ"": 7, ""DET"": 4, ""NOUN"": 43, ""NUM"": 3, ""PART"": 2, ""PRON"": 7, ""PROPN"": 2, ""PUNCT"": 14, ""SCONJ"": 10, ""SYM"": 1, ""VERB"": 21}",90,"{""nsubj"": 15, ""ROOT"": 14, ""punct"": 14, ""mark"": 11, ""case"": 11, ""amod"": 10, ""obl"": 9, ""conj"": 9, ""cc"": 8, ""ccomp"": 5, ""fixed"": 5, ""obj"": 4}"
121,formal,275,14,"{""ADJ"": 39, ""ADP"": 38, ""ADV"": 17, ""AUX"": 14, ""CCONJ"": 7, ""DET"": 21, ""NOUN"": 70, ""PART"": 5, ""PRON"": 11, ""PUNCT"": 24, ""SCONJ"": 6, ""VERB"": 23}",146,"{""case"": 35, ""amod"": 29, ""obl"": 24, ""punct"": 24, ""det"": 21, ""advmod"": 18, ""nsubj"": 17, ""ROOT"": 14, ""nmod"": 11, ""conj"": 11, ""obj"": 10, ""mark"": 9}"
122,formal,216,8,"{""ADJ"": 17, ""ADP"": 29, ""ADV"": 12, ""AUX"": 11, ""CCONJ"": 11, ""DET"": 17, ""NOUN"": 55, ""NUM"": 1, ""PART"": 5, ""PRON"": 15, ""PROPN"": 1, ""PUNCT"": 12, ""SCONJ"": 5, ""VERB"": 25}",99,"{""case"": 20, ""det"": 19, ""amod"": 18, ""mark"": 14, ""punct"": 14, ""obj"": 14, ""obl"": 12, ""conj"": 12, ""nmod"": 11, ""advmod"": 11, ""nsubj"": 10, ""cc"": 10}"
123,formal,305,17,"{""ADJ"": 39, ""ADP"": 40, ""ADV"": 5, ""AUX"": 19, ""CCONJ"": 15, ""DET"": 18, ""NOUN"": 83, ""PART"": 9, ""PRON"": 13, ""PROPN"": 4, ""PUNCT"": 16, ""SCONJ"": 10, ""VERB"": 34}",159,"{""case"": 30, ""amod"": 25, ""mark"": 23, ""nsubj"": 22, ""nmod"": 18, ""det"": 18, ""ROOT"": 17, ""punct"": 16, ""obl"": 15, ""cc"": 14, ""conj"": 14, ""obj"": 11}"
124,formal,196,12,"{""ADJ"": 16, ""ADP"": 18, ""ADV"": 9, ""AUX"": 15, ""CCONJ"": 5, ""DET"": 16, ""NOUN"": 50, ""NUM"": 5, ""PART"": 2, ""PRON"": 14, ""PROPN"": 3, ""PUNCT"": 17, ""SCONJ"": 5, ""VERB"": 21}",105,"{""case"": 18, ""det"": 17, ""punct"": 17, ""obl"": 15, ""nsubj"": 15, ""amod"": 13, ""ROOT"": 12, ""aux"": 11, ""nmod"": 10, ""obj"": 10, ""nsubj:pass"": 6, ""mark"": 6}"
125,formal,171,9,"{""ADJ"": 13, ""ADP"": 25, ""ADV"": 2, ""AUX"": 2, ""CCONJ"": 7, ""DET"": 5, ""NOUN"": 57, ""NUM"": 5, ""PART"": 8, ""PRON"": 10, ""PUNCT"": 10, ""SCONJ"": 3, ""VERB"": 24}",99,"{""case"": 22, ""obj"": 16, ""nsubj"": 13, ""mark"": 13, ""amod"": 11, ""nmod"": 10, ""punct"": 10, ""obl"": 10, ""ROOT"": 9, ""nmod:poss"": 8, ""conj"": 8, ""cc"": 6}"
126,formal,141,7,"{""ADJ"": 13, ""ADP"": 20, ""ADV"": 5, ""AUX"": 3, ""CCONJ"": 8, ""DET"": 8, ""NOUN"": 41, ""NUM"": 2, ""PART"": 3, ""PRON"": 7, ""PROPN"": 2, ""PUNCT"": 11, ""SCONJ"": 2, ""VERB"": 16}",86,"{""case"": 18, ""amod"": 12, ""punct"": 11, ""nsubj"": 10, ""conj"": 10, ""nmod"": 10, ""cc"": 8, ""obj"": 8, ""det"": 8, ""obl"": 8, ""ROOT"": 7, ""mark"": 7}"
127,formal,227,11,"{""ADJ"": 19, ""ADP"": 35, ""ADV"": 13, ""AUX"": 11, ""CCONJ"": 7, ""DET"": 7, ""NOUN"": 57, ""NUM"": 2, ""PART"": 10, ""PRON"": 18, ""PROPN"": 1, ""PUNCT"": 17, ""SCONJ"": 3, ""VERB"": 27}",104,"{""case"": 27, ""mark"": 20, ""nsubj"": 18, ""amod"": 17, ""punct"": 17, ""obl"": 14, ""nmod"": 12, ""ROOT"": 11, ""obj"": 11, ""advmod"": 10, ""conj"": 10, ""advcl"": 8}"
128,formal,151,9,"{""ADJ"": 15, ""ADP"": 19, ""ADV"": 11, ""AUX"": 7, ""CCONJ"": 4, ""DET"": 9, ""NOUN"": 40, ""NUM"": 1, ""PART"": 1, ""PRON"": 12, ""PROPN"": 1, ""PUNCT"": 11, ""SCONJ"": 4, ""VERB"": 16}",93,"{""case"": 20, ""amod"": 15, ""nsubj"": 15, ""punct"": 11, ""obl"": 10, ""ROOT"": 9, ""advmod"": 9, ""det"": 9, ""nmod"": 8, ""cop"": 5, ""acl:relcl"": 5, ""obj"": 5}"
129,formal,171,7,"{""ADJ"": 18, ""ADP"": 26, ""ADV"": 2, ""AUX"": 6, ""CCONJ"": 8, ""DET"": 9, ""NOUN"": 51, ""PART"": 4, ""PRON"": 9, ""PROPN"": 2, ""PUNCT"": 12, ""SCONJ"": 6, ""VERB"": 18}",98,"{""case"": 19, ""amod"": 16, ""nmod"": 15, ""punct"": 12, ""mark"": 11, ""nsubj"": 9, ""cc"": 9, ""det"": 9, ""obj"": 8, ""ROOT"": 7, ""fixed"": 7, ""obl"": 6}"
130,formal,67,4,"{""ADJ"": 8, ""ADP"": 8, ""ADV"": 3, ""AUX"": 3, ""CCONJ"": 3, ""DET"": 6, ""NOUN"": 18, ""PART"": 2, ""PRON"": 2, ""PUNCT"": 4, ""SCONJ"": 4, ""VERB"": 6}",49,"{""case"": 8, ""obl"": 6, ""amod"": 6, ""det"": 6, ""nsubj"": 5, ""advmod"": 5, ""ROOT"": 4, ""cc"": 4, ""punct"": 4, ""aux"": 3, ""conj"": 3, ""mark"": 3}"
131,formal,727,42,"{""ADJ"": 55, ""ADP"": 100, ""ADV"": 50, ""AUX"": 41, ""CCONJ"": 18, ""DET"": 44, ""NOUN"": 193, ""NUM"": 3, ""PART"": 13, ""PRON"": 56, ""PROPN"": 8, ""PUNCT"": 58, ""SCONJ"": 10, ""SYM"": 2, ""VERB"": 76}",298,"{""case"": 91, ""nsubj"": 59, ""obl"": 56, ""punct"": 56, ""amod"": 48, ""det"": 44, ""nmod"": 43, ""ROOT"": 42, ""advmod"": 41, ""mark"": 31, ""obj"": 29, ""aux"": 24}"
132,formal,222,10,"{""ADJ"": 20, ""ADP"": 28, ""ADV"": 11, ""AUX"": 12, ""CCONJ"": 6, ""DET"": 20, ""NOUN"": 51, ""NUM"": 1, ""PART"": 7, ""PRON"": 20, ""PROPN"": 1, ""PUNCT"": 13, ""SCONJ"": 6, ""VERB"": 26}",112,"{""nsubj"": 24, ""case"": 22, ""det"": 20, ""mark"": 19, ""amod"": 15, ""obj"": 15, ""obl"": 14, ""punct"": 13, ""ROOT"": 10, ""advmod"": 9, ""nmod"": 8, ""advcl"": 8}"
133,formal,139,7,"{""ADJ"": 5, ""ADP"": 20, ""ADV"": 4, ""AUX"": 6, ""CCONJ"": 7, ""DET"": 7, ""NOUN"": 46, ""PART"": 5, ""PRON"": 6, ""PUNCT"": 6, ""SCONJ"": 5, ""VERB"": 22}",75,"{""case"": 15, ""nsubj"": 14, ""mark"": 14, ""obl"": 13, ""obj"": 9, ""conj"": 8, ""cc"": 7, ""det"": 7, ""ROOT"": 7, ""punct"": 6, ""nmod:poss"": 6, ""acl:relcl"": 5}"
134,formal,127,7,"{""ADJ"": 14, ""ADP"": 20, ""ADV"": 6, ""AUX"": 7, ""DET"": 9, ""NOUN"": 30, ""PART"": 9, ""PRON"": 9, ""PUNCT"": 6, ""SCONJ"": 3, ""VERB"": 14}",72,"{""mark"": 15, ""case"": 14, ""nsubj"": 10, ""amod"": 10, ""obj"": 10, ""det"": 9, ""cop"": 7, ""ROOT"": 7, ""obl"": 7, ""nmod"": 6, ""punct"": 6, ""advmod"": 6}"
135,formal,294,13,"{""ADJ"": 31, ""ADP"": 33, ""ADV"": 18, ""AUX"": 20, ""CCONJ"": 9, ""DET"": 9, ""NOUN"": 74, ""NUM"": 1, ""PART"": 9, ""PRON"": 19, ""PROPN"": 2, ""PUNCT"": 16, ""SCONJ"": 15, ""VERB"": 38}",164,"{""mark"": 28, ""nsubj"": 26, ""case"": 24, ""amod"": 21, ""obl"": 18, ""punct"": 17, ""advmod"": 16, ""aux"": 14, ""ROOT"": 13, ""nmod"": 13, ""advcl"": 11, ""conj"": 11}"
136,formal,306,20,"{""ADJ"": 24, ""ADP"": 36, ""ADV"": 17, ""AUX"": 14, ""CCONJ"": 15, ""DET"": 14, ""NOUN"": 85, ""NUM"": 3, ""PART"": 4, ""PRON"": 13, ""PROPN"": 27, ""PUNCT"": 30, ""SCONJ"": 6, ""VERB"": 18}",151,"{""case"": 31, ""punct"": 30, ""conj"": 25, ""amod"": 21, ""advmod"": 20, ""ROOT"": 20, ""nsubj"": 18, ""nmod"": 18, ""obl"": 17, ""cc"": 17, ""det"": 13, ""cop"": 9}"
137,formal,96,4,"{""ADJ"": 6, ""ADP"": 14, ""ADV"": 4, ""AUX"": 5, ""CCONJ"": 3, ""DET"": 7, ""NOUN"": 24, ""NUM"": 4, ""PART"": 3, ""PRON"": 7, ""PROPN"": 1, ""PUNCT"": 3, ""SCONJ"": 4, ""VERB"": 11}",60,"{""case"": 11, ""nsubj"": 9, ""mark"": 8, ""det"": 8, ""obj"": 7, ""nmod"": 6, ""amod"": 6, ""obl"": 6, ""ROOT"": 4, ""advmod"": 4, ""ccomp"": 3, ""fixed"": 3}"
138,formal,136,9,"{""ADJ"": 11, ""ADP"": 21, ""ADV"": 3, ""AUX"": 4, ""CCONJ"": 4, ""DET"": 4, ""NOUN"": 44, ""NUM"": 1, ""PART"": 3, ""PRON"": 4, ""PROPN"": 4, ""PUNCT"": 12, ""SCONJ"": 5, ""VERB"": 16}",80,"{""case"": 18, ""punct"": 12, ""obl"": 11, ""nsubj"": 11, ""mark"": 10, ""ROOT"": 9, ""nmod"": 9, ""amod"": 7, ""obj"": 7, ""det"": 5, ""conj"": 5, ""nmod:poss"": 4}"
139,formal,221,12,"{""ADJ"": 16, ""ADP"": 28, ""ADV"": 11, ""AUX"": 14, ""CCONJ"": 20, ""DET"": 5, ""NOUN"": 74, ""PART"": 3, ""PRON"": 8, ""PUNCT"": 18, ""SCONJ"": 2, ""VERB"": 22}",105,"{""case"": 23, ""conj"": 21, ""cc"": 18, ""punct"": 18, ""nmod"": 13, ""amod"": 13, ""ROOT"": 12, ""obl"": 11, ""nsubj"": 10, ""advmod"": 10, ""nsubj:pass"": 9, ""aux"": 9}"
140,formal,217,8,"{""ADJ"": 23, ""ADP"": 36, ""ADV"": 11, ""AUX"": 9, ""CCONJ"": 10, ""DET"": 11, ""NOUN"": 53, ""NUM"": 2, ""PART"": 4, ""PRON"": 16, ""PROPN"": 2, ""PUNCT"": 14, ""SCONJ"": 6, ""VERB"": 20}",123,"{""case"": 28, ""amod"": 18, ""obl"": 18, ""nsubj"": 17, ""punct"": 14, ""mark"": 13, ""det"": 12, ""conj"": 12, ""nmod"": 10, ""cc"": 10, ""advmod"": 9, ""ROOT"": 8}"
141,formal,303,10,"{""ADJ"": 27, ""ADP"": 40, ""ADV"": 19, ""AUX"": 12, ""CCONJ"": 13, ""DET"": 22, ""NOUN"": 75, ""PART"": 10, ""PRON"": 15, ""PUNCT"": 24, ""SCONJ"": 7, ""VERB"": 39}",144,"{""case"": 33, ""amod"": 25, ""punct"": 24, ""mark"": 23, ""det"": 22, ""nsubj"": 19, ""obl"": 17, ""advmod"": 17, ""nmod"": 16, ""conj"": 15, ""obj"": 12, ""cc"": 11}"
142,formal,118,7,"{""ADJ"": 10, ""ADP"": 15, ""ADV"": 4, ""AUX"": 7, ""CCONJ"": 4, ""DET"": 7, ""NOUN"": 33, ""PART"": 4, ""PRON"": 7, ""PUNCT"": 7, ""SCONJ"": 5, ""VERB"": 15}",68,"{""case"": 14, ""amod"": 9, ""nsubj"": 9, ""det"": 8, ""obl"": 8, ""mark"": 8, ""ROOT"": 7, ""punct"": 7, ""ccomp"": 6, ""nmod"": 6, ""obj"": 5, ""cc"": 5}"
143,formal,199,15,"{""ADJ"": 16, ""ADP"": 27, ""ADV"": 8, ""AUX"": 16, ""CCONJ"": 14, ""DET"": 5, ""NOUN"": 58, ""NUM"": 1, ""PART"": 6, ""PRON"": 7, ""PUNCT"": 17, ""SCONJ"": 4, ""VERB"": 20}",91,"{""case"": 25, ""punct"": 17, ""conj"": 16, ""ROOT"": 15, ""cc"": 14, ""mark"": 11, ""obj"": 11, ""obl"": 11, ""nsubj"": 11, ""aux"": 10, ""amod"": 8, ""cop"": 7}"
144,formal,257,22,"{""ADJ"": 12, ""ADP"": 27, ""ADV"": 14, ""AUX"": 21, ""CCONJ"": 8, ""DET"": 9, ""NOUN"": 61, ""NUM"": 1, ""PART"": 5, ""PRON"": 28, ""PROPN"": 1, ""PUNCT"": 24, ""SCONJ"": 9, ""VERB"": 37}",118,"{""nsubj"": 27, ""punct"": 24, ""ROOT"": 22, ""mark"": 20, ""case"": 18, ""aux"": 18, ""advmod"": 16, ""obj"": 14, ""amod"": 11, ""advcl"": 11, ""obl"": 10, ""det"": 10}"
145,formal,241,15,"{""ADJ"": 13, ""ADP"": 30, ""ADV"": 10, ""AUX"": 12, ""CCONJ"": 6, ""DET"": 9, ""NOUN"": 65, ""NUM"": 3, ""PART"": 6, ""PRON"": 15, ""PROPN"": 9, ""PUNCT"": 32, ""SCONJ"": 7, ""VERB"": 24}",120,"{""punct"": 32, ""case"": 25, ""nsubj"": 17, ""ROOT"": 15, ""conj"": 14, ""mark"": 14, ""obl"": 14, ""nmod"": 13, ""amod"": 13, ""obj"": 12, ""det"": 10, ""advmod"": 8}"
146,formal,176,9,"{""ADJ"": 20, ""ADP"": 22, ""ADV"": 2, ""AUX"": 9, ""CCONJ"": 10, ""DET"": 6, ""NOUN"": 48, ""NUM"": 5, ""PART"": 5, ""PRON"": 4, ""PROPN"": 13, ""PUNCT"": 17, ""SCONJ"": 4, ""SYM"": 1, ""VERB"": 10}",99,"{""case"": 21, ""amod"": 17, ""nmod"": 16, ""punct"": 16, ""conj"": 12, ""cc"": 11, ""mark"": 10, ""ROOT"": 9, ""obl"": 8, ""nsubj:pass"": 7, ""nsubj"": 7, ""det"": 5}"
147,formal,550,20,"{""ADJ"": 77, ""ADP"": 80, ""ADV"": 39, ""AUX"": 6, ""CCONJ"": 12, ""DET"": 36, ""NOUN"": 132, ""NUM"": 7, ""PART"": 8, ""PRON"": 21, ""PROPN"": 3, ""PUNCT"": 76, ""SCONJ"": 13, ""VERB"": 40}",223,"{""punct"": 80, ""case"": 74, ""amod"": 53, ""nmod"": 44, ""det"": 34, ""nsubj"": 31, ""advmod"": 28, ""obl"": 26, ""mark"": 22, ""conj"": 21, ""ROOT"": 20, ""obj"": 15}"
148,formal,130,10,"{""ADJ"": 15, ""ADP"": 21, ""ADV"": 1, ""AUX"": 4, ""CCONJ"": 5, ""DET"": 4, ""NOUN"": 38, ""NUM"": 5, ""PART"": 3, ""PRON"": 3, ""PROPN"": 2, ""PUNCT"": 16, ""SCONJ"": 1, ""VERB"": 12}",82,"{""case"": 18, ""punct"": 16, ""amod"": 14, ""obl"": 14, ""ROOT"": 10, ""nsubj"": 7, ""conj"": 6, ""mark"": 6, ""nummod"": 5, ""aux"": 5, ""cc"": 5, ""nmod"": 5}"
149,formal,236,14,"{""ADJ"": 15, ""ADP"": 28, ""ADV"": 10, ""AUX"": 20, ""CCONJ"": 12, ""DET"": 10, ""NOUN"": 59, ""NUM"": 2, ""PART"": 5, ""PRON"": 19, ""PROPN"": 2, ""PUNCT"": 28, ""SCONJ"": 6, ""VERB"": 20}",115,"{""punct"": 28, ""case"": 25, ""conj"": 18, ""nsubj"": 17, ""obl"": 15, ""ROOT"": 14, ""cc"": 13, ""cop"": 11, ""amod"": 11, ""advmod"": 11, ""mark"": 11, ""det"": 10}"
150,formal,236,14,"{""ADJ"": 12, ""ADP"": 40, ""ADV"": 5, ""AUX"": 13, ""CCONJ"": 10, ""DET"": 8, ""NOUN"": 75, ""NUM"": 2, ""PART"": 5, ""PRON"": 17, ""PROPN"": 1, ""PUNCT"": 22, ""SCONJ"": 7, ""VERB"": 19}",111,"{""case"": 33, ""punct"": 22, ""nmod"": 21, ""nsubj"": 18, ""conj"": 16, ""ROOT"": 14, ""obl"": 13, ""obj"": 10, ""cc"": 10, ""advmod"": 10, ""mark"": 10, ""amod"": 9}"
151,formal,344,16,"{""ADJ"": 31, ""ADP"": 44, ""ADV"": 18, ""AUX"": 7, ""CCONJ"": 20, ""DET"": 27, ""NOUN"": 98, ""PART"": 6, ""PRON"": 15, ""PROPN"": 6, ""PUNCT"": 34, ""SCONJ"": 3, ""SYM"": 1, ""VERB"": 34}",169,"{""case"": 42, ""punct"": 34, ""amod"": 28, ""det"": 27, ""nsubj"": 24, ""advmod"": 20, ""conj"": 20, ""obl"": 19, ""cc"": 18, ""obj"": 17, ""nmod"": 17, ""ROOT"": 16}"
152,formal,131,9,"{""ADJ"": 12, ""ADP"": 15, ""ADV"": 2, ""AUX"": 6, ""CCONJ"": 8, ""DET"": 4, ""NOUN"": 42, ""NUM"": 3, ""PART"": 1, ""PRON"": 6, ""PROPN"": 2, ""PUNCT"": 13, ""SCONJ"": 3, ""VERB"": 14}",82,"{""case"": 14, ""punct"": 13, ""nsubj"": 10, ""amod"": 10, ""ROOT"": 9, ""cc"": 8, ""conj"": 8, ""obl"": 8, ""nmod:poss"": 7, ""obj"": 6, ""nmod"": 5, ""aux"": 5}"
153,formal,140,7,"{""ADJ"": 10, ""ADP"": 26, ""AUX"": 6, ""CCONJ"": 8, ""DET"": 7, ""NOUN"": 49, ""PART"": 2, ""PRON"": 11, ""PUNCT"": 7, ""SCONJ"": 2, ""VERB"": 12}",64,"{""case"": 26, ""obl"": 14, ""nmod"": 11, ""nmod:poss"": 10, ""amod"": 10, ""cc"": 9, ""nsubj"": 8, ""det"": 8, ""conj"": 8, ""obj"": 7, ""ROOT"": 7, ""punct"": 7}"
154,formal,169,11,"{""ADJ"": 16, ""ADP"": 22, ""ADV"": 6, ""AUX"": 7, ""CCONJ"": 3, ""DET"": 12, ""NOUN"": 51, ""NUM"": 2, ""PART"": 4, ""PRON"": 6, ""PROPN"": 1, ""PUNCT"": 18, ""SCONJ"": 5, ""VERB"": 16}",101,"{""case"": 22, ""punct"": 18, ""det"": 12, ""ROOT"": 11, ""nsubj"": 11, ""amod"": 11, ""nmod"": 10, ""obl"": 10, ""obj"": 8, ""advmod"": 7, ""nsubj:pass"": 7, ""mark"": 6}"
155,formal,245,21,"{""ADJ"": 22, ""ADP"": 28, ""ADV"": 10, ""AUX"": 12, ""CCONJ"": 13, ""DET"": 6, ""NOUN"": 68, ""NUM"": 6, ""PART"": 3, ""PRON"": 13, ""PROPN"": 2, ""PUNCT"": 26, ""SCONJ"": 6, ""SYM"": 1, ""VERB"": 29}",117,"{""punct"": 26, ""case"": 26, ""nsubj"": 22, ""ROOT"": 21, ""amod"": 16, ""obl"": 16, ""cc"": 14, ""conj"": 13, ""nmod"": 11, ""mark"": 10, ""obj"": 8, ""cop"": 7}"
156,formal,138,10,"{""ADJ"": 9, ""ADP"": 14, ""ADV"": 7, ""AUX"": 7, ""CCONJ"": 6, ""DET"": 8, ""NOUN"": 45, ""PART"": 2, ""PRON"": 9, ""PUNCT"": 12, ""SCONJ"": 4, ""VERB"": 15}",82,"{""nsubj"": 14, ""case"": 12, ""punct"": 12, ""ROOT"": 10, ""det"": 9, ""amod"": 9, ""advmod"": 8, ""nmod"": 8, ""conj"": 7, ""cc"": 6, ""mark"": 6, ""nmod:poss"": 6}"
157,formal,129,4,"{""ADJ"": 9, ""ADP"": 14, ""ADV"": 8, ""AUX"": 9, ""CCONJ"": 6, ""DET"": 8, ""NOUN"": 28, ""PART"": 6, ""PRON"": 14, ""PUNCT"": 8, ""VERB"": 19}",66,"{""obj"": 13, ""nsubj"": 12, ""case"": 12, ""obl"": 9, ""mark"": 8, ""advmod"": 8, ""aux"": 8, ""amod"": 8, ""det"": 8, ""punct"": 8, ""cc"": 6, ""conj"": 6}"
158,formal,148,14,"{""ADJ"": 14, ""ADP"": 13, ""ADV"": 3, ""AUX"": 3, ""CCONJ"": 7, ""DET"": 4, ""NOUN"": 43, ""NUM"": 3, ""PART"": 2, ""PRON"": 7, ""PROPN"": 2, ""PUNCT"": 15, ""SCONJ"": 10, ""SYM"": 1, ""VERB"": 21}",90,"{""punct"": 15, ""nsubj"": 15, ""ROOT"": 14, ""mark"": 11, ""case"": 11, ""amod"": 10, ""obl"": 9, ""conj"": 9, ""cc"": 8, ""ccomp"": 5, ""fixed"": 5, ""obj"": 4}"
159,formal,306,17,"{""ADJ"": 39, ""ADP"": 40, ""ADV"": 5, ""AUX"": 19, ""CCONJ"": 15, ""DET"": 18, ""NOUN"": 83, ""PART"": 9, ""PRON"": 13, ""PROPN"": 4, ""PUNCT"": 17, ""SCONJ"": 10, ""VERB"": 34}",159,"{""case"": 30, ""amod"": 25, ""mark"": 23, ""nsubj"": 22, ""nmod"": 18, ""det"": 18, ""ROOT"": 17, ""punct"": 17, ""obl"": 15, ""cc"": 14, ""conj"": 14, ""obj"": 11}"
160,formal,172,9,"{""ADJ"": 13, ""ADP"": 25, ""ADV"": 2, ""AUX"": 2, ""CCONJ"": 7, ""DET"": 5, ""NOUN"": 57, ""NUM"": 5, ""PART"": 8, ""PRON"": 10, ""PUNCT"": 11, ""SCONJ"": 3, ""VERB"": 24}",99,"{""case"": 22, ""obj"": 16, ""nsubj"": 13, ""mark"": 13, ""amod"": 11, ""punct"": 11, ""nmod"": 10, ""obl"": 10, ""ROOT"": 9, ""nmod:poss"": 8, ""conj"": 8, ""cc"": 6}"
161,formal,114,14,"{""ADJ"": 9, ""ADP"": 17, ""ADV"": 2, ""AUX"": 3, ""CCONJ"": 4, ""DET"": 4, ""NOUN"": 37, ""NUM"": 1, ""PART"": 4, ""PRON"": 4, ""PROPN"": 7, ""PUNCT"": 13, ""SCONJ"": 1, ""VERB"": 8}",63,"{""ROOT"": 14, ""case"": 14, ""punct"": 13, ""nmod"": 11, ""amod"": 8, ""conj"": 7, ""mark"": 7, ""obj"": 6, ""flat:name"": 5, ""nsubj"": 5, ""cc"": 4, ""det"": 4}"
162,formal,172,7,"{""ADJ"": 18, ""ADP"": 26, ""ADV"": 2, ""AUX"": 6, ""CCONJ"": 8, ""DET"": 9, ""NOUN"": 51, ""PART"": 4, ""PRON"": 9, ""PROPN"": 2, ""PUNCT"": 13, ""SCONJ"": 6, ""VERB"": 18}",98,"{""case"": 19, ""amod"": 16, ""nmod"": 16, ""punct"": 13, ""mark"": 11, ""nsubj"": 9, ""cc"": 9, ""det"": 9, ""obj"": 8, ""ROOT"": 7, ""fixed"": 7, ""conj"": 6}"
163,formal,140,7,"{""ADJ"": 5, ""ADP"": 20, ""ADV"": 4, ""AUX"": 6, ""CCONJ"": 7, ""DET"": 7, ""NOUN"": 46, ""PART"": 5, ""PRON"": 6, ""PUNCT"": 7, ""SCONJ"": 5, ""VERB"": 22}",75,"{""case"": 15, ""nsubj"": 14, ""mark"": 14, ""obl"": 13, ""obj"": 9, ""cc"": 7, ""conj"": 7, ""det"": 7, ""ROOT"": 7, ""punct"": 7, ""nmod:poss"": 6, ""acl:relcl"": 5}"
164,formal,295,13,"{""ADJ"": 31, ""ADP"": 33, ""ADV"": 18, ""AUX"": 20, ""CCONJ"": 9, ""DET"": 9, ""NOUN"": 74, ""NUM"": 1, ""PART"": 9, ""PRON"": 19, ""PROPN"": 2, ""PUNCT"": 17, ""SCONJ"": 15, ""VERB"": 38}",164,"{""mark"": 28, ""nsubj"": 26, ""case"": 24, ""amod"": 21, ""punct"": 18, ""obl"": 17, ""advmod"": 16, ""aux"": 14, ""ROOT"": 13, ""nmod"": 13, ""obj"": 12, ""advcl"": 11}"
165,formal,128,9,"{""ADJ"": 14, ""ADP"": 9, ""ADV"": 9, ""AUX"": 7, ""CCONJ"": 8, ""DET"": 6, ""NOUN"": 40, ""PART"": 2, ""PRON"": 7, ""PUNCT"": 14, ""SCONJ"": 1, ""VERB"": 11}",71,"{""amod"": 14, ""punct"": 14, ""nsubj"": 12, ""conj"": 11, ""ROOT"": 9, ""cc"": 8, ""case"": 8, ""det"": 6, ""acl:relcl"": 6, ""advmod"": 5, ""cop"": 5, ""nsubj:pass"": 4}"
166,formal,129,7,"{""ADJ"": 11, ""ADP"": 21, ""ADV"": 9, ""AUX"": 4, ""CCONJ"": 6, ""DET"": 8, ""NOUN"": 28, ""NUM"": 1, ""PART"": 4, ""PRON"": 10, ""PUNCT"": 8, ""SCONJ"": 1, ""VERB"": 18}",79,"{""case"": 16, ""obl"": 13, ""mark"": 10, ""amod"": 9, ""det"": 8, ""punct"": 8, ""ROOT"": 7, ""nsubj"": 7, ""nsubj:pass"": 6, ""cc"": 6, ""advmod"": 5, ""obj"": 5}"
167,formal,263,13,"{""ADJ"": 19, ""ADP"": 32, ""ADV"": 9, ""AUX"": 7, ""CCONJ"": 16, ""DET"": 15, ""NOUN"": 90, ""PART"": 11, ""PRON"": 11, ""PROPN"": 3, ""PUNCT"": 14, ""SCONJ"": 3, ""VERB"": 33}",137,"{""case"": 22, ""mark"": 20, ""nsubj"": 19, ""amod"": 18, ""conj"": 18, ""nmod:poss"": 17, ""cc"": 16, ""det"": 15, ""obj"": 15, ""punct"": 15, ""nmod"": 14, ""ROOT"": 13}"
168,formal,138,5,"{""ADJ"": 15, ""ADP"": 20, ""ADV"": 5, ""AUX"": 4, ""CCONJ"": 5, ""DET"": 9, ""NOUN"": 39, ""PART"": 4, ""PRON"": 11, ""PUNCT"": 6, ""SCONJ"": 6, ""VERB"": 14}",80,"{""case"": 17, ""amod"": 13, ""mark"": 12, ""obl"": 11, ""det"": 9, ""nsubj"": 9, ""obj"": 8, ""nmod:poss"": 8, ""nmod"": 6, ""punct"": 6, ""ROOT"": 5, ""advmod"": 5}"
169,formal,225,14,"{""ADJ"": 12, ""ADP"": 30, ""ADV"": 14, ""AUX"": 9, ""CCONJ"": 9, ""DET"": 14, ""NOUN"": 58, ""NUM"": 3, ""PART"": 2, ""PRON"": 18, ""PROPN"": 7, ""PUNCT"": 20, ""SCONJ"": 5, ""VERB"": 24}",114,"{""case"": 28, ""nsubj"": 22, ""punct"": 20, ""obl"": 17, ""det"": 14, ""ROOT"": 14, ""advmod"": 11, ""nmod"": 10, ""amod"": 9, ""cop"": 9, ""cc"": 9, ""nmod:poss"": 8}"
