doc_index,register,char_count,word_count,rough_syllable_count_sv,textstat_flesch_reading_ease,textstat_flesch_kincaid_grade,textstat_gunning_fog,textstat_smog_index
0,formal,1023,135,303,30.533541666666707,13.192731481481484,16.824074074074076,14.90622815163357
1,formal,1468,199,432,35.002375513933345,12.871484696208316,16.080584741891276,14.554592549557764
2,formal,1608,239,490,46.02365918600228,12.237611259033859,15.050741726892355,13.747043046817236
3,formal,729,98,226,23.78385714285716,14.811142857142862,17.63591836734694,15.6451
4,formal,933,120,291,20.155000000000058,15.416666666666668,18.333333333333332,16.11434528070225
5,formal,634,95,178,50.061008771929835,10.21026315789474,13.491228070175438,12.745084868956482
6,formal,1611,237,488,35.756237054085176,13.624541618718833,16.550671269658615,14.937675812826573
7,formal,1130,152,368,26.698684210526324,14.255526315789478,17.863157894736844,15.742502247213078
8,formal,1440,212,443,54.02220125786164,10.113207547169814,12.915723270440253,12.311054993355175
9,formal,817,116,235,42.808218390804626,12.091379310344827,14.629885057471265,13.5591
10,formal,1069,124,320,12.350887096774244,15.387258064516129,19.748387096774195,16.218646115125612
11,formal,2361,328,712,38.076378986866786,14.216463414634148,16.92157598499062,14.985893962826673
12,formal,1346,207,400,57.02959866220738,9.260579710144928,12.746042363433668,12.230961643895458
13,formal,706,101,207,36.39734653465351,13.200871287128713,16.000792079207923,14.554592549557764
14,formal,2144,311,626,45.668473561986445,11.181773847802788,13.85644873168989,13.023866798666859
15,formal,1640,214,500,38.75395320197046,11.456133004926112,14.272906403940887,13.140968706690074
16,formal,1461,226,441,58.57314896755162,9.768274336283188,11.95811209439528,11.37473899888905
17,formal,1728,239,524,32.74192307692309,13.164188034188033,15.747008547008546,14.332717204346928
18,formal,794,126,237,61.665000000000006,9.130000000000003,11.326984126984128,10.914260884657427
19,formal,958,143,301,38.88332750582751,13.756748251748252,16.52634032634033,14.790194502661404
20,formal,649,103,199,39.42496359223304,14.15735436893204,18.066990291262137,15.903189008614273
21,formal,382,52,118,21.668589743589763,14.543076923076928,16.933333333333334,15.021129683784007
22,formal,1490,199,451,32.741022613065354,13.63632663316583,16.60321608040201,14.975302809339372
23,formal,1108,171,326,46.422720588235336,12.06338235294118,14.852941176470589,13.624085052395262
24,formal,1779,247,548,39.25057692307695,12.167637362637361,14.83042220936958,13.707050652182112
25,formal,7440,991,2203,35.64890756302523,13.094830442815425,16.04918052327314,14.582561973415313
26,formal,544,75,164,24.243750000000006,14.535833333333336,17.1,15.247664890283005
27,formal,952,130,298,30.498846153846188,13.619010989010992,16.043956043956047,14.554592549557764
28,formal,1593,224,503,28.570892857142866,13.249107142857145,15.32857142857143,13.925175675911131
29,formal,1280,198,393,38.57738636363638,14.027146464646464,16.76868686868687,14.90622815163357
30,formal,1841,266,546,43.62041958041959,12.220151515151517,14.941258741258743,13.757784519515319
31,formal,462,82,145,62.22262195121952,9.673292682926832,13.078048780487805,12.161744961471694
32,formal,1608,239,490,46.02365918600228,12.237611259033859,15.050741726892355,13.747043046817236
33,formal,1463,207,438,41.49916387959868,11.426763285024158,14.485172798216277,13.397384779245865
34,formal,1244,187,363,56.57251336898398,9.591871657754012,12.789304812834224,12.24349002098031
35,formal,481,83,141,62.555742971887554,11.407228915662653,15.40401606425703,13.023866798666859
36,formal,2704,400,843,42.78594444444445,12.812166666666666,16.48888888888889,14.867677710551934
37,formal,1329,197,384,54.0675239706712,11.155803722504235,13.831697687535252,12.650343791298138
38,formal,2798,416,835,44.22937349397591,11.214120481927715,13.579759036144578,12.823951912226406
39,formal,950,126,296,43.56785714285715,10.660476190476192,13.536507936507938,12.650343791298138
40,formal,1290,184,381,51.00247035573125,10.30102766798419,12.560474308300396,12.079253325248377
41,formal,1104,146,337,36.45187739463603,12.17747126436782,14.444444444444446,13.383793397009324
42,formal,1296,191,390,46.178838350785355,12.749522251308903,16.04214659685864,14.37465228746014
43,formal,957,130,291,31.43388888888893,12.463333333333335,15.00854700854701,13.5591
44,formal,1512,199,471,26.78926381909551,14.466477386934674,16.60321608040201,14.975302809339372
45,formal,1053,151,306,42.45588668138339,11.505651214128036,13.598528329654158,12.838901577100671
46,formal,933,136,290,42.20310457516342,11.126862745098041,13.691503267973856,12.838901577100671
47,formal,790,116,246,53.018563218390824,10.667241379310347,14.285057471264366,13.5591
48,formal,1980,282,602,36.67214285714289,13.112857142857145,17.0,15.247664890283005
49,formal,746,102,244,28.540764705882367,14.346392156862745,16.78745098039216,15.112257680678326
50,formal,943,136,294,42.82516339869284,11.040098039215689,12.809150326797386,12.261556223090622
51,formal,1447,223,432,49.304818589482295,11.418605788830007,14.387117814920508,13.319297830178854
52,formal,889,127,260,26.509118110236216,15.871905511811025,20.553700787401574,17.80541091248751
53,formal,867,124,264,40.7070071684588,11.00430107526882,13.898207885304661,12.838901577100671
54,formal,1601,203,496,10.879361658456503,15.944445812807885,18.983415435139573,16.11434528070225
55,formal,855,142,259,52.19570422535213,11.018611670020125,13.748088531187122,12.785403640627713
56,formal,1452,223,432,51.040858744394626,11.680094170403589,15.377399103139016,13.968273953766033
57,formal,309,46,96,50.366565217391326,8.519739130434786,11.50608695652174,10.793553405168563
58,formal,1387,197,444,15.50604058721936,19.087642487046633,21.364075993091536,18.062587368997235
59,formal,800,114,253,36.01405263157895,13.90024561403509,16.83929824561404,15.112257680678326
60,formal,1231,154,395,34.08971428571431,12.330285714285715,15.510649350649352,13.968273953766033
61,formal,250,35,80,22.289642857142866,14.497857142857146,18.428571428571427,15.903189008614273
62,formal,857,116,255,33.857155172413826,12.139137931034483,16.83448275862069,14.554592549557764
63,formal,1384,203,411,26.410076628352527,15.179080459770116,19.071483305966066,16.728156217252725
64,formal,793,113,252,33.4926179941003,13.26650442477876,16.028908554572272,14.554592549557764
65,formal,1347,193,400,47.85275388601039,11.379487046632129,14.352124352331607,13.348371206891418
66,formal,1400,203,423,43.969030172413795,13.430387931034485,16.258374384236454,14.37465228746014
67,formal,951,133,302,20.860645363408537,15.856503759398496,19.392982456140352,16.92669308720184
68,formal,989,142,306,44.04551056338033,11.525457746478875,13.86056338028169,13.023866798666859
69,formal,1772,254,557,34.45700484554817,13.30716535433071,15.216959418534223,13.991409890343128
70,formal,1924,279,605,29.32940322580646,16.099602150537635,18.615197132616487,16.15616582465906
71,formal,720,111,221,48.97783783783785,10.367258687258687,13.910424710424714,13.023866798666859
72,formal,783,110,228,43.6375757575758,11.727272727272727,15.696969696969697,14.314028922438442
73,formal,1395,189,424,31.282777777777795,14.085390070921985,16.015130023640662,14.554592549557764
74,formal,1830,272,547,41.24220588235295,12.333466386554623,14.389075630252101,13.371156678226303
75,formal,790,112,243,25.486547619047627,14.341785714285717,16.395238095238096,14.790194502661404
76,formal,1189,207,360,64.71715415019764,8.907545015371106,11.778480456741327,11.20814326018867
77,formal,1044,152,318,43.952631578947376,11.848947368421054,14.705263157894738,13.624085052395262
78,formal,641,82,196,46.4608943089431,10.174146341463416,14.734959349593495,13.295006501635747
79,formal,1995,292,585,54.837888127853915,8.633082191780822,11.852968036529681,11.45678717892309
80,formal,1965,281,582,42.25111209964416,12.352447890188106,15.573055414336554,14.244340213328723
81,formal,1440,201,448,32.6442786069652,14.254328358208955,18.286567164179104,16.18397175987059
82,formal,912,128,274,40.56218750000002,11.576562500000005,13.5875,12.815532586354998
83,formal,1555,224,467,48.96553571428572,10.404464285714287,13.542857142857144,12.785403640627713
84,formal,1014,131,309,21.01437500000003,14.396250000000002,18.458396946564886,15.742502247213078
85,formal,2194,310,668,41.815118845500876,11.480254668930392,14.784380305602717,13.613851032357722
86,formal,1215,182,371,50.12597902097906,10.378111888111889,12.991808191808193,12.40481918309499
87,formal,911,141,285,57.582500000000024,11.065780141843977,13.65531914893617,12.457975602129121
88,formal,1554,233,477,47.007976871721525,9.918419170243208,11.358035288507393,11.20814326018867
89,formal,1578,217,495,29.102035851472493,14.010644472897997,17.698506188647034,15.668782140382117
90,formal,2182,334,658,51.886876247505,9.973336184773313,12.469689193042488,12.374306866263186
91,formal,1476,212,441,38.64348385167466,14.35951555023924,17.148564593301437,15.078166124597352
92,formal,1399,204,411,51.45970588235295,9.70168067226891,13.67170868347339,12.785403640627713
93,formal,1165,156,354,24.35019230769234,14.707307692307694,17.030769230769234,15.247664890283005
94,formal,3429,474,1042,30.141284962614264,14.142593925966956,16.598947659927997,14.981290276393054
95,formal,863,114,258,32.45000000000002,13.453333333333333,17.07368421052632,15.247664890283005
96,formal,1300,174,414,25.955407523510985,13.568746081504703,16.90198537095089,14.811377253095038
97,formal,1732,226,528,38.73332595870207,12.53553097345133,15.49793510324484,14.191785591663535
98,formal,1383,208,436,45.25897435897437,11.25269230769231,14.433333333333332,13.427899808715576
99,formal,1682,250,500,50.53962500000003,10.091750000000001,13.290000000000001,12.602617957971052
100,formal,1489,214,445,47.02560747663554,10.497596795727642,13.777837116154874,12.905362322585251
101,formal,2392,308,751,30.731314935064972,13.755162337662341,17.44025974025974,15.497558498333571
102,formal,891,124,273,50.77123655913982,11.311935483870972,14.395698924731185,13.295006501635747
103,formal,888,118,277,37.94925612052734,11.223333333333336,14.396986817325804,13.023866798666859
104,formal,839,133,254,53.97105263157897,10.451578947368422,14.517293233082706,13.484332010920856
105,formal,1434,205,455,23.84310975609759,15.026463414634147,18.346341463414635,16.15616582465906
106,formal,1282,149,396,19.104788590604016,14.296167785234903,18.577449664429533,15.514038796780547
107,formal,1835,244,538,53.231518804243024,9.400270009643204,12.134619093539056,11.78182255692154
108,formal,2277,301,672,26.491235294117672,13.94835294117647,18.258823529411767,15.827824993895579
109,formal,2760,445,818,59.68936563670414,9.540126404494384,11.82116104868914,11.29186615186298
110,formal,649,99,207,31.313750000000027,15.040277777777778,17.576767676767677,15.579741850924794
111,formal,1054,128,312,29.930500000000023,12.264500000000002,18.87,15.112257680678326
112,formal,2264,301,688,31.11140933729675,12.855530687183073,16.303619513901033,14.479175932971131
113,formal,1531,202,483,23.092545454545473,14.957252525252528,19.435151515151517,16.76809479433877
114,formal,1080,164,327,56.28090785907861,9.936178861788619,12.166937669376694,11.645159339076184
115,formal,1007,152,296,35.297982456140375,14.629473684210527,17.238596491228073,15.247664890283005
116,formal,1579,217,481,26.987956509216616,12.864351958525347,14.825921658986175,13.328392162939544
117,formal,1729,222,539,12.680301455301475,15.733063063063064,18.722661122661123,16.001076179640435
118,formal,892,126,271,51.031714285714315,9.271619047619051,11.38920634920635,11.20814326018867
119,formal,784,121,245,38.394059917355406,15.419070247933885,19.372727272727275,16.52667757954773
120,formal,938,133,288,45.18015151515155,10.601212121212122,12.836363636363638,12.261556223090622
121,formal,1802,250,521,44.51096923076926,11.828400000000002,15.212307692307693,13.991409890343128
122,formal,1323,204,402,42.02602941176474,13.732450980392159,17.258823529411767,15.247664890283005
123,formal,2196,286,668,24.520546328671344,14.279851398601402,17.77937062937063,15.579741850924794
124,formal,1181,179,352,51.32475093109872,9.806270949720673,13.117504655493484,12.457975602129121
125,formal,1326,161,420,11.659305555555562,16.049583333333334,19.611111111111114,16.594172100314452
126,formal,997,129,312,25.488139534883715,14.282414174972317,17.293909191583612,15.343465313023842
127,formal,1308,210,403,54.91772727272729,10.342121212121214,13.160173160173162,12.40481918309499
128,formal,961,140,292,39.97468253968256,11.54809523809524,15.650793650793652,14.06817628641468
129,formal,1184,159,371,18.186556603773596,17.306006289308176,22.423899371069183,19.117987234576393
130,formal,478,63,146,36.42017857142858,12.092182539682543,13.284126984126983,12.602617957971052
131,formal,4684,667,1393,42.631284502262474,11.430811085972852,13.447496229260935,12.730933301510706
132,formal,1357,209,413,44.66100478468903,11.750143540669857,14.872727272727275,13.747043046817236
133,formal,987,133,282,34.88834586466169,13.113233082706767,17.825563909774438,15.719379583869454
134,formal,773,121,242,55.04867768595045,9.875395513577335,11.872963400236129,11.491704259439757
135,formal,1955,278,602,34.81435851318949,14.158669064748203,16.17314148681055,14.554592549557764
136,formal,1820,278,536,25.546776978417256,16.60235971223022,19.89697841726619,17.353723509956247
137,formal,589,93,188,53.1523790322581,11.621586021505376,14.891397849462365,13.427899808715576
138,formal,868,124,264,40.7070071684588,11.00430107526882,13.898207885304661,12.838901577100671
139,formal,1602,203,496,10.879361658456503,15.944445812807885,18.983415435139573,16.11434528070225
140,formal,1401,203,423,43.969030172413795,13.430387931034485,16.258374384236454,14.37465228746014
141,formal,1925,279,605,29.32940322580646,16.099602150537635,18.615197132616487,16.15616582465906
142,formal,721,111,221,48.97783783783785,10.367258687258687,13.910424710424714,13.023866798666859
143,formal,1216,182,371,50.12597902097906,10.378111888111889,12.991808191808193,12.40481918309499
144,formal,1555,233,477,47.007976871721525,9.918419170243208,11.358035288507393,11.20814326018867
145,formal,1477,212,441,38.64348385167466,14.35951555023924,17.148564593301437,15.078166124597352
146,formal,1166,156,354,24.35019230769234,14.707307692307694,17.030769230769234,15.247664890283005
147,formal,3430,474,1042,30.141284962614264,14.142593925966956,16.598947659927997,14.981290276393054
148,formal,864,114,258,32.45000000000002,13.453333333333333,17.07368421052632,15.247664890283005
149,formal,1384,208,436,45.25897435897437,11.25269230769231,14.433333333333332,13.427899808715576
150,formal,1490,214,445,47.02560747663554,10.497596795727642,13.777837116154874,12.905362322585251
151,formal,2393,308,751,30.731314935064972,13.755162337662341,17.44025974025974,15.497558498333571
152,formal,889,118,277,37.94925612052734,11.223333333333336,14.396986817325804,13.023866798666859
153,formal,840,133,254,53.97105263157897,10.451578947368422,14.517293233082706,13.484332010920856
154,formal,1283,149,396,19.104788590604016,14.296167785234903,18.577449664429533,15.514038796780547
155,formal,1580,217,481,26.987956509216616,12.864351958525347,14.825921658986175,13.328392162939544
156,formal,893,126,271,51.031714285714315,9.271619047619051,11.38920634920635,11.20814326018867
157,formal,785,121,245,38.394059917355406,15.419070247933885,19.372727272727275,16.52667757954773
158,formal,939,133,288,45.18015151515155,10.601212121212122,12.836363636363638,12.261556223090622
159,formal,2197,286,668,24.520546328671344,14.279851398601402,17.77937062937063,15.579741850924794
160,formal,1327,161,420,11.659305555555562,16.049583333333334,19.611111111111114,16.594172100314452
161,formal,750,101,226,21.567666666666668,18.532000000000007,22.533333333333335,18.946978176291534
162,formal,1185,159,371,18.186556603773596,17.306006289308176,22.423899371069183,19.117987234576393
163,formal,988,133,282,34.88834586466169,13.113233082706767,17.825563909774438,15.719379583869454
164,formal,1956,278,602,34.81435851318949,14.158669064748203,16.17314148681055,14.554592549557764
165,formal,892,114,265,39.620438596491255,10.879824561403506,13.487719298245615,12.457975602129121
166,formal,778,121,236,48.056942148760356,10.850602125147581,13.195277449822905,12.540900571622839
167,formal,1816,249,550,38.65808734939759,13.022178714859443,16.49277108433735,14.90622815163357
168,formal,902,133,281,37.757181818181834,14.551454545454547,18.741818181818182,16.404322709996244
169,formal,1326,207,409,55.20701219512196,10.651829268292687,14.053658536585367,13.023866798666859
