Year,Level,Title,Topic Category,Abstract,Direct Link,Keywords,Permanent Link,Full Text,new
2005,Independent thesis Basic level (degree of Bachelor)Student thesis,"Palliativ vård Blekinge Institute of Technology, School of Health Science. Blekinge Institute of Technology, School of Health Science.",Nursing,"I dagens samhälle drabbas många människor av cancer, där flertalet av de drabbade lider av smärta. En liten del av Danmarks cancerpatienter har möjligheten att avsluta sitt liv på Hospice. Syftet med studien var att genom fyra intervjuer belysa danska sjuksköterskors upplevelser av att vårda cancerpatienter med smärta på Hospice. Studien är fenomenologiskt inriktad. Teoretikern som användes i studien ar Katie Eriksson. Hon framhäver att kroppslig smärta på grund av sjukdom kan vara outhärdlig och skapa en ångest inför sjukdom till en själslig och andlig död. Som metod i studien användes innehållsanalys, där intervjuerna analyserades och sammanställdes. Resultatet i studien tyder på att sjuksköterskor upplever närvaro som en väsentlig del av vården med smärtpåverkade cancerpatienter. Analysen visar att närvaro innefattar närhet, beröring samt kommunikation.",,"Palliativ vård, cancer, smärta, Hospice, omvårdnad, Eriksson.",,,1
2002,Independent thesis Basic level (degree of Bachelor)Student thesisAlternative title,Säkerhetskapital En del av det Intellektuella Kapitalet,Business Administration,"Det saknas metoder att mäta informationssäkerhet inom företag och företagets tillgångar har förändrats från ett fokus på maskiner och råvaror till kunskap (intellektuellt kapital). Rapporten utforskar om det finns delar av företags intellektuella kapital som beskyddar företagets tillgångar och processer. Detta kapital kallas säkerhetskapital. Hur skulle företags informationssäkerhet kunna tydliggöras genom dess intellektuella kapital och hur kan begrepp inom informationssäkerhet och företagsvärdering hänga samman? Syftet med uppsatsen är att öka förståelsen hur informationssäkerhet är relaterat till intellektuellt kapital. Rapporten bygger på litteraturstudier om intellektuellt kapital och informationssäkerhet. Data har samlats in från dels börsnoterade företags årsredovisningar och dels från pressreleaser och börsinformation. Denna information har sedan analyserats både kvantitativt och kvalitativt och begreppet säkerhetskapital har växt fram. Teorier om företagsvärdering, intellektuellt kapital, risk management och informationssäkerhet presenteras och blir den referensram i vilket begreppet säkerhetskapital sätts i sitt sammanhang. Begreppet säkerhetskapital presenteras i form av modeller och situationer vari olika perspektiv på säkerhetskapital analyseras och utvärderas. Slutsatserna är främst i form av modeller och beskrivningar av hur man kan se på säkerhetskapital i förhållande till intellektuellt kapital och andra begrepp. Området är komplext men delar av resultaten (som är på en hög abstraktionsnivå) kan användas för att värdera andra typer av immateriella tillgångar.",,"Intellektuellt kapital, informationssäkerhet, risk, säkerhetskapital",,,1
2002,"Independent thesis Basic level (degree of Bachelor), 10 credits / 15 HE creditsStudent thesis",Innan den strukturella differentieringens tidevarv,Religious Studies,"Syftet med denna undersökning är att få en inblick i om och hur förlusten av sockenkyrkan påverkade livet i Nedertorneå-Haparanda församling socialt samt religiöst och i så fall hur eventuella förändringar yttrade sig när de efter kriget 1809 förlorade hemkyrkan på Björkön-Pirkkiö till Ryssland. Församlingskyrkan blev efter gränsdragningen kvar på ryskt område. Eftersom kyrkan ansvarade för ett flertal nuvarande statliga uppgifter under denna tid, har jag funderat på hur undervisning, fattigvård samt sjukvård fungerade utan kyrka och prästerskap. Hur förrättningar och gudstjänster fungerade i en sådan komplex situation är ytterligare faktorer jag studerat närmare. För att ta reda på hur det förhöll sig med detta under den här tidsperioden har jag ägnat mig åt litteraturstudium; vilket till största delen varit av historisk karaktär. Det har rört sig om kyrkohistoria, studium av samhällsutveckling, samt allmän global och lokal historia. Utifrån det samlade materialet har jag kommit fram till att livet påverkades ur flera aspekter för invånarna i Nedertorneå-Haparanda församling när de förlorade sockenkyrkan 1809. Undervisningen med husförhör fungerade inte som de skulle, negligering av förbud att bevista den gamla stenkyrkan förekom samt en likgiltighet hos föräldrarna att undervisa sina barn och hålla husandakt är några exempel på hur detta kom till uttryck hos lokalbefolkningen.",,"sockenkyrka, kyrkoförlust, Tornedalen, Haparanda, Björkö, 1809-års krig",,,1
2006,"Independent thesis Basic level (degree of Bachelor), 10 credits / 15 HE creditsStudent thesis","Matematik för alla?: Hur lärare arbetar med individualisering Alén, Leif",Didactics,"Utgångspunkt för arbetet har varit de brister i matematikkunskaper hos eleverna som framkommit i ett flertal rapporter, samtidigt som många framställningar pekar på att dagens matematikundervisning bedrivs på ett mycket traditionellt sätt. Syftet med denna uppsats har varit att ur ett matematikdidaktiskt perspektiv belysa hur matematiklärare i grundskolans senare år planerar, genomför, följer upp och utvärderar sin undervisning i avsikt möta den stora variation av elever som finns i varje elevgrupp, dvs hur lärare arbetar för att variera sin undervisning i syfte att individualisera för eleverna. Undersökningen har genomförts som en kombination av enkät och intervju, där den inledande enkäten dels har gett en bred bild av lärarnas uppfattningar inom några väsentliga områden dels använts för att fånga in intervjupersoner för den efterföljande intervjun. Den senare delen av undersökningen, där avsikten varit att komma några utvalda lärare närmare in på livet, har genomförts som kvalitativa intervjuer. Resultatet av undersökningen visar att det både finns stora variationer mellan olika lärares sätt att arbeta, samtidigt som det finns många gemensamma uppfattningar. Den bild som jag fått genom intervjuerna, vilken i mycket stämmer överens med flera tidigare undersökningar, är att den dominerande formen av individualisering är hastighetsindividualisering där eleverna arbetar med samma material men i olika takt. För att individualisera undervisningen på ett mer effektivt sätt krävs troligtvis en större variation, än vad denna undersökning kunnat visa, både vad gäller innehåll och metoder. Ofta handlar det om resurser, intentioner kontra betingelser, och frågan om att låta sig styras eller att försöka påverka och styra. För att kunna arbeta efter det senare alternativet krävs ett systematiskt och strukturerat angrepps- och arbetssätt. Detta kräver i sin tur åtgärder på flera olika nivåer inom skolan.",,"matematik, individualisering, lärare",,,1
2006,Independent thesis Basic level (degree of Bachelor)Student thesis,"Effekten av varumärkes beskrivning på studenters attityd kring värdering och ägande av produkter Blekinge Institute of Technology, School of Management.",Business Administration,Denna studie utgörs av ett explorativt experiment. Det som har legat i fokus för denna studie har varit att mäta attityd gentemot varumärkes produkter. Eftersom det har skett genom experiment har det centrala varit att se hur attityden påverkas. Studien använder sig av vissa teorier kring varumärken som råd och tips i upplägget av experimentet. En av hypoteserna som ställdes i studien var att positiv beskrivning av varumärkes produkter ger högre utfall i värderandet och viljan att äga produkten än neutral beskrivning. Den andra hypotesen var att det inte finns någon könsskillnad i utfallet. Experimentet gav ett samstämmigt svar sett till hypotesen men vissa överraskningar och mer oväntade resultat framkom också.,,"attityd, varumärken, produkter",,,1
2006,Independent thesis Basic level (degree of Bachelor)Student thesis,"Ickeverbal kommunikation: Hur kontakt kan skapas med demensdrabbade genom beröring och genom musik Blekinge Institute of Technology, School of Health Science. Blekinge Institute of Technology, School of Health Science.",Nursing,"Bakgrund: Att skapa kontakt med demensdrabbade kan vara svårt om vårdaren inte har rätt kunskap i hur kontakt kan skapas. Den ickeverbala kommunikationen såsom beröring och musik kan vara av betydelse när kontakt ska skapas. Människan förknippar beröring med att vara omtyckt och genom detta ökar känslan av trygghet och tillit och på så sätt kan kontakt skapas. Ett annat sätt att skapa kontakt på är genom musik, där det har visat sig att minnet av sång och musik betyder mycket för människan och kan stärka kommunikationen. Syfte: Syftet med studien är att belysa hur kontakt kan skapas med demensdrabbade genom beröring och genom musik. Metod: En litteraturstudie som är baserad på åtta vetenskapliga artiklar. Artiklarna ar granskade och analyserade efter Burnards innehållsanalys. Orlandos omvårdnadsteori användes som teoretisk referensram och som b1.a. tar upp interaktionen mellan vårdare och patient. Resultat: I resultatet har det visat sig att genom beröring och genom musik kan vårdare få en ökad förståelse för den demensdrabbade. Kontakt och kommunikation skapar gemenskap mellan demensdrabbade och deras vårdare, känslor av välbefinnande bildas och minnesförmågan hos personer med demenssjukdom ökar.",,"Demens, beröring, ickeverbal kommunikation, musik, välbefinnande",,,1
2001,Independent thesis Basic level (degree of Bachelor)Student thesis,Varför team? En fallstudie på tre företag.,Business Administration,"SAMMANFATTNING Problem: Det finns många tankar om organisationer och hur de ska styras. Förr handlade det om att styra företagets olika resurser för att uppnå lönsamhet. I dag krävs det mer av företagen och dess traditionella organisationsformer sätts på prov. För att utvecklas och framförallt kunna konkurrera i den allt mer föränderliga omgivningen krävs det att organisationerna är öppna för nya tankesätt. Det pågår en övergång från traditionella organisationer till processorienterade organisationer. Med detta följer ofta att team inrättas. Teamen har kommit att bli grunden i de processorienterade organisationerna. Utifrån detta vill vi veta varför organisationer har infört team? Hur styr organisationen teamen? Har förväntningarna uppfyllts? Syfte: Syftet med uppsatsen är att vi ur ett ledningsperspektiv vill beskriva varför företag har infört team, hur de har utformat dem och hur de styrs. Vi vill även se om det finns indikationer på överensstämmelse mellan förväntningar och verklighet. Metod: Vi har valt att göra en kvalitativ studie då vi vill beskriva en händelse. En fallstudie passar oss bäst då vi vill få en djupare förståelse för vad införandet av team har inneburit. Slutsats: Organisationerna inför team för att de vill öka lönsamheten och motivationen hos de anställda. Införandet av team leder till att medarbetarna får större ansvar och det ökar deras motivation. Detta leder i sin tur till att företaget kan öka sin flexibilitet, kostnadseffektivitet och leveranssäkerhet. Dessa tre är faktorer som kan påverka lönsamheten.",,"styrning, team, flöde, flödesorientering, process, processorientering, lönsamhet",,,1
2002,Independent thesis Basic level (degree of Bachelor)Student thesisAlternative title,Kartläggning och utvärdering av utbildningar: en svaghet i företag?,Business Administration,"Kurs: Kandidatuppsats 41-60p, våren - 2002, Företagsekonomi Titel: Kartläggning och utvärdering av utbildningar - en svaghet i företag? Författare: Annika Andersson , Nina Blomkvist och Goce Lamevski Handledare: Göran Alsén, IEM, Blekinge Tekniska Högskola Syfte: Vårt syfte med uppsatsen är att beskriva och skapa förståelse för vilka faktorer som ligger bakom hur företag kartlägger utbildningsbehov, vilka utvärderingsmetoder som används samt hur effekter kan tydliggöras i organisationen. Vidare är syftet att efter studien kunna bemöta den kritik som vi tar upp i problemdiskussionen. Metod: Vi har i denna studie använt oss av semistrukturerade, kvalitativa intervjuer med utbildningsansvariga inom telecombranschen. Slutsats: I vår studie har vi kommit fram till att företag lägger ner, ett till synes noggrant arbete med att karlägga behov för utbildning, i kontrast till den kritik som har framhållits av forskare. Vidare har vi funnit att företag främst använder sig av enkäter vid utvärderingsprocessen, samt att syftet med utvärderingen i första hand, verkar vara att förbättra kommande utbildningar. Vad gäller att tydliggöra effekter av utbildningar, har vi uppmärksammat att den dynamiska miljön kan vara en förklarande faktor till varför inte företag lägger ner mer tid och resurser på detta moment. Vi har gjort tolkningen att tillverkande företag, i större bemärkelse än tjänsteföretag, har möjlighet att genom kunskapsprövning, utläsa effekter av utbildning.",,"utbildning, karläggning av utbildningbehov, utvärdering av utbildning",,,1
2006,"Independent thesis Basic level (degree of Bachelor), 10 credits / 15 HE creditsStudent thesis",Kan iranska aktörer påverkas?: USA:s förmåga till strategiskt inflytande ur ett fältperspektiv Swedish National Defence College.,Political Science,"Sedan 1979 när den amerikanska ambassaden i Teheran ockuperades av studenter och personalentogs som gisslan under 444 dagar har kontakterna mellan Iran och USA varit ansträngda. Iran harbland annat pekats ut av president George W Bush som ”en av ondskans axelmakter”. Syftet meddenna uppsats är att undersöka vilka metoder för amerikanskt strategiskt inflytande som haranvänts av USA mot Iran och haft framgång. Den valda metoden är kvalitativ textanalys. Utifrånfrågeställningen:Vilken/vilka typer av strategiskt inflytande har varit effektiva för att påverka styret av Iran?granskas tre fall av informationsoperationer (militär-, politisk- och mediaoperation) genomfördamot Iran mellan 1979 och 2006. Aktörerna ayatolla, parlament, president, prästerskap ochmedelklass beskrivs utifrån Pierre Bourdieus fältteori för att belysa vilka metoder som varitändamålsenliga och framgångsrika från USA:s sida. Granskningen visar att USA:s främsta väg tillframgång har varit psyops och mjuka metoder mot utvalda grupper medan direkt konfrontation iform av hårda politiska påtryckningar och hot om, eller bruket av militära medel inte i sammautsträckning varit framgångsrika.",,"USA, Iran, Utrikespolitik, Informationskrigföring, Chefsprogrammet, Chefsprogrammet 2004-2006, Uppsatser",,,1
2004,"Independent thesis Basic level (degree of Bachelor), 10 credits / 15 HE creditsStudent thesis",Inställningar till självläkning: - en studie av diskurser kring beroendeproblematik,Social Work,"Föreliggande rapport redovisar resultat från den svenska pilotstudien inom det internationella s.k. SINR-projektet (Societal Images of Natural Recovery). Detta projekt syftar till ökad kunskap om hur olika synsätt, hos allmänheten såväl som inom olika professionella grupper, påverkar människor möjligheter att komma tillrätta med olika former av missbruk. Som ett första steg i projektet har i hittills sex större städer i fem olika länder ett mindre antal svarande, representerande olika samhällsgrupper, tillfrågats om sin uppfattning om möjligheterna att på egen hand ta sig ur olika slag av missbruksproblem. Den svenska pilotstudien har, på uppdrag av FoU-enheten, av tre socionomstuderande vid Stockholms universitet i form av ett examensarbete. Rapporten innehåller inledningsvis en översiktlig sammanfattning av förekommande perspektiv på olika former av missbruk, av aktuell forskning om s.k. ”självläkning” (”natural recovery”) från sådana problem, och av attributionsteori och attributionsforskning. Därefter redovisas resultat den svenska pilotstudien. Denna bygger på intervjuer med femton personer, representerande fem olika samhällssektorer: ”behandling”, ”kontroll”, ”vardagsterapeuter”, ”media” och ”allmänhet”. De frågor som står i fokus är respondenternas syn på möjligheten till ”självläkning” från elva olika former av missbruksproblem och vad de upplever som de största hindren mot effektiva lösningar på dessa problem. Svaren relateras också till eventuella erfarenheter (egna eller närståendes) av de aktuella problemen. Bland de mest intressanta resultaten är att de svarande tämligen genomgående ser ”illegala” beroendeproblem (olika narkotiska preparat) som betydligt svårare att komma tillrätta med än ”legala” sådana (alkohol, tobak, spel, shopping). På samma sätt uppfattas substansrelaterade beroenden ganska genomgående som betydligt svårare än beteenderelaterade sådana (spel och shopping). Om man ser till specifika former av missbruk finns ett starkt samband mellan de svarandes (negativa) syn på möjligheten att sluta med amfetamin, kokain och heroin. Däremot uppfattas cannabis som nästan lika lätt att sluta med som rökning, det beroende som de svarande i genomsnitt uppfattar det som allra lättast att komma tillrätta med. Representanterna för behandlingsområdet är, intressant nog, ganska genomgående de mest pessimistiska när det gäller möjligheten att ta sig ur ett missbruk på egen hand, medan mediarepresentanterna är de mest optimistiska. Sammantagna antyder resultaten att människor ganska lätt införlivar den officiella och av media reproducerade bilden av olika självdestruktiva beteenden. Samtidigt indikerar skillnaderna mellan olika grupper av svarande att uppfattningarna i vissa avseenden skiljer sig påtagligt åt mellan olika samhällssektorer, något som pekar på behovet av fortsatta, mer ingående studier på detta område. I ett avslutande Appendix görs några jämförelser mellan data från Stockholm och från de fem övriga deltagarstäderna. Dessa visar både på vissa likheter – t.ex. att representanterna för behandlingsområdet i flertalet städer är de mest pessimistiska vad gäller människors möjligheter att sluta med ett missbruk på egen hand – och vissa skillnader – t.ex. den särställning Sverige tycks ha när det gäller demoniseringen av heroin som den svåraste och farligaste av alla droger. Dessa resultat talar för värdet av en tvärkulturell ansats till dessa frågor.",,"Beroende, missbruk, social avvikelse, socialt stigma, icke behandlingsrelaterade",,,1
2004,Independent thesis Basic level (degree of Bachelor)Student thesis,"Svårigheter i mötet mellan svensk sjukvårdspersonal och personer med invandrarbakgrund: en litteraturstudie Blekinge Institute of Technology, School of Health Science. Blekinge Institute of Technology, School of Health Science.",Nursing,"Bakgrund: Enligt statistiska central byråns prognos (2003) kommer invandrare eller barn till invandrare att stå för cirka åtta procent av Sveriges befolkningsökning inom de närmsta tjugo åren. För att kunna bistå med god vård på lika villkor för hela befolkningen måste den svenska sjukvården anpassas efter det mångkulturella samhälle vi lever i. Syfte: Denna litteraturstudie syftar till att belysa svårigheter som kan påverka mötet mellan svensk vårdpersonal och personer med invandrarbakgrund. Metod: Litteraturstudien bygger på sju vetenskapliga artiklar, alla med kvalitativ forskningsansats. Studien analyserades utifrån Malterud (1996). Resultat: Resultatet av studien visar att verbal och icke-verbal kommunikation, kulturella olikheter och invandrares syn på sjukvård kan försvåra mötet mellan svensk sjukvårdspersonal och personer med invandrarbakgrund.",,"Mångkulturell, omvårdnad, svårigheter, invandrare, Sverige",,,1
2004,Independent thesis Basic level (degree of Bachelor)Student thesis,"Organiserat samarbete mellan lärare och kollegor inom IKT-baserad distansundervisning Blekinge Institute of Technology, School of Management. Blekinge Institute of Technology, School of Management.",Pedagogy,"Abstrakt Detta är en hermeneutisk studie där vi använt oss av intervjuer som datainsamlingsmetod. Vi har studerat samarbete ur ett lärarperspektiv i distansundervisning på Blekinge Tekniska högskola (BTH). Vad vi fann var att lärarna och deras kollegor efterfrågade ett mer organiserat samarbete dem emellan. Två former för ett ökat samarbete är, samarbete i team och i distansnätverk, vilka kan existera parallellt med varandra. I nätverket ingår alla personer som arbetar med distanskurser, allt ifrån lärare till tekniker. Team är en mindre enhet för samarbete och är uppbyggd runt en specifik distanskurs. Deltagarna i teamet är experter på olika yrkesområden och kan komplettera och hjälpa varandra. Lärarna är experter på sitt område, vilket är undervisning, och vill inte behöva känna sig tvingade att bli experter på nya områden, för att kunna undervisa på distans. Undersökningen visar att de teammedlemmar som kan vara till hjälp för lärarna är: Andra lärare, Administratörer, Teknikpedagoger, Bibliotekarier, Inlånade kompetenser, Tekniker och Studentrepresentanter. Kursen och temadeltagarna, i huvudsak lärarna, avgör när och hur mycket de olika experterna behövs under kursen. Men det är viktigt att vara medveten om att alla inte vill arbeta i team eller anser att samarbete alltid är positivt. Samarbete och teamarbete ska ses som ett stöd för lärarnas i deras arbete.",,"Administratör, Distanskurs, Distansundervisning, Högskoleundervisning, Lärare, Nätverk, Organiserat teamarbete, Samarbete, Team, Teknikpedagog",,,1
2006,"Independent thesis Basic level (degree of Bachelor), 10 credits / 15 HE creditsStudent thesis",”Ett papper som hamnar någonstans?” En kvalitativ undersökning om åtgärdsprogram i förskolan,Pedagogy,"Alla barn i förskolan har rätt till stimulans efter sina behov och förutsättningar. De barn som behöver extra stöd ska få det. För barn i behov av särskilt stöd och deras föräldrar samt lärare kanske åtgärdsprogram kan vara ett hjälpmedel i arbetet. Syftet med studien är att undersöka förekomsten, användandet samt behovet av åtgärdsprogram i förskolan. Vi vill även undersöka specialpedagogens roll och delaktighet i upprättandet av åtgärdsprogram. I litteraturbearbetningen belyses förskolans historia, förskolans ansvar, specialpedagogik, utvecklingsekologi, barn i behov av särskilt stöd, åtgärdsprogram och individuella utvecklingsplaner. Den empiriska delen av uppsatsen har utförts med kvalitativa enskilda intervjuer. Målgruppen består av tolv lärare från tre olika småstäder. Studien visar att alla förskolorna i undersökningen använder sig av åtgärdsprogram, trots att de till skillnad från skolan inte är skyldiga att göra detta enligt lag. Åtgärdsprogrammen används dock i skiftande omfattning. Det är inte alla förskolor som har hjälp och handledning av specialpedagoger inför och under samtal angående åtgärdsprogram. Några av respondenterna framhåller att dokumenten inte alltid är anpassade till förskolan utan att de får använda sig av de dokument som är utformade till skolan. Flertalet av lärarna menar att det finns ett behov av åtgärdsprogram. De anser att det framför allt gynnar barnet, men att åtgärdsprogrammet också kan vara till hjälp för personal och föräldrar.",,,,,1
2006,Independent thesis Basic level (degree of Bachelor)Student thesis,"Upplevelser av interaktionen mellan klient och socialsekreterare -sett ur ett maktperspektiv Blekinge Institute of Technology, School of Management. Blekinge Institute of Technology, School of Management.",Social Work,"För socialtjänstens klienter innebär klientskapet en ovillkorligt underordnad roll, där individen befinner sig i en situation denne inte styr över. Individen etablerar en relation till den offentliga hjälpapparaten som samtidigt är en maktapparat. Det övergripande syftet med studien är att skapa förståelse för hur den specifika ekonomisektionen inom socialförvaltningen, i en kommun i södra Sverige, som avgränsat socialt fält, är konstruerat. Ett delsyfte är att belysa hur enskilda socialsekreterare inom denna sektion samt ett urval av deras klienter, upplever interaktionen vid handläggning av ekonomiskt bistånd. Ytterligare ett delsyfte är att få en förståelse för hur de sociala konfigurationerna ter sig samt hur makt konstrueras, i interaktionen mellan klient och socialsekreterare. Tidigare forskning inom området, av Greta-Marie Skau och Leila Billqvist, belyser problematiken i den svåra balanssituation som socialsekreterare befinner sig i, vad gäller att ha makt och ge hjälp samt vad som sker i klientprocessen. Studiens teoretiska ansats utgörs av Tillys teori om beständig ojämlikhet, där fokus ligger på kombinationer av sociala konfigurationer samt den kategoriella ojämlikhetens orsaksmekanismer. Studien metodologiska ansats är av abduktiv art, varpå Tillys teori utgör grunden för den empiriska datainsamlingen. Genom studiens resultat modifieras därefter denna teori. För den empiriska datainsamlingen tillämpas en metodtriangulering, i form av personliga dokument samt semistrukturerade intervjuer. Huvuddraget i resultatet inbegriper upplevelser av distinktionen i socialsekreterarrollen, vilken består av dels en hjälpande/behandlande funktion, dels en myndighetsutövande funktion. Resultatet påvisar även en distinktion vad gäller klientrollen, då den består av såväl rättigheter som skyldigheter. Vidare presenteras upplevelser av interaktionen mellan klient och socialsekreterare, varigenom ojämlikheter upprättas och vidmakthålls. Av analysen framgår att en beständig ojämlikhet råder i interaktionen mellan klient och socialsekreterare. Denna ojämlikhet yttrar sig inom det kategoriella paret, vilka karaktäriseras av inre och yttre kategorier, således tenderar den kategoriella ojämlikheten att vara strukturellt betingad. Ojämlikheten och maktobalansen upprättas genom exploatering och möjlighetsansamling samt vidmakthålls genom efterlikning och anpassning.",,"Interaktion, Makt, Sociala konfigurationer, Exploatering, Möjlighetsansamling, Klient, Socialsekreterare",,,1
2006,Independent thesis Basic level (degree of Bachelor)Student thesis,"Att drabbas av prostatacancer: Männens upplevelser av sjukdomen Blekinge Institute of Technology, School of Health Science. Blekinge Institute of Technology, School of Health Science.",Nursing,"Prostatacancer är den vanligaste cancerformen hos män och drabbar i genomsnitt 8000 personer per år. För de drabbade männen kan vardagslivet förändras, både på grund av cancersjukdomen och av behandlingen. Behandlingen kan leda till komplikationer som inkontinens och impotens vilket kan påverka mannens fysiska existens, sociala identitet och trygghet. Studiens teoretiska referensram utgår från Cullbergs kris- och utvecklingsteori. Studiens syfte var att belysa hur man upplever livet efter diagnosen prostatacancer. Syftet besvaras genom en kvalitativ innehållsanalys av elva vetenskapliga artiklar. Innehållsanalysen inspirerades av Malterud (1998). Resultatet visade att prostatacancer påverkade männens dagliga liv och sociala relationer. En stor del av manligheten upplevdes som förlorad och männen ifrågasatte deras identitet så som de hade identifierat sig själva före sjukdomen.",,"Prostatacancer, komplikation, sidoeffekt, upplevelse",,,1
2005,"Independent thesis Basic level (degree of Bachelor), 10 points / 15 hpStudent thesis","Lek en livsnödvändighet: Tänkande om lek i grundskolan och träningsskolan Wiss Kvist, Ann-Christin",Pedagogy,Syftet med denna uppsats är att belysa pedagogers uppfattning om lekens betydelse för barns utveckling och lärande i grundskolan och träningsskolan samt på vilket sätt pedagoger tillämpar lek i sin undervisning. Synen på lek har varierat under tidens gång. Leken har tillmätts stor betydelse för barn och dess utveckling. I vårt litteraturavsnitt har vi valt att skriva en allmän historisk bakgrund kring lek och olika teorier om lek. Genom kvalitativa intervjuer med pedagoger i de båda verksamheterna har vi fått en bild av vad lek är för dem och i vilken utsträckning de använder sig av leken i sin undervisning. Resultatet av vår undersökning visar att pedagogerna i de båda verksamheterna anser att leken har betydelse för barnets utveckling och lärande. Leken används i båda verksamheterna på olika sätt och i varierande utsträckning.,,"Barn, lek, inlärning, pedagogperspektiv, grundskola, träningsskola",,,1
2004,"Independent thesis Basic level (degree of Bachelor), 10 credits / 15 HE creditsStudent thesis",Framgångsfaktorer bakom gerillakrigföring Swedish National Defence College.,Political Science,"Gerillakrigföring som metod i konflikter som inte är mellanstatliga är aktuella att studera ur ett svensktperspektiv. Ett ökat internationellt militärt åtagande föranleder valet av ämne, samtidigt som okonventionellatillvägagångssätt omgärdas av fascination. Uppsatsen undersöker vilka faktorer som ligger bakomframgångar med gerillakrigföring, i syfte att öka medvetenheten om de företeelser som behöver uppmärksammasi en konflikt med gerillakrigsinslag.I arbetet utnyttjas en induktiv metod kombinerad med fallstudier. Inledningsvis skapas en definitionsgrundför gerillakrigföring. Därefter prövas teorin om krigföringens principer som framgångselement på krigen iAlgeriet (1954-62) samt Malaysia (1948-57). De viktigaste resultaten är att framgångsfaktorer på taktisknivå skiljer sig marginellt mellan gerillakrigföring och konventionell krigföring. Vidare har interaktionenmellan civilbefolkningen, motivet för kamp och aktörerna som brukar gerillametoder framkommit somytterst väsentlig för utgången av de studerade konflikterna.Problemställningen för undersökningen är: Beror det på krigföringens principer att gerillataktik kan varaframgångsrik? Den avslutande diskussionen konstaterar att vid ett möte med okonventionella metodermåste hela existensen för en konflikt beaktas.",,"Krigföring, Gerillakrigföring, Malaysia, Algeriet, Fallstudier, Uppsatser, Chefsprogrammet, Chefsprogrammet 2002-2004",,,1
2004,Independent thesis Basic level (degree of Bachelor)Student thesis,"Informationens betydelse i den preoperativa vården Blekinge Institute of Technology, School of Health Science. Blekinge Institute of Technology, School of Health Science.",Nursing,"Bekgrund: Tidigare studier visar att preoperativ information är viktigt för patienterna. Via informationen reduceras ångest och oro. Studierna har tagit upp vad patienterna vill ha med i sin information och hur vårdaren ska ge informationen. Ingen av studierna har med djupare förståelse beskrivit hur patienterna upplever den preoperativa informationen. Syfte: Syftet med studien var att belysa informationens betydelse ur patientens perspektiv i den preoperativa vården. Metod: Litteraturstudien byggde på sju artiklar, varav fem med kvalitativ forskningsansats och två med kvantitativ ansats. Studierna granskades och analyserades enligt Graneheim och Lundmans (2003) analys modell, med avsikt att komma fram till olika kategorier/subgrupper. Sju subkategorier framkom och delades in efter samhörighet till två kategorier. Resultat: Preoperativ information och sättet att delge den visade sig vara av stor vikt gör patienterna. De upplevde större delaktighet i sin vård. Komplikationerna minskade postoperativt och sjukhusvistelserna kortades ner. Vid det första mötet mellan vårdare och patient skapades både tillit och kontinuitet, det visade vara av stor vikt för dem. Patienterna upplevde en större trygghet när tid togs till preoperativ information. Diskussion: Patienterna tyckte att den preoperativa informationen var minst lika viktigt som bemötandet vid informationstillfället. Informationen måste vara anpassad till patienterna och delges på ett sätt som passar dem. Patienterna tyckte att det var viktigt när vårdaren i sitt bemötande var lugn och förtroendegivande.",,"Preoperativ vård, preoperativ utbildning, preoperativ information, oro, stress",,,1
2005,Independent thesis Basic level (degree of Bachelor)Student thesis,"Hur den förändrade sexualiteten kan påverka mannens självbild och relationer efter behandling av prostatacancer Blekinge Institute of Technology, School of Health Science. Blekinge Institute of Technology, School of Health Science.",Nursing,"Varje år får allt fler män diagnosen prostatacancer och behandlas för sjukdomen. Detta innebär också att fler män drabbas av de biverkningar som behandlingen kan medföra. Impotens ar en vanlig biverkning. Syftet med studien var att belysa hur den förändrade sexualiteten i samband med behandling av prostatacancer kan påverka mannens självbild och relationer. Metoden som använts var litteraturstudie. Resultatet visar, att förlorad potens påverkar mannens välbefinnande eller lidande gällande sexualitet. Dessa förändringar leder ofta till att mannens självbild och identitet tar skada. Detta påverkar i sin tur mannens relation med sin partner och andra. I diskussionen framkommer vikten av sjuksköterskans förståelse samt bemötande av dessa ofta äldre män, då sexualitet fortfarande ar ett tabubelagt område för dem. En tänkbar omvårdnadsintervention är att använda sig av PLISSIT-modellen.",,"prostatacancer, impotens, erektil dysfunktion, omvårdnad, livskvalitet",,,1
2002,Independent thesis Basic level (degree of Bachelor)Student thesisAlternative title,"Trouble Ticket ""Kommunikationen gav oss vind i seglen""",Information Systems,"Rapporten huvudsyfte är att beskriva hur vi genom användning av språk och kommunikation har kunnat tillgodose våra användares krav på ett ärendehanteringssystem, samt på vilket sätt vi har använt artefakter för att kommunicera. Vi kommer att beskriva olika delar av projektet där språk och kommunikation har haft centrala ""roller"" och visat sig ha olika betydelse beroende på de personer som medverkar och i vilken miljö situationen har utspelat sig. Rapporten behandlar även hur resultatet av ovanstående har lett oss in i en utvecklingsprocess där vi försökt tillgodose användarens krav på bästa sätt. Vi kommer också att beskriva de kända och tidigare okända metoder som vi använt oss av för att uppnå vår målsättning, att överlämna en första prototyp av ett ärendehanteringssystem.",,"systemutveckling, designprocess, användare, befintligt system, språk, kommunikation genom artefakter och arbete i grupp",,,1
2005,Independent thesis Basic level (degree of Bachelor)Student thesisAlternative title,"Fysisk beröring för människans välbefinnande? Blekinge Institute of Technology, School of Health Science. Blekinge Institute of Technology, School of Health Science.",Nursing,"Bakgrund: Mycket tyder på att massage har förekommit i många kulturer under flera århundranden. tidigare forskning visar att råttor som blev strukna på magen eller ryggen blev lugnare och fick lägre blodtryck som följd. Syfte: Syftet med studien var att belysa om terapeutisk fysisk beröring har någon effekt för människors välbefinnande. Metod: En litteraturstudie som bygger på nio artiklar. Artiklarnas resultat analyserades med hjälp av Graneheim & Lundmans innehållsanalysmetod. Detta resulterade i tio subkategorier och tre kategorier. Resultat: I flera fall uppgav testpersonerna att deras smärta, oro och ångest lindrades. Resultatet visade att massage hade sänkande effekt på blodtryck och visade även att vårdtiden förkortades samt att läkemedelsförbrukningen minskade. Diskussion: I de fall där man inte fann några konkreta fysiska förbättringar uppgav likväl testpersonerna att de tyckte att massage var skönt och avslappnande.",,"massage, välbefinnande, smärta, terapeutisk beröring, oxytocin, oro, ångest, blodtryck",,,1
2003,"Independent thesis Basic level (degree of Bachelor), 10 credits / 15 HE creditsStudent thesis",Har Försvarsmakten behov av simuleringssystem för logistik? Swedish National Defence College.,Information Systems,"Försvarsmaktens nya inriktning med förskjutning från invasionsförsvar till insatsförsvar samt Sverigesökande internationella engagemang kräver en försvarsmakt som aktivt kan utnyttjas som ett säkerhetspolitiskt instrument.Detta ställer krav på att Försvarsmakten flexibelt kan genomföra insatser med kort varsel vid såväl nationell sominternationell konflikthantering. För att genomföra det krävs ett fokuserat stöd i form av snabb och flexibel logistik. Detmilitära försvarets agerande skall präglas av manövertänkande vilket innebär att logistikresurserna bör utformas så att destridande enheternas manöverförmåga vidmakthålls och helst förstärks av ett robust och dynamiskt logistiksystem. Ett sättatt stödja den utvecklingen kan vara att använda simuleringssystem i större omfattning.Uppsatsen syfte är att undersöka vilket behov av simuleringssystem för logistik som Försvarsmakten har samt att studeravilka befintliga system som är användbara i framtiden. Kvalitativa intervjuer och litteraturstudier utgör källmaterialet föruppsatsen. Metoden som använts i studien utgörs av konstruktion av hypoteser samt prövning av dessa.Uppsatsens resultat pekar på att det finns ett stort behov av simuleringssystem för logistik inom Försvarsmakten men attdet råder osäkerhet om vilka områden som är viktigast att simulera. Detta kan bero på att Försvarsmakten inte har enlogistikdoktrin och att begreppet logistik inte ännu är klart definierat. Försvarsmaktens uppföljning av tillgängliga resursermåste förbättras för att ge ett bra underlag till ett simuleringssystem. Det finns en risk att en kritisk sårbarhet uppstår förFörsvarsmakten om ett simuleringssystem används för att minska tillgängliga logistikresurser på grund av fredsrationalitetoch minskade anslag. Befintliga simuleringssystem inom logistik är antingen föråldrade eller är på väg att bli omodernainom några år. Ett nytt system bör vara försvarsgrensgemensamt och bygga på en struktur med system av system fråntaktisk till strategisk nivå. Systemet behöver vara interoperabelt med civila leverantörers system och internationellaorganisationers som FN, NATO och EU. Det bör undersökas i vilken utsträckning civila system kan användas.",,"Logistik, Simulering, Manöverkrigföring, Uppsatser, Chefsprogrammet, Chefsprogrammet 2001-2003",,,1
2006,"Independent thesis Basic level (degree of Bachelor), 10 credits / 15 HE creditsStudent thesis",Hur utvecklas familjehemsvården vidare?: sikta mot något nytt och okänt eller använda gamla rutiner?,Social Work,"Syftet med uppsatsen var att undersöka socialsekreterarnas arbete med att följa upp det familjehemsplacerade barnet, vårdnadshavarna och familjehemmet. För att besvara undersökningens syfte användes kvalitativ metod. Studien grundade sig på intervjuer med fyra barnhandläggare och fyra familjehemsekreterare som arbetar inom åtta olika kommuner. I tidigare forskning framkom att socialtjänsten brister i sin uppföljning av det familjehemsplacerade barnet, vårdnadshavarna och familjehemmet. För att understryka socialnämndens ansvar under pågående familjehemsplacering har regeringen infört detaljerade bestämmelser i 5 kap 1b § Socialtjänstförordningen. Litteraturen som ingår i studien redogör dels för handlingsutrymmet som existerar inom socialsekreterarnas arbete och hjälper till att få en djupare förståelse för kontexten inom organisationen. Tolkningsramen innefattas även av den diskussion som förs angående socialsekreterarnas kompetens inom uppföljningsarbete. Resultatet från intervjuerna visade att socialsekreterarna i varierande omfattning utför det uppföljningsarbete som lagen föreskriver men att i socialförvaltningarnas organisationer prioriteras inte uppföljningsarbetet. Respondenterna i studien anser sig ha bristande kompetens och att de har svårt att se sitt eget handlingsutrymme i uppföljningsarbetet.",,"familjehemsvård, stöd, socialtjänstlagen, organisation, socialsekreterarnas kompetens, uppföljnin",,,1
2005,Independent thesis Basic level (degree of Bachelor),"Argument för och emot privat sjukvård Blekinge Institute of Technology, School of Management. Blekinge Institute of Technology, School of Management.",Economics,"Titel: Argument för och emot privat sjukvård – scenario för framtidens sjukvård vid ett eventuellt maktskifte Författare: Jessica Andersson, Nina Gunnarsson Handledare: Thomas Danborg Institution: Managementhögskolan, Blekinge Tekniska Högskola Kurs: Kandidatarbete i företagsekonomi 10 poäng Syfte: Syftet är att beskriva problemet med privatisering av sjukvården genom att analysera argument för och emot sjukvård i privat regi och framställa ett scenario om framtidens sjukvård med hjälp av partiprogram. Metod: Grounded-theory-metoden som är kvalitativ och innebär att man kategoriserar sekundär data som man fått fram för att få en fullständig kartläggning. Slutsatser: Marknaden för privata aktörer kommer att öka vid ett eventuellt maktskifte.",,"Privatsjukvård, argument",,,1
2001,Independent thesis Basic level (degree of Bachelor)Student thesis,Expertkunskap och metakognition: experters förmåga till metakognitiv övervakning,Psychology,"Metakognitiva processer och förmågor innefattar bland annat människans förmåga att reflektera över sin egen kunskapsnivå och minneskapacitet, och att utifrån detta till exempel kunna reglera tid och inlärningsstrategier vid inlärningssituationer. Kännetecknande för en person som räknas till att vara expert inom en viss domän är bland annat att denne anses kunna övervaka sin kunskapsnivå på ett korrekt sätt. Denna studie undersöker om personer med stor domänkunskap uppvisar en större förmåga till metakognitiv övervakning än vad personer med sämre domänkunskap gör. Aktuell kunskapsdomän i denna studie är deklarativ kunskap kring fotboll, och fotbollsspelare och ledare rekryterades som försöksdeltagare. Förmågan till metakognitiv övervakning mättes med hjälp av mätteknikerna Assessment of Cognitive Monitoring Effectiveness (ACME) och Metacognitive Knowledge Monitoring Assessment (KMA), där försöksdeltagarna i samband med att ett kunskapstest genomförs får avgöra vilka frågor de tror sig kunna eller inte kunna svaret på. Resultatet visar att personer med expertkunskap uppvisar en signifikant bättre förmåga till metakognitiv övervakning än personer med sämre domänkunskap.",,"Metakognition, metakognitiv övervakning, expertkunskap, ACME, KMA",,,1
2006,Independent thesis Basic level (degree of Bachelor)Student thesis,"Stöd vid övervikt och fetma Blekinge Institute of Technology, School of Health Science. Blekinge Institute of Technology, School of Health Science.",Nursing,Övervikt och fetma är idag ett världsomspännande hälso- och omvårdnadsproblem där sjuksköterskan har en stödjande och motiverande uppgift för att hjälpa personer hantera samt klara av en livsstilsförändring som leder till viktminskning. Syftet med studien var att belysa sjuksköterskans stöd vid personens livsstilsförändring i samband med viktnedgång. Metoden som används är litteraturstudie. Resultatet visar på att sjuksköterskan har en betydande roll vid personens livsstilsförändring när det gäller att bistå med stöd. Genom att basera en relation på tillit kan sjuksköterskan och personen tillsammans skapa de mål som möjliggör personens livsstilsförändring. Vidare visar Resultatet att sjuksköterskan bör fokusera på personens kroppsuppfattning för att motivera personen till en livsstilsförändring som leder till viktminskning. I diskussionen framkommer vikten av att sjuksköterskan förstår personens motiv till viktminskning och utgår från detta då stöd och motivation skall ges.,,"Övervikt, fetma, sjuksköterska, livsstilsförändring, stöd, motivation",,,1
2006,Independent thesis Basic level (degree of Bachelor)Student thesis,Förmögenhetsbeskattning av onoterade aktier - är den ändamålsenligt utformad för den skatteskyldige?,Law,"Benämningen Lex Uggla uppkom när artisten Magnus Ugglas bolag Uggly Music AB granskades under 2005 då Skatteverket genomförde en riktad granskning mot företag med särskilt hög likviditet. I ett onoterat bolag är tillgångarna i bolaget skattepliktiga hos ägaren så länge det inte rör sig om rörelsetillgångar. Lagens huvudsyfte är att privatpersoner inte ska kunna inneha skattepliktig förmögenhet i ett bolag för att på så sätt komma undan förmögenhetsskatt. Hur mycket som anses kunna räknas till arbetande kapital och förbli skattefritt kapital har enligt rättsfall visat att det beror på följande; verksamhetens art och omfattning, framtida investeringsbehov och investeringsplaner under en viss tid framåt. I flertalet av rättsfallen som blivit presenterade har det framkommit att domstolarna har gått på Skatteverkets linje, vilket föranlett att merparten av de skatteskyldiga blivit påförda förmögenhetsbeskattning. I de fall som domstolen dömt till den skatteskyldiges fördel har denne kunnat argumentera och påvisa historiska och troliga framtida investeringsplaner för företaget. Trovärdigheten bygger på att den skattskyldige har kunnat styrka tidigare års affärsuppgörelser samt underlag för framtida investeringar. Vi anser att lagen i sig skall finnas kvar för att det inte skall vara möjligt att dölja privata tillgångar genom att tillskjuta företaget kapital för att på så sätt undvika förmögenhetsbeskattning. Däremot anser vi dagens tolkning och tillämpning är felaktig då personer som är innovativa och som driver lönsamma företag drabbas. Detta eftersom företagens internt upparbetade vinster i princip skall ”lyftas” ut ur företagen och beskattas som ägarens privata förmögenhet. Vi anser att lagen leder till att företagare troligtvis blir mer angelägna om att komma fram till avancerade tekniska skattelösningar. Vi kommer säkerligen att få se fler vägledande avkunnanden den närmaste tiden efterhand som Skatteverket upptäcker dessa.",,,,,1
