Year,Level,Title,Topic Category,Abstract,Direct Link,Keywords,Permanent Link,Full Text,Generated Abstract
2019,Bachelor's Thesis,Visionen om det narkotikafria samhället: En diskursanalys,Social Sciences,Syftet med denna uppsats är att belysa hur visionen om det narkotikafria samhället uppenbarar sig i diskurser som behandlar narkotikamissbruk som socialt problem. Empiriskt material i form av ett policydokument och en debattföljetong har analyserats utifrån ett socialkonstruktivistiskt och diskursanalytiskt perspektiv. Analysen pekar mot att definitionskampen om narkotikamissbruk som socialt problem finns över många diskurser; samtidigt ses visionen om det narkotikafria samhället ofta vara närvarande. En nationell diskurs som kan ses utgå från vad vi som nation anser och vill ha i vårt land. En moraldiskurs som lägger värde i olika beteenden och åsikter. En juridisk och polisiär diskurs som utifrån narkotikas juridiska status ramar in fenomenet och en barn-och ungdomsdiskurs som formulerar narkotikan som det största hotet. Alla dessa kan enligt studien ses som en del i konstruktionen av narkotikamissbruk som socialt problem.,https://www.diva-portal.org/smash/record.jsf?pid=diva2:1335073,Narkotikamissbruk; nolltolerans; narkotikapolicy; debatt; socialkonstruktivism; diskurs,https://urn.kb.se/resolve?urn=urn:nbn:se:liu:diva-158608,https://liu.diva-portal.org/smash/get/diva2:1335073/FULLTEXT01.pdf,
2014,Bachelor's Thesis,Kraften av beröring: Beröring som komplementär metod för att minska stress på arbetsplatsen,Social Sciences,Arbetsmarknadens förändringar i form av högre arbetstakt; tillfälliga anställningar och krav på flexibla arbetsvillkor; gör att allt fler upplever stress i arbetslivet. Långvarig stress medför stora hälsorisker för individen. Eftersom många av dagens sjukskrivningar beror på stressrelaterade sjukdomar; såsom depression och utmattning är det viktigt att studera metoder för stresshantering på arbetsplatsen. Beröring i form av massage kan minska stress hos individer samt fungerar som ett komplement i behandlingen för stressrelaterade sjukdomar. Ett fältexperiment med 28 tjänstemän utfördes för att undersöka om en kortvarig massage på arbetstid kunde inverka positivt på den arbetsrelaterade stressen jämfört med en avslappningsövning och vanlig rast. Studien visade signifikant minskning av stressnivån efter massageinterventionen. Resultatet ger en antydan om att upplevelsen av stress går att reducera med hjälp av fysisk beröring. Stickprovets storlek samt förväntnings- effektens inverkan på resultatet diskuteras.,https://www.diva-portal.org/smash/record.jsf?pid=diva2:712460,fysisk beröring; massage; avslappning; arbetsrelaterad stress,https://urn.kb.se/resolve?urn=urn:nbn:se:mdh:diva-24860,https://www.diva-portal.org/smash/get/diva2:712460/FULLTEXT01.pdf,
2017,Bachelor's Thesis,Det är så brett så jag vet inte vart jag ska börja,Social Sciences,Syftet med studien är att få en fördjupad förståelse för hur pedagoger tolkar och utvecklar arbetet kring begreppet hållbar utveckling utifrån den kunskap de besitter. Teorier om kunskap och hållbar utveckling samt begreppet handlingskompetens är centrala delar i föreliggande studie. Studien utgår från en kvalitativ metod och är grundad på semistrukturerade intervjuer med sammanlagt sex pedagoger från två förskolor i södra Sverige. Studien utgår från två forskningsfrågor: (1) hur förhåller sig pedagoger till begreppet hållbar utveckling ur ett lärandeperspektiv samt (2) om normer och värderingar synliggörs; hur speglas dessa i pedagogernas arbete med kunskapsbildning för hållbar utveckling. Resultatet av studien visar att pedagogers uppfattningar av begreppet hållbar utveckling riktar sig åt de tre dimensionerna ekologisk; ekonomisk och social. Pedagogernas kunskapsbildning grundar sig i fortbildningen Grön flagg eller pedagogernas eget intresse. Främst sker lärandet för hållbar utveckling utifrån ämnen som kan göras konkreta för barnen; till exempel källsortering och skräpplockning. Pedagogerna beskriver situationer där barnens handlingskompetens speglas. Pedagogerna anser att de verkar som förebilder för barnen. Det är främst den normerande undervisningsformen som synliggörs i pedagogernas beskrivningar av arbetet för lärandet av hållbar utveckling. Den styrs av attityder och värderingar som är grunden för om de agerar för hållbar utveckling.,https://www.diva-portal.org/smash/record.jsf?pid=diva2:1495151,Förskola; Handlingskompetens; Hållbar utveckling; Kunskap; Känslor; Lärande; Miljöundervisning; Normer; Värderingar,https://urn.kb.se/resolve?urn=urn:nbn:se:mau:diva-33262,https://www.diva-portal.org/smash/get/diva2:1495151/FULLTEXT01.pdf,
2010,Bachelor's Thesis,Handledningsprocesser i Medarbetarsamtalet,Social Sciences,I detta arbete har jag tittat på handledning på arbetsplatser. Handledning är idag ett svårdefinierbart begrepp som används allt mer på arbetsplatser. Syftet med detta arbete är att studera handledning och olika handledningsprocesser och se hur man skulle kunna använda sig av dem på arbetsplatser och i medarbetarsamtalet. Jag kommer att avgränsa mig genom att titta på momentet som rör medarbetarens utveckling i medarbetarsamtalet. I min teoretiska utgångspunkt har jag utgått ifrån att det kan förekomma handledning i medarbetarsamtalet; men att man inte kan se hela samtalet som handledning. För att undersöka detta har jag intervjuat 8 personer; fördelat på 2 arbetsplatser; om medarbetarsamtalet. Hälften har varit chefer och hälften medarbetare. I intervjuerna har det framkommit att man definitivt kan se handledande förhållningssätt i medarbetarsamtalet på båda företagen och att man också kan använda sig av de metoder och tankesätt som finns inom handledning för att utveckla medarbetarsamtalet ytterligare. Om man säger att själva medarbetarsamtalet i sig inte är handledning fullt ut; men att man kan se handledning förekomma på arbetsplatser; så skulle man kunna säga att medarbetarsamtalet är själva startskottet för den handledning som sedan sker under det dagliga arbetet. En utgångspunkt för medarbetare och chefer där man på medarbetarsamtalet har stämt av varandras förväntningar och samtyckt om var det behövs utveckling samt hur arbetet fungerar i stort på arbetsplatsen. Utefter detta kan man sedan arbeta med dessa saker i det dagliga arbetet under tiden till nästa medarbetarsamtal.,https://www.diva-portal.org/smash/record.jsf?pid=diva2:1498155,Handledning; Handledningsprocesser; Kompetensutveckling; Medarbetarsamtal,https://urn.kb.se/resolve?urn=urn:nbn:se:mau:diva-36096,,
2014,Bachelor's Thesis,Samkönade äktenskaps vara eller icke vara inom Svenska kyrkan.: En argumentationsanalys av debattartiklar från Kyrkans tidning och Dagens Nyheter.,Humanities and the Arts,I Samkönade äktenskaps vara eller icke vara inom Svenska kyrkan utförs en argumentationsanalys; baserad på hermeneutiks metod och kvalitativ textanalys; av debattartiklar som behandlat frågan som Svenska kyrkan ska behålla vigselrätten efter att svenska staten har gjort äktenskapsbalken könsneutral. Alla undersökta debattartiklar är publicerade mellan 2008-12-11 och 2009-10-31 i Kyrkans tidning och Dagens Nyheter. I resultatanalysen framgår det att både ja- och nej-sidan använder sig av ungefär samma typer av argument men med olika vinklingar och tolkningar. Nej-sidan använder sig dock mer av ett toleransperspektiv än ja-sidan. I ja-sidans argumenterande kan man hitta en underliggande normkritik av heteronormativiteten.,https://www.diva-portal.org/smash/record.jsf?dswid=1517&pid=diva2%3A857551&c=1&searchType=SIMPLE&language=en&query=Samk%C3%B6nade+%C3%A4ktenskaps+vara+eller+icke+vara+inom+Svenska+kyrkan.%3A+En+argumentationsanalys+av+debattartiklar+fr%C3%A5n+Kyrkans+tidning+och+Dagens+Nyheter.&af=%5B%5D&aq=%5B%5B%5D%5D&aq2=%5B%5B%5D%5D&aqe=%5B%5D&noOfRows=50&sortOrder=author_sort_asc&sortOrder2=title_sort_asc&onlyFullText=false&sf=all,Samkönade äktenskap; Svenska kyrkan; argumentationsanalys; Dagens Nyheter; Kyrkans tidning,,,
2014,Bachelor's Thesis,Kön; sexualitet; etnicitet och socioekonomisk bakgrund: Om intersektionalitet i gymnasiets religionsläroböcker,Humanities and the Arts,I uppsatsen kopplas styrdokumentens uppmaning om undervisning kring intersektionalitet med det innehåll som finns i religionskunskapsläroböcker för gymnasiet som publicerats efter gymnasiereformen 2011. Syftet var att studera om läroböckerna tar upp intersektionalitet uttalat eller indirekt och/eller om de olika kategorierna kön; sexualitet; socioekonomisk bakgrund och etnicitet behandlas var för sig samt i vilka sammanhang det i sådana fall sker. Tre frågeställningar formulerades. Den första handlade om hur gymnasiets religionsläroböcker med utgivning från och med 2011 beskriver förhållandet mellan världsreligionerna och kategorierna kön; sexualitet; socioekonomisk bakgrund och etnicitet. Den andra frågan handlade om i vilka andra sammanhang (kapitel) de olika kategorierna beskrivs i läroböckerna. Den tredje frågan gällde vad som tas upp om själva begreppet samt fenomenet intersektionalitet i dessa religionsläroböcker.,,intersektionalitet; kön; sexualitet; etnicitet; socioekonomisk bakgrund; läroboksanalys; identitet; etik och moral; religion,,,
2015,Bachelor's Thesis,Paulus lagsyn i Rom 3:21-31,Humanities and the Arts,Denna uppsats behandlar Paulus syn på lagen vilket är ett mycket omdebatterat område inom paulusforskningen. Frågan om Paulus lagsyn är så central för den övergripande paulustolkingen att alla som vill förstå Paulus och hans texter måste bilda sig en uppfattning om detta. Det har skrivits många hyllmeter och diskussionen verkar långt ifrån avslutad. Frågan kräver dock tydliga avgränsningar för att kunna behandlas i denna relativt korta uppsats. Därför kommer jag fokusera på en perikop i ett av Paulus brev som behandlar denna fråga. Min frågeställning blir då: Vad menar Paulus med ”lagen” i Rom 3:21-31? ,,Paulus; paulusforskning; lag; lagen; Romarbrevet; Sander; Dunn; Wright; Fitzmyer; Moo; Ware; Jewett,,,
2015,Bachelor's Thesis,Mesopotamiens gudomligförklarade kungar: En undersökning av teologiska perspektiv på två gudomligförklarade kungar i det forntida Mesopotamien,Humanities and the Arts,Ämnet för denna undersökning är de teologiska perspektiven runt två gudomligförklarade kungar i det forntida Mesopotamien; nämligen den gammalakkadiske kungen Naram-Sin (ca. 2254-2218 f.kr.) och den nysumeriske kungen Shulgi (ca. 2094-2047 f.kr.). De teologiska perspektiven behandlas här med hjälp av en induktionsbaserad historisk undersökning som utgår från vad olika forskare har skrivit i ämnet. Eftersom detta är en c-uppsats och det inte har varit möjligt att använda sig av primärkällor såsom arkeologiskt material och historiska källor på originalspråk så utgår denna undersökning uteslutande från forskningslitteratur. Undersökningen består av tre delar; i de två första delarna behandlas de teologiska perspektiven på kungarna var för sig och i det tredje görs en jämförelse mellan perspektiven. Undersökningens upplägg ser ut på så sätt att först har det gjorts observationer av vad som står om de teologiska perspektiven på monarkerna i de olika forskarnas verk. Sedan har perspektiven brutits ner i olika delämnen och därefter har informationen om dem sorterats in i de olika delämnena. Utifrån detta försöker sedan undersökningen att skissa fram en bild av de teologiska perspektivens karaktär. Uppsatsens tyngdpunkt ligger framförallt på att peka på olika tendenser i de religiösa föreställningarna runt dem med avseende på vilka teman de kretsar kring. I undersökningen framkommer det att perspektiven är ganska spretiga och går i många olika riktningar och även att det finns skillnader och likheter i perspektiven mellan kungarna. Två teman som dock ofta återkommer är fruktbarhet och himlen.,,gudomligförklaring; kungamakt,,,
2016,Bachelor's Thesis,Kyrkan som plats vid skolavslutningar?: En studie av lärare och lärarstudenters attityder gentemot kyrkovistelse och konfessionella inslag,Humanities and the Arts,Denna studie syftar till att undersöka vad blivande lärare och aktiva lärare har för attityder tillskolavslutning och högtidsfirande i kyrkan samt skolavslutning och högtidsfirande i kyrkan medkonfessionella inslag. Studien baseras på en internetenkät som blivande lärare och aktiva läraresvarat på. Resultatet visar att den största andelen av de aktiva lärarna och blivande lärarna varpositiva till vistelsen i kyrkolokalerna i samband med skolavslutningar och högtidsfirande. Denstörsta andelen var däremot negativa till företeelsen med konfessionella inslag vid dessahögtidsfiranden. Äldre aktiva lärare och blivande lärare var i högre grad positiva till bådevistelsen i kyrkan och de konfessionella inslagen än de yngre. Slutsatserna är att sekulariseringeni Sverige ser ut att fortsätta i linje med de reviderade sekulariseringsteorierna; då konfessionalitetinte länge ses som något önskvärt bland den största andelen av aktiva lärare och blivande lärare.Dock finns det också nämnvärda avvikelser från detta mönster. Kyrkan fortsätter samtidigt ha ensekulär; traditionsbunden roll i skolan och är därför fortfarande relevant.,,Skola; kyrka; skolavslutningar och högtidsfirande; Konfessionella inslag; sekularisering,,,
2015,Bachelor's Thesis,Effektivisering av bygglovsprocessen gällande ändring av kulturhistoriskt värdefull bebyggelse: En fallstudie av ett miljonprogramsområde-Nya Nordostprojektet i Gävle,Engineering and Technology,En stor del av Sveriges bebyggelse har byggts mellan 1965 och 1974 eftersom det rådde stor bostadsbrist i Sverige. Regeringen beslutade att en miljon bostäder skulle uppföras under denna tid; det s.k. miljonprogrammet. Det byggdes bostäder i varierande former och storlekar för att bygga bort bostadsbristen. Storskaligheten och en stor grad av upprepning av identiska hus är kännetecken för miljonprogrammets bebyggelser. Nu är det dags att renovera dessa byggnader. I och med att dessa byggnader är av allmänt intresse då de speglar en del av Sveriges arkitekturhistoria ställer kommunerna vissa krav vid renovering av dem. Det kommunala företaget Gavlegårdarna i Gävle tar initiativ till att utveckla bygglovsprocessen för sådana bebyggelser. Detta görs för att reducera tiden för framställande av ett godkänt bygglov samt effektivisera och underlätta kommunikationen med kommunen under hela projektet. För att kunna bevara dessa byggnader i högsta möjliga mån har Gavlegårdarna utarbetat en effektiviseringsprocess genom att hyra in en extern bevarandeexpert för att fungera som en bro mellan företaget och kommunen samt för att kunna dela med sig av sina erfarenheter gällande bevarandet av det eventuella området. Dessutom har Gavlegårdarna låtit kommunen vara med från ett tidigt skede; d.v.s. redan från den första presentationen av förslaget. Därmed har kommunen fått vara med och medverka i förslaget; redan innan bygglovsansökan.,,Miljonprogrammet; bygglovsprocessen; Gavlegårdarna,,FULLTEXT01.pdf,
2009,Bachelor's Thesis,1800-talets London i spelet Crysis Reflektioner kring verket ”London Crysis”,Engineering and Technology,Rapporten är en reflekterande rapport över mitt och Petri Tuoris gemensamma verkLondon Crysis som vi gjorde som examensarbete på Högskolan i Skövde. Verket är gjorti spelet Crysis och är en fiktion av London på 1800-talet inspirerat av filmer som From Hell och Sweeney Todd: The Demon Barber of Fleet Street. Rapporten börjar med eninledning som förklarar var idén till verket kom ifrån; problemställning; syfte ochavgränsning. Rapporten fortsätter sedan med en beskrivning av verket; en mer detaljeradbeskrivning av idén; leveldesign; stämningen; exempelmodeller; hemsidan och trailern. Rapporten tar också upp enkätundersökningen som försökte ge ett svar på hur andrauppfattar stämningen i spelet och tankar kring det. Sista delen av rapporten är enslutdiskussion kring resultatet av enkätundersökningen och verket.,,Medie-; kommunikations-; och informationsvetenskaper Annan teknik ,,Institutionen för kommunikation och information,
2017,Bachelor's Thesis,3D-animerat teckenspråk i spelmiljö: Perspektiv kontra förståelse,Engineering and Technology,Detta arbete undersöker hur virtuellt teckenspråk uppfattas av svenska teckenspråksanvändare i en datorspelsmiljö. I en studie testades olika hanteringar av tredjepersonsperspektiv. Bakgrunden behandlar nutida användningsområden för virtuellt teckenspråk; avatarer; inkludering; animation; spelperspektiv och svenskt teckenspråk. Frågeställningen som undersökningen sökt besvara är vilket perspektiv svenska teckenspråksanvändare föredrar vid hanteringen av teckenspråk i spel. Artefakten består av tre 3D-animerade spelsimulationer i videoform; där testpersonen fick rangordna dem efter tydlighet i teckenspråket och vilket perspektiv de helst hade sett i ett teckenspråksspel. Urvalsgruppen bestod av svenska teckenspråksanvändare; varav 51 testpersoner svarade på enkäten. 27 respondenter svarade att de hade funktionsvariation; 16 personer hade närstående med funktionsvariation; och övriga var intresseanvändare. Framtida studier inom ämnet kan vidareutvecklas för att förbättra inkluderande speldesign; och ge ytterligare tillgänglighet för teckenspråksanvändare.,,Svenskt teckenspråk; kameraperspektiv; datorspel; 3D animation; inkluderande speldesign,,Mall för examensarbete,
2012,Bachelor's Thesis,3D och kommunal fysisk planering En undersökning om motiven till användandet av 3D i den kommunala fysiska planeringen,Engineering and Technology,På senare år har tekniker för 3D-visualisering fått ett allt mer utbrett användande inom kommunal fysisk planering. Detta; plus att jag själv använder tekniken i mitt dagliga arbete som planarkitekt; väckte frågor kring skälet till införandet av tekniken; vilka beslut och förväntningar som legat till grund för införandet och vilket forskningsstöd tekniken har; vad gäller visualisering; tydlighet och kommunicerbarhet i planarbetet. Detta examensarbete i Fysisk planering vid BTH; vill belysa dessa frågor. Arbetet består av litteratursökning efter adekvat forskning i ämnet; en enkät ställd till ett litet urval av anställda och politiker i fyra kommuner som är medlemmar i ett 3D nätverk; en dokumentsökning på samma kommuners hemsidor samt en kompletterande enkätundersökning bland planarkitekter i fem andra kommuner som inte är medlemmar i ovan nämnda nätverk. Forskningsstöd för effektiviteten i eller för- och nackdelar med att använda 3D-modeller för ökad förståelse och kommunikation mellan tjänstemän och politiker samt med allmänheten; i samband med kommunal fysisk planering; saknas. Genom sammanställningar av forskning inom fälten miljöpsykologi och åskådlig planredovisning samt svensk arkitekturforskning kan man ändå få ledtrådar till möjligheter och svårigheter med användningen av 3D visualisering och dess roll som kommunikationsmedel. Rätt använd skulle tekniken kunna stärka möjligheten till åskådliggörande; men det finns också risker; kopplade till användande av tekniken. Det främsta skälet till att kommuner inför 3D-teknik inom fysisk planering; uppges av såväl Planarkitekter; kommuntjänstemän med ansvar för 3D tekniken; samt bland politiker vara önskan om att öka förståelsen hos medborgarna; av förslag till förändring av den fysiska miljön. Något som också oftast motsvaras i kommunernas dokument; där sådana finns. Alla kommuner har inte dokumenterade officiella inriktnings- och policydokument i frågan. Forskningen pekar dock på risker vid användning av visualisering i tidiga skeden av processen. I den avslutande diskussionen berörs arbetets frågeställningar; potentiella problem och möjligheter med användandet av tekniken samt förslag till områden för vidare studier. I slutsatserna konstateras att det finns en diskrepans mellan den övervägande positiva synen på användningen i kommunerna och det som forskningen visar.,,3D; förståelse; åskådlig planredovisning; detaljplanering; kommunikation,,FULLTEXT01.pdf,
2013,Bachelor's Thesis,3D på webben: nästa steg för E-handeln? Stereoskopisk 3D som produktpresentation,Engineering and Technology,Inom den kraftigt växande E-handeln råder stark konkurrens. Metoder att öka marknadsandelar och sälja mer produkter är viktigare än någonsin. I denna studie utvärderas metoden att presentera produkter med hjälp av stereoskopisk 3D. En fördel som kan konstateras är att kunderna får en mer verklighetsnära uppfattning av produkten än med traditionella bilder av tvådimensionell typ. Den tydligaste förbättringen är kopplad till upplevelsen av djup. Den verkar ge användaren en bättre bedömning av en produkts rymlighet. Då stereoskopisk 3D inom E-handeln är helt oexploaterad är det också intressant att fördjupa sig i eventuella orsaker till detta. En sådan är säkerligen att tekniken är ung; och därmed inte färdigutvecklad. I denna studie kan bland annat konstateras att användare upplever 2D-bilder som skarpare än 3D-bilder. Även andra egenskaper som bedömts med hjälp av bilder har rankats som sämre av de som sett bilderna i 3D jämfört med de som sett de i 2D. Dock har sådana egenskaper som kan kopplas till djupupplevelse en stark positiv korrelation med just 3D-bilder. Det finns också indikationer på att upplevelsen av 3D påverkas av hur testen designas. I denna studies Tänka-högt-test var respondenterna mer positiva till användningen av 3D-bilder än vad som kunde konstateras i en omfattande enkät i samband med en uppföljande test.,,stereoskopisk 3D; S3D; I3DPP; E-handel,,3D på webben,
2016,Bachelor's Thesis,Abakavir och lamivudin i kombination med efavirenz eller atazanavir vid behandling av HIV.: En jämförande litteraturstudie om effekt och säkerhet,Medical and Health Sciences,Under början av 1980-talet uppmärksammades ovanliga tumörer och infektioner hos unga män som vanligtvis drabbar personer med nedsatt immunförsvar. Forskargrupper i Frankrike och USA upptäckte 1983 och 1984 ett nytt virus som fick namnet humant immunbrist virus (HIV). En infektion av HIV fortlöper under många år asymtomatiskt och det är först när immunförsvaret är försvagat som symtom börjar märkas. Första läkemedlet som godkändes för att behandla HIV presenterades 1987 och dödligheten i följdsjukdomen Acquired Immunodeficiency Syndrome (AIDS) minskade drastiskt. Under 1996 infördes en ny behandling i form av kombinationer av tre eller fler läkemedel; som kom att kallas antiretroviral terapi (ART).,,HIV; ART; atazanavir/r; efavirenz; NRTI,,Examensarbete – mall för rapport,
2015,Bachelor's Thesis,Allergenspecifik immunterapi: sublingual respektive subkutan administrering vid husdammskvalsterallergi,Medical and Health Sciences,Prevalensen av allergisjukdomar har ökat kraftigt sedan mitten av 1900-talet. Allergenspecifik immunterapi är en immunmodulerande behandling som kan vara aktuell hos vissa individer med medelsvår till svår IgE-medierad allergi. Behandlingen kan administreras sublingualt eller subkutant. Syftet med detta litteraturarbete var att undersöka om sublingual immunterapi (SLIT) och subkutan immunterapi (SCIT) med husdammskvalsterallergen skiljer med avseende på förändring av symtom- och medicineringspoäng; specifika IgE- och IgG4-antikroppar; IL-10 och IFN-γ. Artiklar har sökts i databasen PubMed. Fem artiklar som undersökte effekten av både SLIT och SCIT valdes ut för att besvara syftet. SCIT gav en signifikant större minskning av symtompoängen för astma i studie 1 och 2; men ej i studie 3. Även medicineringspoängen för astma minskade signifikant mer med SCIT än SLIT i studie 2; men ej i studie 1. Studie 4 visade att SCIT minskade symtompoängen signifikant mer än SLIT. Ingen statistiskt signifikant skillnad sågs mellan SLIT och SCIT vad gäller minskning av symtompoäng för rinit i studie 1-3; medicineringspoäng för rinit i studie 1 och 2 eller totala medicineringspoängen i studie 3. SCIT ökade halten specifika IgG4-antikroppar signifikant mer än SLIT i studie 1; 2 och 5. Ingen statistiskt signifikant skillnad sågs mellan SLIT och SCIT vad gäller förändring av specifika IgE-antikroppar; IL-10 och IFN-γ. Resultaten från studierna tyder på att SLIT och SCIT är lika effektiva vid minskning av symtom- och medicineringspoäng för rinit efter 1-2 års behandling. SCIT kan däremot tänkas vara effektivare efter 3 års behandling. Vad gäller minskning av symtom- och medicineringspoäng för astma verkar SCIT vara effektivare än SLIT. SCIT ökar halten specifika IgG4-antikroppar mer än SLIT. Ingen skillnad mellan SLIT och SCIT verkar finnas vad gäller förändring av halten specifika IgE-antikroppar; IL-10 och IFN-γ. Fler randomiserade kontrollerade studier som gör en direkt jämförelse mellan SLIT och SCIT skulle vara önskvärt för att fastställa om långtidseffekterna mellan SLIT och SCIT med husdammskvalsterallergen skiljer eller ej.,,allergenspecifik immunterapi; ASIT; allergi; SLIT; SCIT; husdammskvalster; HDM,,FULLTEXT01.pdf,
2014,Bachelor's Thesis,Akutpreventivmedel: Hur skiljer sig effektivitet och säkerhet för de tre godkända metoderna levonorgestrel; ulipristal och kopparspiral?,Medical and Health Sciences,I Sverige är abort en laglig rättighet och det finns flera godkända metoder för regelbunden antikonception. Ändå finns ett behov av akutmetoder för att förhindra oönskad graviditet.  Det finns tre godkända akutpreventivmedelsmetoder; levonorgestrel; ulipristal och kopparspiral. Detta arbetes syfte var att undersöka effektivitet och säkerhet för dessa tre godkända metoder. En litteratursökning gjordes i databasen PubMed;  7 artiklar valdes ut för analys. Artikel 1och 2 undersökte levonorgestrels effektivitet och säkerhet och kunde redovisa graviditetsfrekvenser på 0; 57%  och 0;67 % ; samt en graviditetsförebyggande effektivitet på 68 %. Artikel 3 jämförde ulipristal och levonorgestrel och redovisade graviditetsfrekvenser på 1;8 % för ulipristal och 2;6 % för levonorgestrel. Även ”non-inferiority” konstaterades med OR på 0;68. Artikel 4 undersökte levonorgestrels effektivitet och redovisade graviditetsfrekvenser på 2;0 % (12 h- gruppen) och 1;9 % (24 h- gruppen); dessutom redovisades en graviditetsförebyggande effektivitet på 72 % (12 h- gruppen) och 75 % (24 h- gruppen). Artikel 5 jämförde ulipristal och levonorgestrel och fann att ulipristalbehandling  är ”non-inferiority” till levonorgestrelbehandling. Artikel 6 undersökte ulipristals effektivitet och redovisade en graviditetsfrekvens på 2; 1 % och en graviditetsförebyggande effektivitet på  62; 3%. Artikel 7 undersökte kopparspiralens effektivitet och kunde redovisa 100 % graviditetsförebyggande effektivitet. Akutpreventivmedel fungerar inte alltid; men förhindrar oönskade graviditeter. Slutsatsen är att resultaten ger stöd för gällande behandlingsrekommendationer.,,akutpreventivmedel; levonorgestrel; ulipristal; kopparspiral,,Microsoft Word - examensarbete_akutpreventivmedel_sandra_alexandersson,
2010,Bachelor's Thesis,Alternativa fröer i bröd: En teknisk och sensorisk utvärdering av amarant; bovete; chia; hirs samt quinoa i bröd och bakning,Medical and Health Sciences,Influenser från hela världen påverkar livsmedelsindustrin och användandet av fröer har ökat kraftigt de senaste åren. Idag används endast ett begränsat antal fröer inom bageriindustrin men ett intresse finns av att finna alternativa fröer som kan bidra med sina egenskaper till bröd. Syftet med det här examensarbetet är att undersöka amarant; bovete; chia; hirs och quinoa; för att se vad de kan bidra med för näringsmässiga och sensoriska egenskaper till bröd. Examensarbetet utförs vid Pågen AB. Genom en mindre litteraturstudie och ett antal bakningsförsök med efterföljande analyser av volym; inkråm; textur och vattenhalt; kartläggs fröernas närings- och bakningsegenskaper. Sensoriska analyser görs även för att undersöka dessa egenskaper hos varje frö. Av de studerade fröerna valdes chia; bovete och quinoa ut för vidare bakningsförsök. Chia och bovete valdes ut bland annat på grund av de goda resultaten från de sensoriska analyserna och försöken visade att båda fröerna fungerar bra i olika bröd; i olika mängder. Quinoas bittra smak och lukt var svår att få bort men minskade när fröet användes som dekor. Även chia och krossat bovete passade bra som dekor på bröd.Försöken visar på att det finns spännande alternativa fröer som kan bidra med mycket både när det gäller näring och smak till bröd. Vidare försök med olika brödrecept och varierade frömängder krävs för att se hur väl fröerna skulle fungera i storskaliga projekt inom bageriindustrin.,,bröd; fröer; amarant; bovete; chia; hirs; quinoa,,FULLTEXT02.pdf,
2014,Bachelor's Thesis,Art- och genusbestämning av bakterier direkt från blododlingar med MALDI-TOF MS,Medical and Health Sciences,Sepsis är ett allvarligt tillstånd som uppstår när bakterier går från vävnad till blodbanan. Positiva blododlingar odlas på agarplattor och bakterier analyseras med Matrix Assisted Laser Desorption Ionisation Time-of-flight Mass spectrometry (MALDI-TOF MS) där prov blandas med en matrix och sedan bestrålas med laser. Proteinerna i provet joniseras och rör sig mot en detektor; vilket ger ett m/z-spektrum som jämförs med referensspektrum i en databas och ett score-värde erhålls över hur väl analyten liknar referensen. Arbetets syfte var att undersöka möjligheten att direktidentifiera bakterier från blod med en viss preparation innan analys med MALDI-TOF MS och på så vis möjliggöra snabbare preliminära svar samt undersöka möjligheten att särskilja Staphylocoocus aureus och koagulasnegativa stafylokocker. Innan analys med MALDI-TOF MS centrifugerades blod från positiva blododlingar blod i flera steg med 5 % natriumkloridlösning (NaCl-metoden). Dessutom testades ett kommersiellt kit (Sepsityper; Bruker Daltonics). Med NaCl-metoden sågs korrekt identifiering hos 66 % av inokulerade proverna. Av blododlingar innehållande med S. aureus respektive koagulasnegativa stafylokocker identifierades 60 % respektive 43 % av bakterierna korrekt. Med Sepsiptyper erhöll 58 % av proverna godkänt score-värde. Slutsatsen blev att det är möjligt att identifiera bakterier direkt från blod efter viss preparation; men metoden bör utvecklas mer då det fanns en signifikant skillnad i score mellan NaCl-metoden och nuvarande metod. Det är dock möjligt att skilja mellan Staphylococcus aureus och koagulasnegativa stafylokocker. Fler studier är nödvändiga för att avgöra möjligheten att föra in någon av metoderna i rutindiagnostiken.,,MALDI-TOF MS; Blododling; BacT/ALERT; Sepsityper; MALDI-TOF MS; NaCl-metoden,,Examensarbete mall - Linnéuniversitetet,
2007,Bachelor's Thesis,3-5 åringar möter matematik: En studie kring The English School i Älmhults arbete med taluppfattning,Natural Sciences,Under förskoleåren behöver barn utveckla en förståelse för tal; lika väl som de måste erövra det talade språket. Barns möjligheter att lära matematik påverkas av hur deras första möte med matematiken ser ut. Uppsatsen är en fallstudie vars syfte är att beskriva hur The English School i Älmhult; arbetar med taluppfattning. För att kunna ge en så fyllig bild som möjligt har vi genomfört observationer och intervjuat de två lärarna som arbetar med denna åldersgrupp samt intervjuat skolans rektor. Vi har även tittat närmare på de styrdokument som; förutom Lpfö 98; ligger till grund för verksamheten. Vi har mött en verksamhet där matematiken lyfts fram och fokuseras på redan i tidig ålder. Lärarna presenterar och introducerar matematik för barn på ett mycket medvetet och strukturerat sätt.,,matematik; taluppfattning; förskola; pre-school; arbetsmetod,,FULLTEXT01.pdf,
2012,Bachelor's Thesis,Artificiell intelligens - ANN och evolution i shooterspel,Natural Sciences,Detta arbete undersöker hur två olika nätverksarkitekturer för artificiella neurala nätverk fungerar i en testmiljö av shooter-karaktär. De två arkitekturer som undersöks är ett feedforward-nätverk samt ett elman-nätverk som tränas med hjälp av evolutionära algoritmer. Skillnaden på de två valda nätverksarkitekturerna är att det sistnämnda har ett korttidsminne.Resultaten visar att det i den testmiljö som använts inte är någon skillnad på de två nätverksarkitekturerna; utan de uppnår i princip samma resultat. Dock så har de beteenden som nätverken uppnått visat på att det är möjligt att använda agenter som är skapade av artificiella neurala nätverk i ett shooter-spel och att de kan generera bra resultat. Något som inte fokuserats på i detta arbete men som skulle vara intressant att kolla vidare på; är till exempel förändring av storleken på nätverken eller att undersöka om ett långtidsminne på det rekurrenta nätverket hade förändrat resultatet.,,Artificiella neurala nätverk; ANN; genetiska algoritmer; evolution; spel,,https://www.diva-portal.org/smash/get/diva2:531903/FULLTEXT02.pdf,
2008,Bachelor's Thesis,Procedurella Texturer: Skapande av en procedurell textur utifrån en referensbild med hjälp av en genetisk algoritm,Natural Sciences,Då dataspel blir mer grafiskt tilltalande för var år som går innebär detta också att mer utrymme behövs för att få plats med alla bildtexturer. Detta leder till att spel som annars skulle kunnat läggas ut på exempelvis XBOX Live Marketplace är för stora för att få plats där. Genom att byta ut vanliga bildtexturer mot procedurella texturer skulle detta problem kunna undvikas då de senare tar mindre plats än de förstnämnda. Denna uppsats tar upp och redovisar en metod för att återskapa bildtexturer som procedurella texturer; där en genetisk algoritm används för att evolvera fram procedurella texturer med visuella likheter med referenstexturen.,,Procedurella texturer; Texturer; Genetiska Algoritmer; Datorgrafik,,https://www.diva-portal.org/smash/get/diva2:2226/FULLTEXT01.pdf,
2007,Bachelor's Thesis,Användarverifiering från webbkamera,Natural Sciences,Arbetet som presenteras i den här rapporten handlar om ansiktsigenkänning från webbkameror med hjälp av principal component analysis samt artificiella neurala nätverk av typen feedforward. Arbetet förbättrar tekniken med hjälp av filterbaserade metoder som bland annat används inom ansiktsdetektering. Dessa filter bygger på att skicka med redundant data av delregioner av ansiktet.,,Biometri; Ansiktsigenkänning; Principal Component Analysis; Artificiella Neurala Nätverk; Feedforward; Filter,,https://www.diva-portal.org/smash/get/diva2:3121/FULLTEXT01.pdf,
2016,Bachelor's Thesis,IT-stöd för Migrationsverket: En studie om nyttjande av beslutsstödssystem vid placeringen av ensamkommande flyktingbarn,Natural Sciences,Sverige har de senaste åren konfronterats med ett ökat mottagande av ensamkommande flyktingbarn. Vid situationer som denna är det viktigt för myndigheter att fatta rättvisa beslut med rätt beslutsstödsystem. Denna studie inriktar sig på en undersökning hos Migrationsverket samt två kommuner där forskningsfrågan som tillämpades var ”Hur används beslutsstödsystem vad gäller placering av ensamkommandebarn i kommuner?”. Metoden som användes var kvalitativ data erhölls genom litteratursökning samt intervjuer. Studien har pågående under flera faser tillämpat Zachmans ramverk som ett hjälpmedel för att analysera erhållen data samt för att skapa intervjufrågor och genomföra intervjuer. En beslutsmodell och Zachmans ramverk har applicerats på respondenternas svar för att kartlägga respondenterna enligt modellerna. Resultatet har varit en önskan av en ökad effektivitet vad gäller beslutsfattande för kommuner och mottagandet av denna information från Migrationsverket. Idag uppfattar kommunerna sina beslutprocesser som manuella. Utifrån ett Business Intelligence (BI) perspektiv är slutsatsen av denna studie att Migrationsverket samt kommunerna behöver tillämpa ett dynamiskt samspel vad gäller beslutsfattande; integrering; mottagande av information och hantering av denna information för att fatta beslut. Denna studie kan användas som grund för framtida forskning där syftet är att applicera Business Intelligence (BI) behov i en verksamhet genom en tillämpning av Zachmans ramverk.,,"Anvisningar; beslutsstödsystem; Business Intelligence; Zachmans ramverk;
Migrationsverket; ensamkommande flyktingbarn",,https://www.diva-portal.org/smash/get/diva2:942102/FULLTEXT01.pdf,
2010,Bachelor's Thesis,När mat blir sopor; och när den inte blir det: En studie om matsvinn ur ett miljö –och individperspektiv,Agricultural and Veterinary Sciences,Svinnet av mat har i Sverige uppskattats till cirka 1 miljon ton per år och sannolikt är det på hushållsnivå som de största mängderna matsvinn uppstår . En färsk undersökning visar att det årligen slängs uppemot 100 kilo mat per person i Sverige; vilket innebär stora och onödiga belastningar på miljö och klimat. Genom att minska svinnet av mat minskar också belastningen på miljön. Syftet med studien har varit att studera attityder till matsvinn i svenska hushåll samt identifiera hinder och förutsättningar för ett minskat svinn. Resultatet bygger på sju enskilda intervjuer med konsumenter och resultatet visar att dessa respondenter ogillar att slänga mat och slänger relativt lite. Svinnets miljöpåverkan tycks inte vara huvudsakligt skäl till att inte vilja slänga mat. Istället är respekt för maten; respekt för de fattiga samt den privata ekonomin mer framträdande aspekter vad gäller orsaker till att inte vilja slänga mat. Dessa känslor har följt med respondenterna från deras egen uppväxt vilket i kombination med kunskaper i matlagning tycks vara förutsättningar som leder till mindre matsvinn.,,matsvinn; miljö; svenska hushåll; individ; miljöanpassade handlingar; attityder; hinder och förutsättningar,,https://www.diva-portal.org/smash/get/diva2:370492/FULLTEXT01.pdf,
2017,Bachelor's Thesis,"""Jag ville ge mitt barn de bästa förutsättningarna"": En kvalitativ intervjustudie om tankar kring matvanor under graviditet hos nyblivna förstagångsmammor",Agricultural and Veterinary Sciences,Bakgrund Den blivande mammans matvanor under graviditeten är viktiga eftersom hon har ett ökat näringsbehov och försörjer en annan individ. En del av grunden för barnets framtida hälsa och matvanor ges redan i mammans mage. Trots det har studier visat att mammans matintag är otillräckligt jämfört med rekommendationerna samt att intaget av godis och fikabröd ofta ökar under graviditeten. Syftet med studien var att utforska inställningen till hälsosam och ohälsosam mat; samt hur denna inställning upplevdes påverka matintaget; hos nyblivna förstagångsmammor under graviditeten. Åtta intervjuer genomfördes med nyblivna förstagångsmammor. Intervjuerna genomfördes med en semistrukturerad intervjuguide och spelades in med hjälp av en inspelningsapp. Data som samlades in transkriberades och analyserades sedan med kvalitativ innehållsanalys. Deltagarna berättade att de ändrade inställningen till sina matvanor då de blev gravida. Det blev allt viktigare att äta en varierad kost innehållande mycket grönsaker och frukt (hälsosam mat); och intaget av snabbmat och produkter innehållande mycket socker minskade (ohälsosam mat). Denna inställning följdes inte under hela graviditeten; och intaget av snabbmat och sockerrika livsmedel ökade under den senare delen. Kostråden från vårdpersonal upplevdes som bristfälliga på grund av att de gavs för få råd; och att mycket information själv fick hämtas från framförallt Livsmedelsverket. Deltagarna följde inte sin initiala inställning till upplevd hälsosam och ohälsosam mat under hela graviditeten. Deltagarna efterfrågade även mer information om mat under graviditet från vårdpersonal. Mer stöd och information från vården kan ge den gravida kvinnan bättre förutsättningar till att hålla en hälsosam kost under hela graviditeten.,,Dietist; matvanor under graviditet,,https://www.diva-portal.org/smash/get/diva2:1160264/FULLTEXT01.pdf,
2014,Bachelor's Thesis,Treåringars matvanor; fysiska aktivitet; samt Body Mass Index i Västerbotten: I relation till amningsduration och familjekonstellation,Agricultural and Veterinary Sciences,"Forskning har visat att hur länge barn ammats; har betydelse för deras hälsa senare i livet. Även barnens sociala miljö har visat sig ha effekt på hälsan och barnens matvanor. Salut är en satsning av Västerbottens läns landsting med målet att förbättra länsbornas hälsa fram till 2030. Syftet med studien var att undersöka treåringars matvanor; Body Mass Index (BMI) och fysiska aktivitet i relation till amningsduration och familjekonstellation.
Studien genomfördes genom ett samarbete med Salut som utformade och delade ut en enkät via barnavårdscentraler till samtliga föräldrar vid treårskontrollen. Enkäten innehöll frågor om barnens fysiska och psykiska hälsa; samt livsstil och levnadsvanor och totalt beabetades 210 av enkäterna i denna studie; där 16 frågor valdes ut. Dessa analyserades sedan statistiskt i IBM SPSS 21.0 Statistics. Signifikansnivån sattes till p<0;05. De flesta av barnen åt enligt rekommendationerna för livsmedelsintag; med undantag för rekommendationerna om fisk samt sötsaker. De flesta barnen nådde även upp till rekommendationerna om fysisk aktivitet. De flesta mödrar ammade inte sina barn efter rekommendationerna. Det utlästes en signifikant skillnad mellan hur länge barnen ammats totalt och hur ofta de åt sötsaker som visade att barn som ammats under sex månader hade ett högre intag än de som ammats längre. (p=0;033) Barnen åt enligt rekommendationerna för de flesta livsmedel; utom fisk; som barnen åt mer sällan än vad som rekommenderas; samt sötsaker; som intogs oftare. Den information som framkommit i denna studie kan förtydliga vikten av att börja ett hälsofrämjande arbete i tidig ålder för att grundlägga goda vanor som sedan följer med barnen genom livet.",,de flesta livsmedel; utom fisk; som barnen åt mer sällan än vad som rekommenderas; samt sötsaker; som intogs oftare,,https://www.diva-portal.org/smash/get/diva2:711621/FULLTEXT01.pdf,
2015,Bachelor's Thesis,Granvirkes permeabilitet beroende av dess fysikaliska utformning och applicerat färgsystem,Agricultural and Veterinary Sciences,Densitetsmätningar och permeabilitetstest enligt EN 927-5 har utförts för att studera huruvida granvirkes fysikaliska egenskaper i kombination med applicerat färgsystem påverkar permeabiliteten. De egenskaper som studerats är frod- och senvuxenhet; splint- och kärnved samt densitet. Aktuella färgsystem som studerats är alkyd; akrylat och linolja; vilka jämförts med omålad referens. Studien påvisar inget samband mellan virkets densitet och permeabilitet; bestruket eller ej. Det som istället tycks påverka vattenabsorptionen är närvaro av splint-/kärnved samt frod-/senvuxenhet. Senvuxen kärnved var den bestrukna vedtyp som absorberade mest vatten gällande samtliga färgsystem. Vedtyp som hade lägst vattenabsorption varierade dock. Linolja var generellt det färgsystem som gav lägst permeabilitet; främst på frodvuxen kärnved. Denna kombination hade lägst absorption genom hela försöket.,,Gran; Picea abies; alkyd; akrylat; linolja; absorption; densitet; EN 927-5; frodvuxen; senvuxen; kärnved; splintved; vårved; sommarved,,https://www.diva-portal.org/smash/get/diva2:823891/FULLTEXT01.pdf,
2012,Bachelor's Thesis,Nutidens ventilationssystem i lantbrukets lösdriftstallar: En undersökning av sex stycken ventilationssystem,Agricultural and Veterinary Sciences,Den traditionella båsladugården har idag utvecklats till lösdriftstallar där korna har fri tillgång till foder och liggplatser. Korna mjölkas i antingen mjölkgrop; karusell eller av en robot. För att uppnå bra termisk komfort i lösdriftsstallen så använder man sig av naturlig eller mekanisk ventilation. I detta arbete så undersöks några olika ventilationssystem som använder sig av naturlig ventilation på fem utvalda kostall för att se hur de fungerar i praktiken. Detta görs med fukt- och temperaturmätare och med rökpatroner för att se hur luften rör sig i stallet. Resultatet analyseras för att se om det är något ventilationssystem som sticker ut jämför med de andra. Beskrivning kring hur man skulle kunna gå tillväga vid en vidare utveckling av detta arbete diskuteras.  ,,lösdriftstall; naturlig ventilation; kostall; ventilationssystem,,https://www.diva-portal.org/smash/get/diva2:537499/FULLTEXT01.pdf,
2014,Bachelor's Thesis,Jag är väl ingen sexuell? - En textanalys om barns sexualitet inom förskolans arena,Social Sciences,Denna uppsats behandlar barns sexualitet inom förskolans arena. Syftet är att problematisera förskolebarns sexualitet och analysera förskollärares förutsättningar att arbeta med detta utifrån valda dokument samt hur detta kan påverka barns utveckling. Metoden som används för att besvara forskningsfrågorna är en kvalitativ innehållsanalys. Därtill används både förskolans och grundskolans läroplan för att urskilja hur ämnet sex- och samlevnad behandlas inom utbildningsväsendet. Även Malmö högskolas utbildningsplan tillämpas för att synliggöra förskollärares utbildning angående barns sexualitet och ett dokument som beskriver kommitténs uppdrag samt förslag till ett måldokument gällande de pedagogiska verksamheterna. De teoretiska utgångspunkterna handlar om sexualitet utifrån Foucault tankar; därtill används Donzelots tankar om norm och moral och tillsist behandlas begreppet normalisering. Resultatet visar på att trots att förskolans verksamhet ska utgå från forskning och beprövad erfarenhet så erbjuds inte förskollärare utbildning inom ämnet sex- och samlevnad. Jag för en diskussion kring de eventuella orsaker som ligger till grund för osynliggörandet av ämnet inom förskolans arena. Ämnet sex- och samlevnad tolkas även in i förskolan utan att för den delen förändra förskolans läroplan samt hur det kan gagna barns utveckling. Denna förmån handlar om att främja barns sexuella hälsa för att erbjuda barn en positiv självuppfattning; kunskap om den egna integriteten och sociala koder samt förståelse för sina egna sexuella känslor. Pedagoger får möjlighet att förhindra en begränsande könstillhörighet samt skapa en tolerant miljö inom förskolan. Då pedagoger inom förskola arbetar med ämnet sex-och samlevnad skulle det förekomma en mindre risk att barnen själva får hantera sina sexuella känslor.,,Barns sexualitet; Förskola; Textanalys,,https://www.diva-portal.org/smash/get/diva2:1496141/FULLTEXT01.pdf,
2017,Bachelor's Thesis,Pojkar som skriver: En kvalitativ studie om vad som utmärker mer avancerade skrivare,Social Sciences,Syftet med denna studie är att öka kunskapen om vad som utmärker mer avancerade manliga skrivare på mellanstadiet. Genom en enkätundersökning av pojkars attityder till skrivande samt observationer av pojkars skrivpraktiker före och under ett längre skrivprojekt studerades aspekter som utmärker dessa skrivare gentemot övriga elever. Studien fann att de mer avancerade manliga skrivarna kommer från högutbildade familjer samt att de avancerade skrivarnas positiva attityder till skrivandet var väl förankrade i hemmet. Studien fann också att dessa pojkar i högre uträckning anstränger sig för sin egen; lärarens och sina vårdnadshavares skull än deras klasskamrater. Slutsatsen är att vårdnadshavares värderingar samt att läraren har höga förväntningar på pojkarna avspeglar sig i en vilja att anstränga sig för att lära – vilket i studien visade sig vara nyckeln till att bli en mer avancerad skrivare,,Mellanstadiet; attityder; skrivpraktiker; avancerade skrivare,,https://www.diva-portal.org/smash/get/diva2:1114163/FULLTEXT01.pdf,
2011,Bachelor's Thesis,”Och så händer det något som förändrar ens liv”: En antologi om omställningar i livet,Social Sciences,"Ur ett symbolisk interaktionistiskt perspektiv är människan en social varelse som lever i ett samhälle som är under ständigt skapande. I det samhälle där individen genom interaktion både formas och skapas är samhälle och individ tätt förenade vilket är den utgångspunkt vi genomgående valt att förhålla oss till i denna antologi. Antologin belyser omställningar i livet genom fyra olika bidrag. Agnesa Abrashis bidrag heter ”Ett nytt skede i livet – en studie om identitet och moderskap” och behandlar hur mammor ser på sitt identitetsskapande. Annika Sternlund tar upp adopterades syn på sitt identitetsskapande och sina livsvillkor i bidraget ”Rötterna är där hjärtat rotar sig”. Amanda Sundberg belyser i sitt bidrag ”Som barn var man ju förväntansfull – en studie om individer som immigrerat vid unga år” fem immigranters brott i livet i och med flytten till ett nytt land. Helenas Valentinsons bidrag ""Man känner ju i benen och det att man inte är 17 år längre"" handlar om de förändringar som sker när en individ blir pensionär. Gemensamt för antologin är även att vi relaterar identitetsskapandet i förhållande till tillhörighet och utanförskap. Slutsatsen för denna studie är att individens livsvillkor påverkas av faser i livet vilket inverkar på identitetsskapandet. På så sätt ses identiteten som något föränderligt.",,Identitet; utanförskap; tillhörighet; omställning; förändring; moderskap; adopterade; pensionär; emigrant; immigrant,,https://www.diva-portal.org/smash/get/diva2:556050/FULLTEXT01.pdf,
2012,Bachelor's Thesis,Kvotflyktingar i Sverige: En kvalitativ studie om arbete och samverkan inom flyktingmottagande,Social Sciences,Studien belyser uttagningsprocessen och mottagandet av kvotflyktingar ur de arbetandes perspektiv samt studerar samverkan mellan olika aktörer som arbetar med frågan. Studien är uppdelad i fyra delar där första delen tar upp processen och samverkan mellan aktörer. Andra delen belyser problematik och konsekvenser kring samverkan samt olika aktörers synsätt. Granskning av likheter och skillnader mellan kvotflyktingar och andra flyktinggrupper belyses i tredje delen och sista delen tar upp hur lagstiftning och kriterier inverkar i processen.,,Kvotflykting; förkunskaper; flyktingmottagande; etablering; integration; Maslows behovshierarki; KASAM.,,https://liu.diva-portal.org/smash/get/diva2:556051/FULLTEXT01.pdf,
2007,Bachelor's Thesis,En ny arbetsmarknadspolitik,Social Sciences,Då Moderaterna; tillsammans med de övriga Allianspartierna; vann riksdagsvalet 2006 blev det också klart att en ny arbetsmarknadspolitik skulle komma att drivas i Sverige. Ändringar i bland annat arbetslöshetsförsäkringen har genomförts för att öka incitamenten för arbetssökande att acceptera ett jobberbjudande. Arbetslöshetsersättningen ska inte längre vara ett sätt att försörja sig på utan det ska löna sig att arbeta. Men vad betyder ändringarna i arbetslöshetsförsäkringen för de individer som drabbas av dem? Och hur konstrueras bilden av dessa individer i det empiriska materialet? Syftet med studien är således att undersöka hur Moderaterna konstruerar bilder av grupper som befinner sig utanför arbetsmarknaden; till exempel arbetslösa och förtidspensionärer. Syftet är också att analysera vilka lösningar Moderaterna presenterar på denna problematik samt vilka konsekvenser dessa åtgärder får för individer som står utanför arbetsmarknaden.,,Arbetsmarknadspolitik; arbetslöshetskassa; arbetslöshetsförsäkring; arbetslösa; förtidspensionärer; Moderaterna; diskursteori; humankapital; sökteori; jämviktsarbetslöshet,,https://www.diva-portal.org/smash/get/diva2:23926/FULLTEXT01.pdf,
2013,Bachelor's Thesis,Kommunikationspolicyn: En studie av svenska offentliga organisationers kommunikationspolicys med utgångspunkt i samtida forskningsperspektiv,Social Sciences,I akademisk litteratur om public relations och strategisk kommunikation talas det om ett paradigmskifte. Istället för att se kommunikation som information som skickas från en aktiv sändare till en passiv mottagare; börjar man se kommunikation som något som skapas i en dialog mellan två aktiva aktörer. Man rör sig från en strategisk syn på publiken som en påverkbar målgrupp till en dialogisk syn på publiken som aktiva deltagare. Har detta paradigmskifte även ägt rum i praktiken? Hur ser man på kommunikation inom svenska offentliga organisationer idag? Finns det några likheter och skillnader i synsätt; och vad kan dessa tänkas bero på? Materialet utgörs av elva svenska offentliga organisationers kommunikationspolicys. Teorin utgörs av två svenska forskningsantologier om public relations respektive strategisk kommunikation; samt ett urval kritiskt problematiserande artiklar i ämnet. Efter en genomgång av den teoretiska litteraturen har de samtida forskningsperspektiven sammanfattats. Utifrån dessa har en idéanalysmall; en typologi; konstruerats med utgångspunkt i två idealtyper. Det förekom tydliga samband mellan de olika synsätten och hart när alla organisationer gick att placera i endera av de två idealtyperna. Samtliga forskningsperspektiv utom ett gick att hitta i materialet. Skillnaderna i synsätt gick att koppla till de olika organisationernas uppdrag och utformning. Organisationer med nya synsätt är överlag sådana som har tydliga behov av att effektivt kommunicera med omvärlden; medan de övriga organisationerna huvudsakligen har en informationsspridande funktion.,,Strategisk kommunikation; public relations; organisationskommunikation; publiker; målgrupp; dialog; kommunikationspolicy; offentlig sektor; myndighet; offentlighet,,https://www.diva-portal.org/smash/get/diva2:589133/FULLTEXT01.pdf,
2013,Bachelor's Thesis,Att arbeta integrerat med asylbarn i allmän förskola: En kvalitativ studie baserad på lärarintervjuer,Agricultural and Veterinary Sciences,Syftet med föreliggande studie var att vinna kunskap om och ge en bild av hur sex pedagoger inom förskolan upplever att det är att arbeta integrerat med asylbarn i den allmänna förskolan och att ge en bild av vad pedagogerna berättar om hur detta arbete organiseras.  För att få svar på studiens frågor har en kvalitativ forskningsintervju använts. Två forskningsfrågor skapades från vilka intervjufrågorna huvudsakligen formades. Forskningsfrågorna var: Vilka förutsättningar för arbetet med asylbarn ger pedagogerna uttryck för och på vilket sätt organiseras den allmänna förskolan för asylbarn. Som analysredskap i studien har den sociokulturella och den interkulturella teorin använts. Studiens resultat visar att integreringen av asylbarn i den allmänna förskolan innebär att pedagogerna har att förhålla sig till att arbeta med asylbarn och deras föräldrar utan att dela språk eller känna till mycket om deras bakgrund. De måste också arbeta i en barngrupp som kan vara extra rörlig och instabil till storlek och dagsform. Resultatet visar också att den goda intention som det är att asylbarnen ska få komma varje dag till den allmänna förskolan gör att tiden på förskolan blir för kort för att pedagogerna ska kunna arbeta mer planerat med asylbarnens språk och egna kultur.,,Integrering; asylbarn; förskola,,,
2015,Bachelor's Thesis,"""Men det här är ju kvinnogöra"": En studie om hur lärare ser på och praktiserar jämställdhet och genus i HKK",Agricultural and Veterinary Sciences,Kvinnor och män har historiskt sett ansetts ha olika fysiska och psykiska förutsättningar och den norm i samhället som vi levt efter har varit mannens. Kvinnans plats var i hemmet som maka; mor och husfru. I och med samhällets utveckling förändrades den könsspecifika arbetsfördelningen och kvinnan började förvärvsarbeta. Hem – och konsumentkunskap har gått från flickämne i skolan till obligatoriskt för alla där skolan ska främja jämställdhet och jämlikhet mellan könen. Denna rapports syfte är att undersöka hur yrkesverksamma lärare inom hem – och konsumentkunskap ser på jämställdhet och genus inom sitt ämne; vad som kan påverka hur de arbetar med jämställdhet mellan könen i sin undervisning samt hur de praktiskt genomför detta. Sju behöriga lärare från norra Sverige deltog i enskilda intervjuer. De hade olika åldrar och längd på yrkesverksamhet. Intervjuerna spelades in; transkriberades och analyserades med kvalitativ innehållsanalys. Respondenterna beskrev en pågående förändring av stereotypa könsmönster både i skolan och i hemmet men att traditionella könsroller fortfarande reproduceras. Hkk beskrevs som ett skolämne där lärandet till stor del sker i praktiskt arbete där roller synliggörs som kan ge förutsättningar till diskussion och reflektion om jämställdhet. Respondenterna var dock eniga om att jämställdhetsarbete i skolan ställer krav på lärarrollen och sig själv som verktyg; exempelvis vid bedömning av flickor och pojkar. Slutsatsen av denna studie är att lärare i hkk anser att stereotypa könsmönster har förändrats men fortfarande reproduceras traditionella könsroller i skolan. Yngre generationer frångår alltmer de traditionella könsrollerna då jämställdhet blir en allt mer naturlig del i samhället; dock kvarstår det arbete i jämställdhetsfrågan då det fortfarande finns skillnader mellan könen i betyg.,,Jämställdhet; genus; hem - och konsumentkunskap; gruppindelningar; betyg och bedömning,,,
2013,Bachelor's Thesis,Hur blev det med hälsan?: En kvalitativ studie om elevers syn på hälsa i ämnet Idrott och hälsa i årskurs nio.,Agricultural and Veterinary Sciences,Syftet med denna studie är att undersöka vilken uppfattning elever i årskurs nio har om hälsa. Ämnet Idrott och hälsa bedrivs på olika sätt och syftet med studien är även att få en klarare bild över hur eleverna upplever att de arbetar med hälsa i undervisningen. Genom intervjuer vill vi höra elevernas tankar och erfarenheter om hälsa och vad de skulle vilja lära sig mer om. Vi vill även veta vad de tycker är viktigt för att kunna påverka sin framtida hälsa.,,Hälsa; Idrott och hälsa; Hälsoundervisning; Hälsokorset,,https://www.diva-portal.org/smash/get/diva2:651227/FULLTEXT01.pdf,
2010,Bachelor's Thesis,Handledningsprocesser i Medarbetarsamtalet,Agricultural and Veterinary Sciences,I detta arbete har jag tittat på handledning på arbetsplatser. Handledning är idag ett svårdefinierbart begrepp som används allt mer på arbetsplatser. Syftet med detta arbete är att studera handledning och olika handledningsprocesser och se hur man skulle kunna använda sig av dem på arbetsplatser och i medarbetarsamtalet. Jag kommer att avgränsa mig genom att titta på momentet som rör medarbetarens utveckling i medarbetarsamtalet. I min teoretiska utgångspunkt har jag utgått ifrån att det kan förekomma handledning i medarbetarsamtalet; men att man inte kan se hela samtalet som handledning. För att undersöka detta har jag intervjuat 8 personer; fördelat på 2 arbetsplatser; om medarbetarsamtalet. Hälften har varit chefer och hälften medarbetare. I intervjuerna har det framkommit att man definitivt kan se handledande förhållningssätt i medarbetarsamtalet på båda företagen och att man också kan använda sig av de metoder och tankesätt som finns inom handledning för att utveckla medarbetarsamtalet ytterligare. Om man säger att själva medarbetarsamtalet i sig inte är handledning fullt ut; men att man kan se handledning förekomma på arbetsplatser; så skulle man kunna säga att medarbetarsamtalet är själva startskottet för den handledning som sedan sker under det dagliga arbetet. En utgångspunkt för medarbetare och chefer där man på medarbetarsamtalet har stämt av varandras förväntningar och samtyckt om var det behövs utveckling samt hur arbetet fungerar i stort på arbetsplatsen. Utefter detta kan man sedan arbeta med dessa saker i det dagliga arbetet under tiden till nästa medarbetarsamtal.,,Handledning; Handledningsprocesser; Kompetensutveckling; Medarbetarsamtal,,https://www.diva-portal.org/smash/get/diva2:1498155/FULLTEXT01.pdf,
2010,Bachelor's Thesis,Drömmen om ett arbete: En undersökning om anställningsbarhet i förhållande till personlighet och sökbeteende,Social Sciences,Denna studie syftar på att ta reda på hur anställningsbarheten ser ut i förhållande till personlighet och sökbeteende. Studien vänder sig till tidigare studenter på det Arbetsvetenskapliga programmet på Högskolan i Halmstad. Finns det någon personlighetsprofil som är mer gynnsam i arbetssökningsprocessen? Hur ser kraven ut för tjänster inom yrkesområdet samt finns det något samband mellan personlighet; anställningsbarhet och beteende i sökprocessen.Genom att granska platsannonser sammanställdes vilka krav som krävs för tjänster inom yrkesområdet. En enkätundersökning skickades till personer som gått utbildningen. Även intervjuer gjordes med respondenter för att få ett djup i studien. Resultatet visar bland annat att det är egenskaper inom området samvetsgrannhet och extroversion som mest efterfrågas i platsannonser inom yrkesområdet. Över hälften av respondenterna som idag har arbete inom yrkesområdet har fått arbete genom sitt sociala kontaktnät. I intervjuerna framkom att respondenterna upplevt att personlighet är en viktig faktor som arbetsgivare tittar på vid rekrytering. Studien visar även att de som är arbetslösa är mer proaktiva än övriga. Dessutom finns ett tydligt samband mellan kön; familjesituation och geografisk rörlighet. Att vara en strategiker samt utarbeta ett stort och brett socialt nätverk har i denna studie visat sig viktigt på vägen mot drömmen om ett arbete; medan däremot skillnader inom gruppen verkar sakna betydelse.,,Anställningsbarhet; Big Five; proaktivt beteende; självförtroende; anpassningsbar,,https://www.diva-portal.org/smash/get/diva2:327630/FULLTEXT01.pdf,
2015,Bachelor's Thesis,Att vara syskon eller partner till en person med ätstörningsproblematik,Social Sciences,Syftet med denna uppsats har varit att belysa behandlares uppfattningar om syskon och partners upplevelser av att ha en nära person med en ätstörning; samt betydelsen av att involvera dem i den drabbades behandling. Studien genomfördes med en kvalitativ metod där semistrukturerade intervjuer utfördes med 6 behandlare på olika ätstörningsverksamheter i Sverige. Resultat och slutsats visade att syskon och partners; samt andra närstående; är betydelsefulla för patientens tillfriskande. Det är viktigt att syskon och partners involveras i behandling; och att de får information om sjukdom och behandling. Syskon ska inte anta en ansvarsroll; medan partner behöver ta ett visst ansvar i vardagen. Ätstörningar har en tydlig påverkan på partners och syskon; samt på närstående i allmänhet. Närstående bör få goda verktyg till hur de kan vara ett stöd på bästa sätt till den drabbade. Behandlaren ska bemöta närstående med förståelse; respekt och ingen skuldbeläggning. Det är väsentligt för patientens motivation och tillfrisknande att det finns en god och nära relation till de närstående som är involverade i behandlingen. Det finns en brist på forskning inom detta område. Vidare forskning krävs för att stärka studiens resultat och slutsats.,,"Familj; ätstörningar; syskon; återhämtning;
behandling; relationer; äktenskap; erfarenhet;
par; anorexi; bulimi; stöd",,https://www.diva-portal.org/smash/get/diva2:800374/FULLTEXT01.pdf,
2012,Bachelor's Thesis,Kalmar - ett platsvarumärke i skuggan av Öland och Glasriket: En studie om destinationsutveckling,Social Sciences,Turismen i Kalmar har ökat de senaste åren; men hamnar till synes i skymundan av Öland och Glasriket. Hur får man besökare att få upp ögonen för Kalmar som primära resmålet och hur får man dem att stanna? Vi har i denna uppsats intresserat oss för att ta reda på hur ett starkt platsvarumärke skapas och vad som således krävs för att bli en framgångsrik destination; samt hur man kan använda sig av platsmarknadsföring för att nå ut med platsvarumärket till potentiella målgrupper.,,Platsmarknadsföring; platsvarumärke; place branding; destinationsutveckling; Kalmar,,https://www.diva-portal.org/smash/get/diva2:541897/FULLTEXT01.pdf,
2007,Bachelor's Thesis,Användandet av miljöledningssystem och gröna nyckeltal: – en studie av drivkrafter hos mindre företag,Social Sciences,Under de senaste åren har miljömedvetenheten i samhället blivit alltmer påtaglig och i synnerhet är det debatten om växthuseffekten som fått mycket stort utrymme i media. Detta har medfört att företagens intressenter börjat ställa allt högre krav på att även företagen ska ta sitt miljöansvar. Ett vanligt sätt att få struktur på miljöarbetet är att implementera ett miljöledningssystem i verksamheten. Företagen väljer ofta att certifiera sig i och med införandet av ett miljöledningssystem; vilket även fler och fler av företagens kunder kräver. Idag är det fortfarande i första hand stora företag som miljöredovisar och använder sig av gröna nyckeltal för att visa sin miljöpåverkan för dess intressenter. I mindre företag är inte denna företeelse särskilt vanlig. Med detta som utgångspunkt blev vår problemformulering: Vad driver mindre företag att använda miljöledningssystem och gröna nyckeltal och hur bedriver de sitt miljöarbete?Vårt syfte med denna uppsats är att kunna ge vägledning om vilka gröna nyckeltal som kan vara relevanta och som mindre företag kan använda sig av i sin redovisning. Vi vill se om det går att identifiera drivkrafterna bakom miljöredovisning och hur intressenterna påverkar denna. Vi försöker fånga upp trender inom området och använder företagskoncerner som jämförelsegrund för att visa alternativ och ge exempel på miljöarbete. Teorin inleds med en redogörelse för olika drivkrafter som kan finnas bakom miljöredovisning samt en djupare diskussion om gröna nyckeltal. Vidare beskrivs intressentmodellen och legitimitetsteorin samt vad olika intressenter använder miljöredovisning till. Vi valde att kombinera en kvantitativ och kvalitativ metod för insamlandet av det empiriska materialet till vår studie. Vi börjar med den kvantitativa metoden för att få en överblick samt för att få respondenter till den kvalitativa delen av vår studie. I vår analys av det empiriska materialet har vi utgått ifrån vår teoretiska referensram där vi dragit slutsatserna att yttre faktorer och intressenter var viktiga vid initieringen av miljöarbetet och införandet av ett miljöledningssystem hos företagen; men att det senare var de interna fördelarna som värderades högst. Vad det visar är att mindre företag upplever en press utifrån att miljöcertifiera sig men att det i praktiken verkar vara av mindre betydelse vid upphandlingar. Det framstår helt klart att implementeringen av ett miljöledningssystem i företaget gör att miljöarbetet blir mer konkret och strukturerat. Vad avser användandet av gröna nyckeltal är det energiförbrukning i olika former som är den dominerande indikatorn; däremot verkar det finnas problem att relatera denna på ett enkelt och rättvisande sätt.,,miljöledningssystem; miljöredovisning; hållbar redovisning; gröna nyckeltal; ISO; miljöcertifiering,,https://www.diva-portal.org/smash/get/diva2:140488/FULLTEXT01.pdf,
2016,Bachelor's Thesis,Principalansvaret för vårdnadshavare: Föräldrars skadeståndsansvar för skada vållad av barn,Social Sciences,Personer under 15 år kan inte straffrättsligt bli ansvariga för brott de begått i enlighet med 1 kap 6§ BrB. Däremot kan en civilrättslig process gällande skadeståndsrättsligt anspråk bli aktuell i princip oberoende av skadevållarens ålder. Huvudregeln är alltså att barn kan bli skadeståndsskyldiga på samma sätt som en vuxen om de anses ha vållat skada. De större utmärkande skillnaderna mellan att hålla ett barn jämfört med en vuxen skadeståndsskyldig är att det görs en så kallad skälighetsbedömning när det gäller barn och även vid bedömning av barns culpa tar man mindre hänsyn till de subjektiva kriterierna. I denna uppsats utreds vårdnadshavarens ansvar enligt 3 kap. 5§ skadeståndslagen som infördes år 2010. Denna reglering innebär att föräldrar kan blir skadeståndsansvariga för skador som deras barn orsakar genom brott samt genom tillsynsansvaret som regleras i 6 kap. 2§ föräldrabalken. Denna paragraf reglerar att vårdnadshavaren skall ge barnet den tillsyn och uppsikt det behöver medhänsyn till ålder; utveckling och övriga omständigheter för att hindra skadevållande handlingar. Skillnaden mellan dessa respektive lagregler gällande att vårdnadshavaren skall anses vara skadeståndsansvarig är att den förra förutsätter att barnet begått ett brott och förutsätter heller ej culpa medan den senare inte gör det.,,rättsvetenskap; principalansvar; föräldrar; skadestånd; juridik,,https://www.diva-portal.org/smash/get/diva2:1034725/FULLTEXT04.pdf,
2015,Bachelor's Thesis,Fytoremediering med perenn solros i åkerjord,Natural Sciences,Inledning: Jordar förorenade med höga halter giftiga metaller till följd av antropogen verksamhet förekommer på flera platser på jorden och kan utgöra hälsorisk för både människor; djur och miljö. Därför finns orsak att se på miljövänliga metoder för sanering av förorenad mark. Då konventionella saneringsmetoder där jorden förflyttas från platsen ofta är mycket kostsamma och riskerar störa ekosystemen i hög grad är fytoremediering en metod med stor potential; vilken går ut på att rena mark eller vatten med växter. Studier har bland annat gjorts där annuell solros visat sig användbar för rening mark. Däremot verkar inga studier finns för perenn solros förmåga att ackumulera metaller från mark. Syfte: Syftet med studien är att undersöka perenn solros H. maximilianis upptag av metaller från jord hämtad från en åker i Mellansverige; samt att kvantifiera och kemiskt karakterisera metallerna i jorden. Frågeställningen studien ämnar besvara är om solrosen H. maximiliani lämpar sig för fytoremediering av metallförorenad mark. Metod: Perenn solros av sorten Helianthus maximiliani såddes i jord hämtad från en åker i Mellansverige och placerades i ett klimatreglerat växthus på Örebro universitet. Frön såddes samtidigt i såjord och vermiculit för senare omplantering till krukor med åkerjorden. Åkerjorden analyserades innan sådd på syralakbar halt metaller samt på växttillgänglig; reducerbar och oxiderbar halt. Plantorna skördades vid två tillfällen varpå metallinnehållet mättes för olika växtdelar. Jorden analyserades efter skörd. Metallanalysen gjordes i IPC-MS Agilent 7500 cx. Resultaten analyserades utifrån en signifikansnivå på 5 % och plantans ackumuleringseffektivitet beräknades och bedömdes utifrån BCF (bioconcentration factors). Resultat och slutsats: H. maximilianis tillväxt i åkerjorden var låg. Möjligtvis på grund av låg syrehalt och/eller lågt pH i jorden. H. maximiliani tog effektivt upp metaller som V; Cr; Co; Ni; Cu; Zn; Sr; Mo; Cd; Ba och Tl från den växttillgängliga fraktionen i marken till blad och stjälk. För att i realiteten kunna använda den perenna solrosen H maximiliani som fytoremedieringsgröda krävs högre tillväxt än vad som åstadkommits i studien. Åkerjorden från Kvinnersta innehöll halter av Cd; Cu; Zn och Ni högre än riktvärdena för acceptabel nivå innan slamgödsling bör ske; samt halter som översteg eller gränsade till riktvärdena för högsta acceptabla nivå för känslig markanvändning för metallerna As; Ba; Cd; Cu; och Zn. Halten uran var mellan cirka 5 och 50 gånger högre än den genomsnittliga uranhalten för jordar i Europa. De metaller av dem som förekom i hög halt i jorden (jämfört med Naturvårdsverkets gränsvärden för känslig markanvändning; samt gräns vid slamgödsling) som H. maximiliani inte tog upp effektivt var As; Pb och U.,,Jordar; Fytoremediering; Metallanalysen; H. maximilianis,,https://www.diva-portal.org/smash/get/diva2:862133/FULLTEXT01.pdf,
2007,Bachelor's Thesis,Videokompression och användarnytta,Natural Sciences,Digital video är ett område som expanderat kraftigt senaste åren. På grund av avancerade videokompressionsmetoder kan numera en hel långfilm rymmas på mobiltelefonen eller den handhållna videospelaren. Men hur fungerar videokompression och hur hårt kan man komprimera en viss filmsekvens med bibehållen användarnytta? I denna uppsats görs en genomgång för grunderna inom videokompression. Dess förhållande till användarnyttan undersöks genom ett experiment. I detta experiment testas tre videosekvenser komprimerade med tre olika kodekar i tre olika datahastigheter för tre olika experimentgrupper. Slutsatsen av denna studie är att det är svårt att hitta en exakt brytpunkt där användaren finner videokvaliteten oacceptabel. Dock kan det konstateras att den högsta datahastigheten(256 kbit/s) genererar hög användarnytta medan den lägsta datahastigheten genererar låg användarnytta. Mellanhastigheten 128 kbit/s får knappt godkänt av testpersonerna.,,Videokompression; Användarnytta; Datahastighet; Kodekar;,,https://www.diva-portal.org/smash/get/diva2:204960/FULLTEXT01.pdf,
2011,Bachelor's Thesis,Mer lättläst: Påbyggnad av ett automatiskt omskrivningsverktyg till lätt svenska,Natural Sciences,Det svenska språket ska finnas tillgängligt för alla som bor och verkar i Sverige. Därförär det viktigt att det finns lättlästa alternativ för dem som har svårighet att läsa svensktext. Detta arbete bygger vidare på att visa att det är möjligt att skapa ett automatisktomskrivningsprogram som gör texter mer lättlästa. Till grund för arbetet liggerCogFLUX som är ett verktyg för automatisk omskrivning till lätt svenska. CogFLUXinnehåller funktioner för att syntaktiskt skriva om texter till mer lättläst svenska.Omskrivningarna görs med hjälp av omskrivningsregler framtagna i ett tidigare projekt.I detta arbete implementeras ytterligare omskrivningsregler och även en ny modul förhantering av synonymer. Med dessa nya regler och modulen ska arbetet undersöka omdet är det är möjligt att skapa system som ger en mer lättläst text enligt etableradeläsbarhetsmått som LIX; OVIX och Nominalkvot. Omskrivningsreglerna ochsynonymhanteraren testas på tre olika texter med en total lägnd på ungefär hundra tusenord. Arbetet visar att det går att sänka både LIX-värdet och Nominalkvoten signifikantmed hjälp av omskrivningsregler och synonymhanterare. Arbetet visar även att det finnsfler saker kvar att göra för att framställa ett riktigt bra program för automatiskomskrivning till lätt svenska.,,Lättläst; Läsbarhetsmått; Synonymhantering; Språk;,,https://www.diva-portal.org/smash/get/diva2:436096/FULLTEXT01.pdf,
2016,Bachelor's Thesis,"""Jag tror inte han är där än; alltså rent språkligt"": Gymnasielärares beskrivningar av och attityder till förortssvenska och förortsslang",Humanities and the Arts,Forskning har visat på flera former av migrationsrelaterad språklig variation; däribland förortssvenska och förortsslang. Syftet med studien är att undersöka gymnasielärares beskrivningar av och attityder till förortssvenska och förortsslang . Metoden består av en enkätundersökning; där lärarna har fått lyssna på några språkprov och svarat på några frågor; varpå ett fokusgruppssamtal tagit vid. Materialet i examensarbetet utgörs av sju ifyllda enkäter och tre därpå följande fokusgruppssamtal som spelats in och sedan grovtranskriberats. Resultatet gav en splittrad bild. Lärarna värderade personer som talade förortsslang som mindre ordentliga; mindre trevliga och tuffare medan talare av förortssvenska uppfattades som trevligare; mer ordentliga och mer intelligenta. Vissa av lärarna kunde identifiera förortssvenskan och dess avvikande prosodi. Några av lärarna tolkade förortsslang som bristfälligt inlärarspråk medan andra analyserade slangspråket som en markör av grupptillhörighet. Den sociolingvistiska medvetenheten tolkas därmed som hög hos vissa lärare i studien och låg hos andra lärare.,,Förortssvenska; förortsslang; attityder; beskrivningar; sociolingvistisk medvetenhet; gymnasielärare.; ,,https://www.diva-portal.org/smash/get/diva2:934513/FULLTEXT01.pdf,
2013,Bachelor's Thesis,Eventbubblan i syd: En studie av Film i Skånes eventverksamhet,Humanities and the Arts,Den här uppsatsen är en undersökning av eventkulturen i det regionala resurscentrumet Film i Skåne. Uppsatsens teoretiska utgångspunkter är befintlig forskning om den svenska filmproduktionens regionalisering; vilken är en förutsättning för Film i Skånes hela verksamhet; samt forskning om filmfestivalernas funktion för enskilda filmer och dess ursprungsland/region. Syftet med uppsatsen är att ta reda på hur eventkulturen främjar Film i Skånes verksamhet och vad eller vilka som gynnas av verksamhetens eventkultur. Tre stycken former av event som Film i Skåne arrangerar/samarrangerar förklaras och diskuteras i en analys med syftet att ta reda på hur eventkulturen fungerar och verkar. De utvalda eventen är CineSkåne; M:Dox och Filmbar. Med hjälp av de teoretiska utgångspunkterna utreds eventens funktion i Film i Skånes verksamhet. I slutdiskussionen argumenteras det för att eventkulturen i Film i Skånes verksamhet blir ett verktyg för att stärka sin egen position i filmsverige och säkra den egna tillväxten. Det argumenteras också för att eventkulturen gynnar filmklimatet i regionen genom ett brett arrangörsnätverk som når ut i stora delar av regionen samt att de möjligheter till möten och utveckling för filmarbetare som eventkulturen också bidrar med är till stor fördel för dem.,,Film i Skåne; eventkultur; filmevent; M:Dox; CineSkåne; Filmbar; filmfestivaler; regionalisering; Skåne; ,,https://www.diva-portal.org/smash/get/diva2:601955/FULLTEXT01.pdf,
